0,0
1,-0.057243034243584
2,-0.172114476561546
3,0.074038960039616
4,-0.106473535299301
5,-0.204934746026993
6,0.04121895506978
7,-0.024421714246273
8,-0.155703350901604
9,0.106860436499119
10,0.074040271341801
11,-0.139292672276497
12,0.123271517455578
13,-0.00801014713943
14,-0.122881554067135
15,0.123272590339184
16,0
17,-0.122880451381207
18,0.139684125781059
19,0.00840247888118
20,-0.106468915939331
21,0.139685645699501
22,0.008403984829783
23,-0.204934120178223
24,0.139681562781334
25,0.008399663493037
26,-0.237754017114639
27,0.139682546257973
28,0
29,-0.237752974033356
30,0.156093463301659
31,0.008401525206864
32,-0.10646989941597
33,0.156094223260879
34,0.008403194136918
35,-0.106468260288239
36,0.188916981220245
37,0.008404282853007
38,-0.204929009079933
39,0.15609784424305
40,0.008405802771449
41,-0.106465816497803
42,0.156099408864975
43,0
44,-0.237746566534042
45,0.156100019812584
46,0
47,-0.237746089696884
48,0.156099736690521
49,0
50,-0.106464713811874
51,0.156100705265999
52,0
53,-0.106463879346848
54,0.18892103433609
55,0.074048884212971
56,-0.057233657687903
57,0.172508880496025
58,0
59,-0.172107711434364
60,0.172510609030724
61,0
62,-0.122875116765499
63,0.156100794672966
64,0.074053816497326
65,-0.057218804955483
66,0.188943028450012
67,0
68,-0.122843556106091
69,0.172540441155434
70,0
71,-0.172104194760323
72,0.172484293580055
73,0
74,-0.172155126929283
75,0.172437086701393
76,0.008315889164805
77,-0.172221675515175
78,0.172367855906487
79,-0.05741211399436
80,-0.172326311469078
81,0.073504902422428
82,0.00751289492473
83,-0.173296943306923
84,0.171136990189552
85,0.00702786212787
86,-0.173388227820396
87,0.171386644244194
88,0.007470605429262
89,-0.172754630446434
90,0.172184333205223
91,0
92,-0.172410860657692
93,0.172204479575157
94,0.008111564442515
95,-0.172391965985298
96,0.172216758131981
97,0
98,-0.172383055090904
99,0.1722521930933
100,0
101,-0.172305628657341
102,0.172310426831245
103,0
104,-0.123045437037945
105,0.172338500618935
106,-0.057406898587942
107,-0.205099016427994
108,0.172332540154457
109,-0.008181212469935
110,-0.20510396361351
111,0.15592186152935
112,-0.057410523295403
113,-0.188693225383759
114,0.155921652913094
115,-0.008181301876903
116,-0.188694596290588
117,0.15592035651207
118,0
119,-0.188695877790451
120,0.155919119715691
121,0
122,-0.188697099685669
123,0.155918017029762
124,0
125,-0.18869823217392
126,0.155916884541512
127,0
128,-0.188699170947075
129,0.172326073050499
130,-0.008187143132091
131,-0.18870022892952
132,0.172325178980827
133,-0.008187858387828
134,-0.12305986136198
135,0.155914232134819
136,-0.057419374585152
137,-0.188701659440994
138,0.155913487076759
139,-0.008189229294658
140,-0.188702210783958
141,0.155912950634956
142,-0.008189720101655
143,-0.188702613115311
144,0.155912593007088
145,-0.008190182968974
146,-0.123062215745449
147,0.155911982059479
148,-0.024600960314274
149,-0.237934470176697
150,0.155911520123482
151,-0.008191226050258
152,-0.123063199222088
153,0.155910968780518
154,-0.057422623038292
155,-0.237935543060303
156,0.139500245451927
157,-0.057422980666161
158,-0.254346191883087
159,0.139499798417091
160,-0.073833741247654
161,-0.254346758127212
162,0.155909493565559
163,-0.057423934340477
164,-0.205116361379623
165,0.155909076333046
166,-0.00819365400821
167,-0.254347711801529
168,0.123088039457798
169,-0.041014689952135
170,-0.254348188638687
171,0.123087577521801
172,-0.041015177965164
173,-0.254348784685135
174,0.139497205615044
175,-0.041015774011612
176,-0.254349410533905
177,0.139496490359306
178,-0.041016537696123
179,-0.188709199428558
180,0.139495775103569
181,-0.041017401963472
182,-0.205120295286179
183,0.139494821429253
184,-0.041018605232239
185,-0.205121427774429
186,0.139493033289909
187,-0.123071812093258
188,-0.254354208707809
189,-0.008201329037547
190,-0.057434484362602
191,-0.155898898839951
192,0.139485195279121
193,-0.123079039156437
194,-0.2379509806633
195,0.155894920229912
196,-0.057438597083092
197,-0.188720792531967
198,0.172304317355156
199,-0.024618916213513
200,-0.172311350703239
201,0.172304138541222
202,-0.041029263287783
203,-0.172311350703239
204,0.172304168343544
205,-0.106670290231705
206,-0.23795273900032
207,0.0738420560956
208,-0.057440057396889
209,-0.2379529774189
210,0.073841817677021
211,-0.057440355420113
212,-0.172312244772911
213,0.172303035855293
214,-0.106671422719955
215,-0.205133050680161
216,0.073841191828251
217,-0.057440981268883
218,-0.172312870621681
219,0.123071633279324
220,-0.155902847647667
221,-0.23795422911644
222,0
223,-0.106672294437885
224,-0.237954467535019
225,0
226,-0.123082689940929
227,-0.237954556941986
228,0.073840267956257
229,-0.090262360870838
230,-0.237954705953598
231,0.008198855444789
232,-0.073852472007275
233,-0.237955093383789
234,0.041018724441528
235,-0.073853112757206
236,-0.221545457839966
237,0.073838837444782
238,-0.057443246245384
239,-0.205135568976402
240,0.172300115227699
241,-0.073853708803654
242,-0.106674253940582
243,0.090249069035053
244,-0.073853500187397
245,-0.188725292682648
246,0.13948093354702
247,-0.155903682112694
248,-0.221544712781906
249,0.123071812093258
250,-0.123082034289837
251,-0.221543580293655
252,0
253,-0.090261526405811
254,-0.254364103078842
255,0.057430729269981
256,-0.123082093894482
257,-0.205133378505707
258,-0.008210359141231
259,-0.123082123696804
260,-0.205133438110352
261,-0.008210388943553
262,-0.123082183301449
263,-0.205133467912674
264,-0.00821047835052
265,-0.123082242906094
266,-0.205133527517319
267,0.057430531829596
268,-0.057441260665655
269,-0.188723340630531
270,0.15589202940464
271,-0.123082332313061
272,-0.254364401102066
273,-0.00821059755981
274,-0.123082406818867
275,-0.254364460706711
276,-0.008210657164454
277,-0.12308245152235
278,-0.221543997526169
279,0.090250857174397
280,-0.12308245152235
281,-0.254364520311356
282,0.172302111983299
283,-0.123082511126995
284,-0.20513379573822
285,0.172302022576332
286,-0.12308257073164
287,-0.254364639520645
288,0.057430163025856
289,-0.123082675039768
290,-0.254364728927612
291,0.123071156442165
292,-0.057441666722298
293,-0.254364758729935
294,0.123071126639843
295,-0.05744169652462
296,-0.155903249979019
297,0.123071096837521
298,-0.057441726326943
299,-0.22154426574707
300,0.123071067035198
301,-0.057441756129265
302,-0.237954556941986
303,0.123071052134037
304,-0.057441785931587
305,-0.18872381746769
306,0.155891582369804
307,0
308,-0.123082809150219
309,0.155891537666321
310,-0.057441797107458
311,-0.188723832368851
312,0.155891552567482
313,0
314,-0.123082809150219
315,0.15589152276516
316,-0.008211044594646
317,-0.237954676151276
318,0.15589152276516
319,-0.008211058564484
320,-0.237954676151276
321,0.155891463160515
322,0
323,-0.073852099478245
324,0.172301724553108
325,-0.057441856712103
326,-0.188723906874657
327,0.172301724553108
328,0
329,-0.172313645482063
330,0.172301754355431
331,0
332,-0.106672622263432
333,0.17230187356472
334,0
335,-0.123082779347897
336,0.172301843762398
337,-0.008210955187678
338,-0.073851980268955
339,0.172301843762398
340,-0.123082794249058
341,-0.18872381746769
342,0.172301843762398
343,-0.155903294682503
344,-0.270775079727173
345,0.123071022331715
346,-0.139493063092232
347,-0.303595632314682
348,0.123071007430553
349,-0.172313585877419
350,-0.221544355154037
351,0.073840327560902
352,-0.172313526272774
353,-0.303595572710037
354,0.123071096837521
355,-0.172313526272774
356,-0.188723772764206
357,0.188712149858475
358,-0.172313496470451
359,-0.27077504992485
360,0.073840372264385
361,-0.139492958784103
362,-0.303595513105392
363,0.057430103421211
364,-0.139492973685265
365,-0.123082689940929
366,0.106661319732666
367,-0.188723310828209
368,-0.205133557319641
369,0.024610735476017
370,0.024610750377178
371,-0.320004642009735
372,0.172303959727287
373,-0.00820888299495
374,-0.123080663383007
375,0.090253092348576
376,0.024612061679363
377,-0.090259738266468
378,0.155893921852112
379,-0.090259917080402
380,-0.090259917080402
381,0.090252436697483
382,0.024611406028271
383,-0.090260393917561
384,0.155893072485924
385,0.090252049267292
386,-0.024619765579701
387,0.155892744660378
388,-0.024620078504086
389,-0.139491856098175
390,0.106661736965179
391,-0.221543401479721
392,-0.073851086199284
393,0.172302559018135
394,-0.205133348703384
395,-0.07385129481554
396,0.057430520653725
397,-0.00821047835052
398,-0.303595095872879
399,0.05743046104908
400,-0.041031081229448
401,-0.303595185279846
402,0
403,-0.041031409054995
404,-0.287185281515121
405,0.008198974654078
406,-0.237954884767532
407,-0.287185609340668
408,-0.090263016521931
409,-0.221545070409775
410,-0.320006638765335
411,0.172300711274147
412,-0.155904397368431
413,-0.320006966590881
414,0.172300562262535
415,-0.188725113868713
416,-0.320007145404816
417,-0.057443108409643
418,-0.090263620018959
419,-0.303596943616867
420,0.123069696128368
421,-0.139494404196739
422,-0.205135464668274
423,-0.106673777103424
424,-0.172314807772636
425,-0.270776331424713
426,-0.04103260114789
427,-0.155904412269592
428,-0.30359673500061
429,-0.057442650198937
430,-0.23795548081398
431,-0.23795548081398
432,0.123070381581783
433,-0.172314241528511
434,-0.303596317768097
435,0.123070500791073
436,-0.155903860926628
437,-0.188724398612976
438,0.123070620000362
439,-0.237955033779144
440,-0.287185817956924
441,0.073839880526066
442,-0.237954974174499
443,-0.320006281137466
444,0.188711792230606
445,-0.254365146160126
446,-0.320006161928177
447,0.123070798814297
448,-0.23795485496521
449,-0.320006132125854
450,0.12307084351778
451,-0.221544563770294
452,-0.123083017766476
453,0.123070888221264
454,-0.221544504165649
455,-0.320006042718887
456,0.188711881637573
457,-0.237954765558243
458,-0.2871855199337
459,0.123070888221264
460,-0.237954765558243
461,-0.320006012916565
462,0.073840208351612
463,-0.237954676151276
464,-0.254364937543869
465,0.18871197104454
466,-0.237954705953598
467,-0.254364967346191
468,0.205121785402298
469,-0.22154489159584
470,-0.254365414381027
471,-0.09026313573122
472,-0.205134928226471
473,-0.303596466779709
474,-0.057442858815193
475,-0.20513516664505
476,-0.30359673500061
477,0.008198080584407
478,-0.123083971440792
479,-0.172314748167992
480,-0.057442978024483
481,-0.188725054264069
482,-0.270776301622391
483,-0.057442899793387
484,-0.13949416577816
485,-0.320006996393204
486,-0.057442888617516
487,-0.172314658761025
488,-0.237955719232559
489,-0.04103260114789
490,-0.090263351798058
491,-0.303596705198288
492,-0.041032690554857
493,-0.10667372494936
494,-0.172314777970314
495,-0.090263433754444
496,-0.221545487642288
497,-0.270776271820068
498,0.155890241265297
499,-0.139494404196739
500,-0.27077642083168
501,-0.073853559792042
502,-0.188725352287292
503,-0.28718689084053
504,0.057428374886513
505,-0.188725486397743
506,-0.287186980247497
507,0.188710421323776
508,-0.17231522500515
509,-0.155904963612556
510,-0.057443276047707
511,-0.172315046191216
512,-0.254366338253021
513,-0.041032809764147
514,-0.139494374394417
515,-0.303596943616867
516,-0.04103260114789
517,-0.172314688563347
518,-0.237955719232559
519,-0.057442650198937
520,-0.073852933943272
521,-0.303596496582031
522,-0.057442471385002
523,-0.073852695524693
524,-0.205134749412537
525,-0.057442292571068
526,-0.172314092516899
527,-0.270775616168976
528,-0.05744206532836
529,-0.155903622508049
530,-0.320006191730499
531,0.221533060073853
532,-0.139492586255074
533,-0.254364401102066
534,0.073841340839863
535,-0.123081766068935
536,-0.320004820823669
537,-0.008209405466914
538,-0.237953007221222
539,-0.008209405466914
540,-0.024619333446026
541,-0.27077317237854
542,-0.303593695163727
543,0.139483585953712
544,-0.20513179898262
545,0.024611823260784
546,0.073842667043209
547,0.123073451220989
548,0
549,0.057432498782873
550,-0.057439293712378
551,-0.057439312338829
552,0.041022319346666
553,0.106663346290588
554,-0.024618737399578
555,0.221534937620163
556,0.106663137674332
557,-0.024618916213513
558,0.09025264531374
559,0.041021872311831
560,-0.090260185301304
561,0.090252377092838
562,0.090252347290516
563,-0.024619422852993
564,0.221534132957458
565,0.106662303209305
566,-0.13949154317379
567,0.106661945581436
568,0.106661975383759
569,-0.024620078504086
570,0.041020750999451
571,0.106661766767502
572,-0.139492079615593
573,0.106661587953568
574,0.041020561009646
575,-0.073851250112057
576,0.303584486246109
577,0.057430610060692
578,-0.041030913591385
579,0.172302260994911
580,0.05743046104908
581,-0.073851592838764
582,0.188712030649185
583,0.073840238153935
584,-0.05744181573391
585,0.254352927207947
586,0.073840118944645
587,-0.057441934943199
588,0.188712045550346
589,0
590,-0.123082809150219
591,0.205122083425522
592,0.139481037855148
593,0.008198988623917
594,0.270762741565704
595,0.139480724930763
596,0.024608932435513
597,0.287172645330429
598,0.106659829616547
599,-0.024622209370136
600,0.303582638502121
601,0.254351884126663
602,0.106659561395645
603,0.303582549095154
604,0.254351824522018
605,0.123069755733013
606,-0.139494210481644
607,-0.320007026195526
608,0.254351943731308
609,-0.073852337896824
610,-0.254365175962448
611,0.221532255411148
612,0
613,-0.155902311205864
614,-0.057440754026175
615,0.123074166476727
616,0.057433113455772
617,0.237945944070816
618,0.28717890381813
619,0.28717890381813
620,0.024614833295345
621,0.25435996055603
622,0.237949699163437
623,0.057436868548393
624,0.320001691579819
625,0.270770907402039
626,0.237950414419174
627,0.320001393556595
628,0.320001423358917
629,0.254360407590866
630,0.287183046340942
631,0.303593337535858
632,0.303593128919601
633,0.287188142538071
634,0.320008337497711
635,0.270777255296707
636,0.320009499788284
637,0.287188559770584
638,0.270777940750122
639,0.32000395655632
640,0.303593754768371
641,0.254363000392914
642,0.319990873336792
643,0.270760506391525
644,0.28717115521431
645,0.303561747074127
646,0.319972068071365
647,0.205100327730179
648,0.270741641521454
649,0.221510887145996
650,0.106639087200165
651,0.303568661212921
652,0.188696846365929
653,0.073825038969517
654,0.319983214139938
655,0.172290936112404
656,0.073829405009747
657,0.28716504573822
658,0.23793426156044
659,0.106652230024338
660,0.287166446447372
661,0.17229463160038
662,0.057422861456871
663,0.270758211612701
664,0.237937718629837
665,0.0902454033494
666,0.287171363830566
667,0.221530348062515
668,0.090248264372349
669,0.270764291286468
670,0.139482244849205
671,0.008200196549296
672,0.237946778535843
673,0.057433918118477
674,-0.073848135769367
675,0.155897602438927
676,0.073846347630024
677,-0.090256229043007
678,0.27077054977417
679,0.024616695940495
680,-0.106665372848511
681,0.320001810789108
682,0.02461714297533
683,-0.09025464206934
684,0.221540242433548
685,0.041027385741472
686,-0.073844380676746
687,0.237950831651688
688,0.106668770313263
689,-0.008203027769923
690,0.221540868282318
691,0.090258844196797
692,-0.041023224592209
693,0.188720166683197
694,0.057438161224127
695,-0.123074673116207
696,0.172309562563896
697,0.041027456521988
698,-0.073844291269779
699,0.320002377033234
700,0.008207557722926
701,-0.04102324321866
702,0.12308020144701
703,0.05743920430541
704,-0.057432726025581
705,0.188722386956215
706,0.073850519955158
707,-0.073841787874699
708,0.205133646726608
709,-0.041020322591066
710,-0.139481902122498
711,0.155902609229088
712,0.041030734777451
713,-0.073841102421284
714,0.155902251601219
715,0
716,-0.106661975383759
717,0.139491468667984
718,0.008209405466914
719,-0.155893191695213
720,0.057439610362053
721,-0.090252704918385
722,-0.205124467611313
723,0.090259589254856
724,-0.073842979967594
725,-0.188714772462845
726,0.057438060641289
727,-0.057433661073446
728,-0.237946510314941
729,0.10660257935524
730,-0.090254761278629
731,-0.20512643456459
732,0.024599350988865
733,-0.123100273311138
734,-0.200619503855705
735,0.057432606816292
736,-0.106695599853992
737,-0.20514902472496
738,0.057364895939827
739,-0.073849909007549
740,-0.237954467535019
741,0.073855422437191
742,-0.090256936848164
743,-0.205129280686378
744,0.10668933391571
745,-0.057415589690209
746,-0.155896857380867
747,0.106672137975693
748,-0.008199749514461
749,-0.123058281838894
750,0.106671988964081
751,-0.024610154330731
752,-0.139482066035271
753,0.172312811017036
754,0.041030645370483
755,-0.090251453220844
756,0.139491900801659
757,0.07385078817606
758,-0.057431306689978
759,0.172311887145042
760,0.041029710322619
761,-0.090252384543419
762,0.254362732172012
763,0.057439561933279
764,-0.139483585953712
765,0.205131322145462
766,0.090259499847889
767,-0.04102261736989
768,0.205130219459534
769,0.106668621301651
770,-0.02461352199316
771,0.155890420079231
772,0.024608172476292
773,-0.090263642370701
774,0.008193296380341
775,-0.057447757571936
776,-0.205140098929405
777,0.024602733552456
778,-0.106679297983646
779,-0.205140829086304
780,0.04101263359189
781,-0.106679707765579
782,-0.205141216516495
783,0.106654614210129
784,-0.155909404158592
785,-0.221550405025482
786,0.008194756694138
787,-0.057446226477623
788,-0.188728302717209
789,0.106657415628433
790,0
791,-0.172316893935204
792,0.139477550983429
793,0.04101600125432
794,-0.090266026556492
795,0.10665687918663
796,0.073836483061314
797,-0.04103534296155
798,0.18870797753334
799,0.090246476233006
800,-0.073856048285961
801,0.205118507146835
802,0.123067252337933
803,-0.008214710280299
804,0.237939029932022
805,0.10665699839592
806,-0.024625025689602
807,0.205118119716644
808,0.155887320637703
809,0.008195040747523
810,0.155879467725754
811,0.073828391730785
812,-0.041043389588595
813,0.221510976552963
814,-0.008232621476054
815,-0.106694161891937
816,0.057408954948187
817,-0.041052598506212
818,-0.155924364924431
819,0
820,-0.024641506373882
821,-0.188744068145752
822,-0.008231131359935
823,-0.123102895915508
824,-0.205154180526733
825,0
826,-0.057462051510811
827,-0.188744127750397
828,0.040998924523592
829,-0.041052330285311
830,-0.287206202745438
831,0.106638789176941
832,-0.008233008906245
833,-0.205156087875366
834,0.090229041874409
835,0
836,-0.123104296624661
837,0.057409271597862
838,-0.024641983211041
839,-0.221565067768097
840,0.040999371558428
841,-0.090282715857029
842,-0.270795494318008
843,0.040999352931976
844,-0.041051954030991
845,-0.188744232058525
846,0.040999311953783
847,-0.07387251406908
848,-0.205154538154602
849,0.040999490767717
850,-0.139513328671455
851,-0.221564590930939
852,-0.02464147657156
853,-0.073872245848179
854,-0.221564561128616
855,0.04099952057004
856,-0.073872275650501
857,-0.155923530459404
858,0.057409629225731
859,-0.073872424662113
860,-0.254385262727737
861,0.024588726460934
862,-0.073872797191143
863,-0.320026636123657
864,0.057408735156059
865,-0.090283550322056
866,-0.172334834933281
867,0.106638848781586
868,0.024587564170361
869,-0.073873989284039
870,0.123049549758434
871,-0.024642758071423
872,-0.188745319843292
873,0.040999162942171
874,-0.024641864001751
875,-0.22156497836113
876,0.073820300400257
877,-0.05746179446578
878,-0.254384875297546
879,0.024589516222477
880,-0.057461764663458
881,-0.237974613904953
882,0.024589501321316
883,-0.057461783289909
884,-0.27079513669014
885,0.0409996509552
886,-0.05746191367507
887,-0.23797470331192
888,0.040999490767717
889,-0.073872305452824
890,-0.20515438914299
891,0.106640286743641
892,-0.024641759693623
893,-0.205154582858086
894,0.106639981269836
895,-0.02464210242033
896,-0.123103626072407
897,0.073818989098072
898,-0.024642549455166
899,-0.123104088008404
900,0.073818869888783
901,-0.041052926331759
902,-0.303617030382156
903,0.07381884008646
904,0.090229101479054
905,-0.139514490962029
906,0.106639981269836
907,0.008178440853953
908,-0.23797544836998
909,0.090230084955692
910,-0.024641685187817
911,-0.287205785512924
912,0.073820136487484
913,-0.024641387164593
914,-0.254384994506836
915,0.073820106685162
916,-0.024641402065754
917,-0.139513194561005
918,0.073820270597935
919,-0.041051525622606
920,-0.254384875297546
921,0.090230651199818
922,-0.041051406413317
923,-0.172333464026451
924,0.090230651199818
925,-0.073871918022633
926,-0.254384785890579
927,0.073820389807224
928,-0.008230863139033
929,-0.106692403554916
930,0.090230830013752
931,-0.041051208972931
932,-0.139512747526169
933,0.090230979025364
934,-0.041051078587771
935,-0.155922874808311
936,0.073820807039738
937,-0.041050989180803
938,-0.270794570446014
939,0.073820747435093
940,0.024589978158474
941,-0.090281799435616
942,0.139462098479271
943,-0.008230207487941
944,-0.188743025064468
945,0.073821552097797
946,-0.041050244122744
947,-0.139511778950691
948,0.024591349065304
949,-0.008229164406657
950,-0.172331765294075
951,0.041001547127962
952,-0.090280540287495
953,-0.18874204158783
954,0.02459142357111
955,-0.0410495698452
956,-0.20515213906765
957,0.090232111513615
958,-0.024639658629894
959,-0.221562743186951
960,0.139462783932686
961,-0.008229522034526
962,-0.139511540532112
963,0.123052887618542
964,-0.024639390408993
965,-0.254382997751236
966,0.10664290189743
967,0.00818139128387
968,-0.172331437468529
969,0.090232767164707
970,-0.024639032781124
971,-0.123100571334362
972,0.057413056492806
973,-0.13951002061367
974,-0.287202328443527
975,0.041002828627825
976,-0.073868967592716
977,-0.172330543398857
978,0.04100276902318
979,-0.090279318392277
980,-0.188740864396095
981,0.041001725941897
982,0.041001725941897
983,-0.139511093497276
984,0.123052470386028
985,-0.024639837443829
986,-0.123101375997067
987,0.090231455862522
988,0
989,-0.123101882636547
990,0.10664227604866
991,0.041001249104738
992,-0.155921831727028
993,0.123054228723049
994,0.008182478137314
995,-0.205150857567787
996,0.090234823524952
997,-0.090278007090092
998,-0.320021599531174
999,0.041004568338394
1000,-0.024636469781399
1001,-0.155918523669243
1002,0.073825635015965
1003,0.00818463973701
1004,-0.172328189015389
1005,0.057415630668402
1006,0
1007,-0.221558690071106
1008,0.172287359833717
1009,-0.008225468918681
1010,-0.254379332065582
1011,0.106646329164505
1012,-0.024635724723339
1013,-0.090276762843132
1014,0.09023604542017
1015,0.10664626955986
1016,-0.024635784327984
1017,0.155877098441124
1018,-0.024635754525662
1019,-0.172328040003777
1020,0.041006285697222
1021,-0.008224485442042
1022,-0.139506533741951
1023,0.073827303946018
1024,-0.073864974081516
1025,-0.237967550754547
1026,0.05741722881794
1027,-0.106685340404511
1028,-0.270787954330444
1029,-0.024633266031742
1030,-0.155915305018425
1031,-0.303607672452927
1032,-0.041043359786272
1033,-0.172325357794762
1034,-0.320017665624619
1035,-0.073864497244358
1036,-0.123095296323299
1037,-0.237967103719711
1038,-0.041045933961868
1039,-0.139507472515106
1040,-0.205148503184319
1041,-0.123099617660046
1042,-0.188740640878677
1043,-0.270791888237
1044,-0.024640507996082
1045,-0.123102061450481
1046,-0.303614884614944
1047,0
1048,-0.188744276762009
1049,-0.287205845117569
1050,-0.106694519519806
1051,-0.123104773461819
1052,-0.287207335233688
1053,0
1054,-0.155924424529076
1055,-0.237975716590881
1056,0.008180123753846
1057,-0.139512166380882
1058,-0.254383981227875
1059,0.008186457678676
1060,-0.320018827915192
1061,-0.320018738508224
1062,-0.05745042860508
1063,-0.237963289022446
1064,-0.270783603191376
1065,-0.024626635015011
1066,-0.205139473080635
1067,-0.287190765142441
1068,-0.008214412257075
1069,-0.139496460556984
1070,-0.237958043813705
1071,0.073836706578732
1072,-0.106676191091537
1073,-0.270778745412827
1074,0.139480486512184
1075,0
1076,-0.106673397123814
1077,0.172301337122917
1078,-0.041032005101442
1079,-0.155903890728951
1080,0.22153115272522
1081,0.041018396615982
1082,-0.073853485286236
1083,0.18870921432972
1084,0.172298893332481
1085,0.057427182793617
1086,0.287169188261032
1087,0.155887097120285
1088,-0.073856480419636
1089,0.221524268388748
1090,0.172293528914452
1091,0.073832161724568
1092,0.237926125526428
1093,0.139464482665062
1094,0.024592719972134
1095,0.221510857343674
1096,0.057408258318901
1097,-0.106694310903549
1098,0.188690945506096
1099,0.0902294293046
1100,-0.139514163136482
1101,0.205102503299713
1102,0.040999937802553
1103,-0.090282119810581
1104,0.123052828013897
1105,0
1106,-0.123100988566875
1107,0.17228539288044
1108,0.057413592934609
1109,-0.057458188384771
1110,0.172286346554756
1111,0.041004288941622
1112,-0.106688022613525
1113,0.15587717294693
1114,0.106646418571472
1115,-0.008225349709392
1116,0.172289744019508
1117,0.041007667779923
1118,-0.057453826069832
1119,0.123060457408428
1120,0.073829688131809
1121,-0.057452365756035
1122,0.123062424361706
1123,-0.057450369000435
1124,-0.188732415437698
1125,0.090243704617024
1126,-0.041038352996111
1127,-0.254371732473373
1128,0.05742472037673
1129,-0.008216319605708
1130,-0.123088113963604
1131,0.155887380242348
1132,-0.008215187117457
1133,-0.205138266086578
1134,0.041016507893801
1135,-0.008214293047786
1136,-0.188727125525475
1137,0.09024802595377
1138,-0.024623773992062
1139,-0.221546858549118
1140,0.024607516825199
1141,-0.008212995715439
1142,-0.155905306339264
1143,0.090249009430409
1144,-0.090263821184635
1145,-0.221545904874802
1146,0.024608366191387
1147,-0.008212147280574
1148,-0.221545487642288
1149,0.07383943349123
1150,-0.00821184925735
1151,-0.205134928226471
1152,0.073839627206326
1153,-0.008211640641093
1154,-0.237955242395401
1155,0.008198795840144
1156,-0.057442262768746
1157,-0.237955063581467
1158,-0.008210716769099
1159,-0.008210730738938
1160,-0.254364579916
1161,0.024610541760922
1162,-0.073850996792317
1163,-0.287184327840805
1164,0.057431533932686
1165,-0.057440295815468
1166,-0.303594142198563
1167,0.008201209828258
1168,-0.205132156610489
1169,-0.303593665361404
1170,-0.090260252356529
1171,-0.139491021633148
1172,-0.270773082971573
1173,-0.090260483324528
1174,-0.15590150654316
1175,-0.270773321390152
1176,-0.090260811150074
1177,-0.139491558074951
1178,-0.270773619413376
1179,-0.024619989097118
1180,-0.139491811394692
1181,-0.270773857831955
1182,-0.024620287120342
1183,-0.139492049813271
1184,-0.270774096250534
1185,-0.024620495736599
1186,-0.13949228823185
1187,-0.25436407327652
1188,-0.057441517710686
1189,-0.172313317656517
1190,-0.320005625486374
1191,-0.041031736880541
1192,-0.106672763824463
1193,-0.237954825162888
1194,-0.041032034903765
1195,-0.090262807905674
1196,-0.320006400346756
1197,-0.024622164666653
1198,-0.090263165533543
1199,-0.205134958028793
1200,-0.008212385699153
1201,-0.057443156838417
1202,-0.254366248846054
1203,0.02460727840662
1204,-0.008213204331696
1205,-0.221546530723572
1206,0.041017401963472
1207,0.024607174098492
1208,-0.090264655649662
1209,0.106658577919006
1210,0.041017521172762
1211,-0.139495268464088
1212,0.123068802058697
1213,-0.008213279768825
1214,-0.123085044324398
1215,0.05742846429348
1216,-0.073853589594364
1217,-0.303597182035446
1218,0.024608932435513
1219,0.041019201278687
1220,-0.155903890728951
1221,0.07384017854929
1222,-0.073852129280567
1223,-0.237954676151276
1224,0
1225,-0.057441666722298
1226,-0.172313466668129
1227,0.073840416967869
1228,-0.123082675039768
1229,-0.237954467535019
1230,0
1231,-0.008210776373744
1232,-0.188723593950272
1233,-0.02462025731802
1234,-0.139492049813271
1235,-0.23795360326767
1236,-0.041029829531908
1237,-0.090260602533817
1238,-0.303593933582306
1239,-0.073849596083164
1240,-0.139490589499474
1241,-0.270772665739059
1242,-0.090260036289692
1243,-0.139490827918053
1244,-0.270772844552994
1245,-0.057440564036369
1246,-0.12308157235384
1247,-0.320004642009735
1248,0.057430490851402
1249,-0.17231310904026
1250,-0.221543878316879
1251,-0.024621300399304
1252,-0.090262331068516
1253,-0.270775139331818
1254,-0.02462162822485
1255,-0.073852367699146
1256,-0.25436520576477
1257,-0.008211610838771
1258,-0.057442381978035
1259,-0.254365503787994
1260,0.057429328560829
1261,-0.057442471385002
1262,-0.221545040607452
1263,0
1264,-0.123083509504795
1265,-0.254365563392639
1266,0
1267,-0.024621985852718
1268,-0.172314330935478
1269,0
1270,0
1271,-0.237955212593079
1272,0.073839731514454
1273,-0.106673061847687
1274,-0.237955123186111
1275,0
1276,-0.008211461827159
1277,-0.205134555697441
1278,0.008198855444789
1279,-0.024621658027172
1280,-0.237954974174499
1281,0.073839969933033
1282,0
1283,-0.188724100589752
1284,0.073839999735355
1285,-0.057442054152489
1286,-0.237954884767532
1287,0
1288,-0.008211207576096
1289,-0.237954825162888
1290,0.073840104043484
1291,-0.008211177773774
1292,-0.188723996281624
1293,0.07384017854929
1294,0
1295,-0.237954705953598
1296,0.139481738209724
1297,-0.008210551925004
1298,-0.139492601156235
1299,0.090251609683037
1300,-0.024620182812214
1301,-0.155902251601219
1302,0.221534222364426
1303,0
1304,-0.123081170022488
1305,0.172303900122643
1306,-0.008208928629756
1307,-0.139490976929665
1308,0.139483764767647
1309,0.090253032743931
1310,-0.041029024869204
1311,0.237946033477783
1312,0.057433214038611
1313,-0.008207810111344
1314,0.188716635107994
1315,0.123075596988201
1316,0.057434603571892
1317,0.303590059280395
1318,0.172308012843132
1319,0.041025925427675
1320,0.303591072559357
1321,0.139488473534584
1322,0.008206425234675
1323,0.155899152159691
1324,0.106668382883072
1325,-0.024613671004772
1326,0.172308847308159
1327,0.205129355192184
1328,-0.008203995414078
1329,0.188721150159836
1330,0.123079918324947
1331,-0.057432934641838
1332,0.1559037566185
1333,0
1334,-0.172301724553108
1335,0.106674291193485
1336,-0.106659412384033
1337,-0.205121204257011
1338,0.041032571345568
1339,-0.057429239153862
1340,-0.155891045928001
1341,0.02462213486433
1342,0.237955272197723
1343,0.073852486908436
1344,0.320006281137466
1345,0.155903503298759
1346,0.041031617671251
1347,0.237954765558243
1348,0.041031587868929
1349,0.024621151387692
1350,-0.008199197240174
1351,-0.008199256844819
1352,-0.139481469988823
1353,-0.106660932302475
1354,-0.090250708162785
1355,-0.188712358474731
1356,0.024620704352856
1357,-0.106661409139633
1358,-0.254353731870651
1359,0
1360,-0.106662221252918
1361,-0.221534043550491
1362,0.090259835124016
1363,0.139490604400635
1364,-0.057432487607002
1365,0.155899867415428
1366,0
1367,-0.172305181622505
1368,0.221539407968521
1369,0.057436868548393
1370,-0.155896559357643
1371,0.221538871526718
1372,0.254359394311905
1373,0.057436481118202
1374,0.320001572370529
1375,0.254360556602478
1376,0.10666823387146
1377,0.320003122091293
1378,0.237951755523682
1379,0.139490202069282
1380,0.287184238433838
1381,0.303594499826431
1382,0.237953394651413
1383,0.303595066070557
1384,0.287184774875641
1385,0.188723146915436
1386,0.320004343986511
1387,0.320004403591156
1388,0.205132573843002
1389,0.320001274347305
1390,0.221540153026581
1391,0.155899196863174
1392,0.303577959537506
1393,0.270758032798767
1394,0.090245522558689
1395,0.287153154611588
1396,0.205101877450943
1397,0.10664039850235
1398,0.254331022500992
1399,0.139459192752838
1400,0.073818154633045
1401,0.172282561659813
1402,0.090231277048588
1403,-0.123102031648159
1404,0.17228789627552
1405,0.057416126132012
1406,-0.073865972459316
1407,0.123059771955013
1408,0.057418778538704
1409,-0.057453062385321
1410,0.123062156140804
1411,0.041010905057192
1412,-0.123091705143452
1413,0.139473244547844
1414,-0.024629347026348
1415,-0.123090900480747
1416,0.188704639673233
1417,-0.024628661572933
1418,-0.1559107452631
1419,0.090243712067604
1420,-0.008217869326472
1421,-0.090269155800343
1422,0.073833532631397
1423,0.008192537352443
1424,-0.106679268181324
1425,0.090244241058827
1426,-0.024627558887005
1427,-0.155909597873688
1428,0.106654465198517
1429,-0.04103784635663
1430,-0.073858328163624
1431,0.0738340690732
1432,-0.041037727147341
1433,-0.172319784760475
1434,0.090245164930821
1435,-0.172318950295448
1436,-0.303600966930389
1437,-0.024625979363918
1438,-0.073856748640537
1439,-0.287190109491348
1440,0.04101474955678
1441,-0.057446822524071
1442,-0.188728839159012
1443,0.041014481335878
1444,-0.041036833077669
1445,-0.172318890690804
1446,0.057424232363701
1447,-0.139498844742775
1448,-0.237960368394852
1449,-0.008216885849833
1450,-0.090268179774284
1451,-0.237960517406464
1452,0.057423874735832
1453,-0.008217154070735
1454,-0.139499232172966
1455,0.073833905160427
1456,-0.00821737665683
1457,-0.172319903969765
1458,0.123064212501049
1459,0.008192418143153
1460,-0.123089663684368
1461,0.172295108437538
1462,0.024602793157101
1463,-0.172320321202278
1464,0.155885294079781
1465,0.057423785328865
1466,-0.106678813695908
1467,0.188705831766129
1468,0.057423785328865
1469,-0.057448044419289
1470,0.172297284007072
1471,0.024604968726635
1472,-0.237959146499634
1473,0.073838002979756
1474,-0.057444021105766
1475,-0.320008158683777
1476,0.041018921881914
1477,-0.090263143181801
1478,-0.205134943127632
1479,0.024609468877316
1480,-0.041031558066607
1481,-0.172313615679741
1482,0.008199481293559
1483,-0.106672286987305
1484,-0.221544086933136
1485,0
1486,-0.057441428303719
1487,-0.17231322824955
1488,0
1489,-0.106672197580338
1490,-0.188723474740982
1491,0
1492,-0.12308245152235
1493,-0.237954258918762
1494,0
1495,-0.057441398501396
1496,-0.17231322824955
1497,0.073840625584126
1498,-0.057441428303719
1499,-0.17231322824955
1500,0
1501,-0.123082421720028
1502,-0.23795422911644
1503,0
1504,-0.057441379874945
1505,-0.172313198447228
1506,0.07384068518877
1507,-0.057441368699074
1508,-0.172313168644905
1509,0.07384068518877
1510,-0.057441379874945
1511,-0.237954199314117
1512,0.057430431246758
1513,-0.057441368699074
1514,-0.205133661627769
1515,0.057430431246758
1516,-0.008210567757487
1517,-0.237954169511795
1518,0.057430729269981
1519,-0.057441100478172
1520,-0.254364192485809
1521,0.024611108005047
1522,-0.155901715159416
1523,-0.270773500204086
1524,-0.05743969976902
1525,-0.090260215103626
1526,-0.303593546152115
1527,0.041022021323443
1528,-0.123080544173717
1529,-0.320003628730774
1530,-0.008208332583308
1531,-0.139490380883217
1532,-0.27077242732048
1533,-0.024618647992611
1534,-0.155900672078133
1535,-0.270772457122803
1536,-0.02461900562048
1537,-0.155901044607163
1538,-0.270772844552994
1539,-0.024619393050671
1540,-0.139491155743599
1541,-0.205132201313972
1542,-0.024619705975056
1543,-0.139491483569145
1544,-0.270773530006409
1545,-0.024619959294796
1546,-0.139491751790047
1547,-0.27077379822731
1548,-0.024620108306408
1549,-0.13949191570282
1550,-0.221543192863464
1551,-0.008210001513362
1552,-0.041030544787645
1553,-0.270774096250534
1554,-0.008210210129619
1555,-0.04103072360158
1556,-0.188723057508469
1557,0.057430639863014
1558,-0.123082153499126
1559,-0.254364222288132
1560,-0.008210508152843
1561,-0.024620763957501
1562,-0.254364371299744
1563,0.057430401444435
1564,-0.057441368699074
1565,-0.221543937921524
1566,-0.008210657164454
1567,-0.024620912969112
1568,-0.254364490509033
1569,0.05743034183979
1570,-0.123082481324673
1571,-0.254364520311356
1572,-0.008210686966777
1573,-0.057441458106041
1574,-0.254364579916
1575,-0.008210746571422
1576,-0.057441487908363
1577,-0.254364579916
1578,0
1579,-0.057441517710686
1580,-0.221544086933136
1581,0.057430233806372
1582,-0.12308257073164
1583,-0.237954407930374
1584,0
1585,-0.057441607117653
1586,-0.188723638653755
1587,0
1588,-0.008210806176066
1589,-0.237954407930374
1590,0.073840446770191
1591,-0.057441607117653
1592,-0.237954467535019
1593,0.073840416967869
1594,-0.057441636919975
1595,-0.221544176340103
1596,0.073840446770191
1597,0
1598,-0.106672406196594
1599,0.155891820788383
1600,0
1601,-0.123082511126995
1602,0.155892118811607
1603,0.155892118811607
1604,-0.008210448548198
1605,0.31999459862709
1606,0.123071543872356
1607,0.057430520653725
1608,0.287174642086029
1609,0.221533626317978
1610,0.041020799428225
1611,0.319996654987335
1612,0.254355639219284
1613,0.18871459364891
1614,0.287178784608841
1615,0.287178814411163
1616,0.221537798643112
1617,0.303591400384903
1618,0.320001691579819
1619,0.237950354814529
1620,0.320002347230911
1621,0.320002347230911
1622,0.270771592855453
1623,0.254363626241684
1624,0.30359423160553
1625,0.254363417625427
1626,0.270775884389877
1627,0.30359622836113
1628,0.188724368810654
1629,0.270773500204086
1630,0.287183791399002
1631,0.254363268613815
1632,0.30358675122261
1633,0.287176609039307
1634,0.205125451087952
1635,0.31998884677887
1636,0.270758181810379
1637,0.17229674756527
1638,0.319978773593903
1639,0.221517324447632
1640,0.106645613908768
1641,0.303562819957733
1642,0.287152588367462
1643,-0.008232025429606
1644,0.319976806640625
1645,0.172284498810768
1646,-0.024638585746288
1647,0.254341185092926
1648,0.139469340443611
1649,0.008187292143703
1650,0.221524119377136
1651,0.106652319431305
1652,-0.024629704654217
1653,0.172296717762947
1654,0.057424917817116
1655,-0.041036654263735
1656,0.155888244509697
1657,0.024606160819531
1658,-0.073855377733708
1659,0.12306847423315
1660,0.024606965482235
1661,-0.237957149744034
1662,0.2051200568676
1663,-0.024623535573483
1664,-0.221546620130539
1665,0.188709765672684
1666,0.041017461568117
1667,-0.09026462584734
1668,0.237940669059753
1669,-0.008213160559535
1670,-0.303597778081894
1671,0.319992482662201
1672,-0.12308444827795
1673,-0.320007532835007
1674,0.30358275771141
1675,-0.13949416577816
1676,-0.320006966590881
1677,-0.23795536160469
