-10.22328467761252,28.00777608801554,-1.617838343918345
-10.12339530477797,28.003073621139503,-1.617838343918345
-10.073450618360695,28.000722387701487,-1.617838343918345
-10.02350593194342,27.998371154263467,-1.617838343918345
-9.973561245526145,27.996019920825447,-1.617838343918345
-9.92361655910887,27.99366868738743,-1.617838343918345
-9.82372718627432,27.988966220511394,-1.617838343918345
-10.27180338402429,27.50054440919403,-1.665710445428791
-10.172253480469562,27.49106724177733,-1.665710445428791
-10.122478528692197,27.486328658068977,-1.665710445428791
-10.072703576914833,27.481590074360625,-1.665710445428791
-10.02292862513747,27.476851490652273,-1.665710445428791
-9.973153673360104,27.47211290694392,-1.665710445428791
-9.873603769805376,27.46263573952722,-1.665710445428791
-10.330140050173094,26.987752857686633,-1.6840073880090425
-10.230780203230601,26.97645591935961,-1.6840073880090425
-10.181100279759356,26.970807450196098,-1.6840073880090425
-10.13142035628811,26.965158981032584,-1.6840073880090425
-10.081740432816865,26.95951051186907,-1.6840073880090425
-10.03206050934562,26.95386204270556,-1.6840073880090425
-9.932700662403127,26.942565104378534,-1.6840073880090425
-10.34208518560959,26.45143099682592,-1.5914698529608995
-10.2421065545827,26.44936379146876,-1.5914698529608995
-10.192117239069255,26.448330188790177,-1.5914698529608995
-10.142127923555808,26.447296586111598,-1.5914698529608995
-10.092138608042362,26.44626298343302,-1.5914698529608995
-10.042149292528917,26.445229380754437,-1.5914698529608995
-9.942170661502026,26.443162175397276,-1.5914698529608995
-10.306400253237586,25.915316361016334,-1.5028722732960056
-10.206630848411677,25.922103544576846,-1.5028722732960056
-10.156746145998722,25.9254971363571,-1.5028722732960056
-10.10686144358577,25.928890728137358,-1.5028722732960056
-10.056976741172816,25.932284319917613,-1.5028722732960056
-10.007092038759861,25.93567791169787,-1.5028722732960056
-9.907322633933953,25.94246509525838,-1.5028722732960056
-10.295548552678977,25.4243337669484,-1.5482781803418566
-10.195573904953658,25.426585391295077,-1.5482781803418566
-10.145586581090999,25.427711203468416,-1.5482781803418566
-10.09559925722834,25.428837015641754,-1.5482781803418566
-10.04561193336568,25.429962827815093,-1.5482781803418566
-9.995624609503022,25.43108863998843,-1.5482781803418566
-9.895649961777703,25.433340264335108,-1.5482781803418566
-10.294341442604305,24.92829080517912,-1.5682821851658144
-10.194341758649545,24.928542219077165,-1.5682821851658144
-10.144341916672165,24.92866792602619,-1.5682821851658144
-10.094342074694785,24.928793632975214,-1.5682821851658144
-10.044342232717405,24.92891933992424,-1.5682821851658144
-9.994342390740025,24.929045046873263,-1.5682821851658144
-9.894342706785265,24.929296460771308,-1.5682821851658144
-10.293511540487636,24.408860954086784,-1.5691984491168798
-10.193511668148261,24.409020741786588,-1.5691984491168798
-10.143511731978576,24.40910063563649,-1.5691984491168798
-10.093511795808888,24.409180529486395,-1.5691984491168798
-10.043511859639201,24.4092604233363,-1.5691984491168798
-9.993511923469516,24.409340317186203,-1.5691984491168798
-9.893512051130141,24.409500104886007,-1.5691984491168798
-10.260310294954694,23.878166657674875,-1.5076025517888225
-10.160509901174896,23.884481829992183,-1.5076025517888225
-10.110609704284997,23.887639416150833,-1.5076025517888225
-10.060709507395098,23.890797002309487,-1.5076025517888225
-10.010809310505199,23.89395458846814,-1.5076025517888225
-9.9609091136153,23.89711217462679,-1.5076025517888225
-9.861108719835501,23.9034273469441,-1.5076025517888225
-10.245744006677434,23.38482845016561,-1.5410522557091637
-10.14578823890447,23.387802418712415,-1.5410522557091637
-10.095810355017989,23.389289402985817,-1.5410522557091637
-10.045832471131506,23.39077638725922,-1.5410522557091637
-9.995854587245024,23.39226337153262,-1.5410522557091637
-9.945876703358543,23.393750355806024,-1.5410522557091637
-9.845920935585578,23.396724324352828,-1.5410522557091637
-10.242345537016378,22.86948074228559,-1.5640988459056937
-10.142347779820508,22.870150485367454,-1.5640988459056937
-10.092348901222573,22.87048535690839,-1.5640988459056937
-10.042350022624637,22.870820228449322,-1.5640988459056937
-9.992351144026701,22.871155099990254,-1.5640988459056937
-9.942352265428767,22.87148997153119,-1.5640988459056937
-9.842354508232896,22.872159714613055,-1.5640988459056937
-10.235423148115705,22.348724242651876,-1.5574957902720556
-10.1354319931989,22.350054257089145,-1.5574957902720556
-10.085436415740498,22.350719264307777,-1.5574957902720556
-10.035440838282094,22.351384271526413,-1.5574957902720556
-9.98544526082369,22.35204927874505,-1.5574957902720556
-9.935449683365288,22.352714285963682,-1.5574957902720556
-9.835458528448482,22.35404430040095,-1.5574957902720556
-10.209666452910064,21.822314510152484,-1.5216627288924427
-10.109787134151121,21.827225893282478,-1.5216627288924427
-10.05984747477165,21.82968158484747,-1.5216627288924427
-10.009907815392179,21.832137276412467,-1.5216627288924427
-9.959968156012707,21.834592967977464,-1.5216627288924427
-9.910028496633236,21.837048659542457,-1.5216627288924427
-9.810149177874294,21.84196004267245,-1.5216627288924427
-10.195858294454215,21.326736735600687,-1.542850241309573
-10.095897341097581,21.32953098040614,-1.542850241309573
-10.045916864419265,21.330928102808866,-1.542850241309573
-9.995936387740947,21.33232522521159,-1.542850241309573
-9.94595591106263,21.333722347614316,-1.542850241309573
-9.895975434384313,21.33511947001704,-1.542850241309573
-9.79601448102768,21.337913714822495,-1.542850241309573
-10.190351503159762,20.81025820149574,-1.560077088195209
-10.09035724820856,20.811330104828112,-1.560077088195209
-10.04036012073296,20.8118660564943,-1.560077088195209
-9.990362993257358,20.812402008160486,-1.560077088195209
-9.940365865781757,20.812937959826673,-1.560077088195209
-9.890368738306156,20.81347391149286,-1.560077088195209
-9.790374483354954,20.814545814825234,-1.560077088195209
-10.16875098596643,20.28553137049869,-1.529475999407021
-10.068836342293599,20.289662227520104,-1.529475999407021
-10.018879020457183,20.291727656030808,-1.529475999407021
-9.968921698620768,20.293793084541516,-1.529475999407021
-9.918964376784354,20.295858513052224,-1.529475999407021
-9.869007054947938,20.297923941562928,-1.529475999407021
-9.769092411275107,20.302054798584344,-1.529475999407021
-10.146924669594211,19.78547195056426,-1.5271755097256121
-10.047019793293611,19.789832649058962,-1.5271755097256121
-9.997067355143312,19.792012998306312,-1.5271755097256121
-9.94711491699301,19.794193347553662,-1.5271755097256121
-9.89716247884271,19.796373696801012,-1.5271755097256121
-9.84721004069241,19.798554046048363,-1.5271755097256121
-9.74730516439181,19.802914744543063,-1.5271755097256121
-10.143179173178908,19.272686799142168,-1.563238644586739
-10.043182029093332,19.273442560168274,-1.563238644586739
-9.993183457050545,19.273820440681323,-1.563238644586739
-9.943184885007756,19.274198321194376,-1.563238644586739
-9.893186312964968,19.27457620170743,-1.563238644586739
-9.84318774092218,19.27495408222048,-1.563238644586739
-9.743190596836605,19.275709843246585,-1.563238644586739
-10.144325646483695,18.754744740310997,-1.5729914753465122
-10.044325887417456,18.754525225632133,-1.5729914753465122
-9.994326007884338,18.7544154682927,-1.5729914753465122
-9.944326128351218,18.754305710953265,-1.5729914753465122
-9.894326248818098,18.75419595361383,-1.5729914753465122
-9.84432636928498,18.754086196274397,-1.5729914753465122
-9.74432661021874,18.753866681595532,-1.5729914753465122
-10.146766961630272,18.235423205151083,-1.5754960546387262
-10.04676806600033,18.23495323409678,-1.5754960546387262
-9.996768618185358,18.234718248569628,-1.5754960546387262
-9.946769170370388,18.234483263042478,-1.5754960546387262
-9.896769722555417,18.234248277515327,-1.5754960546387262
-9.846770274740445,18.234013291988177,-1.5754960546387262
-9.746771379110504,18.233543320933872,-1.5754960546387262
-10.148232980736823,17.71520386769118,-1.5736137170805755
-10.048233377620962,17.71492212903534,-1.5736137170805755
-9.998233576063031,17.71478125970742,-1.5736137170805755
-9.9482337745051,17.714640390379497,-1.5736137170805755
-9.89823397294717,17.714499521051575,-1.5736137170805755
-9.848234171389239,17.714358651723654,-1.5736137170805755
-9.748234568273377,17.714076913067814,-1.5736137170805755
-10.148752599193413,17.194966600550128,-1.5717945008244645
-10.048752649010979,17.194866783163747,-1.5717945008244645
-9.998752673919762,17.194816874470554,-1.5717945008244645
-9.948752698828544,17.194766965777365,-1.5717945008244645
-9.898752723737326,17.194717057084176,-1.5717945008244645
-9.84875274864611,17.194667148390984,-1.5717945008244645
-9.748752798463675,17.194567331004603,-1.5717945008244645
-10.154568819655886,16.67702878902997,-1.5820052993347722
-10.054575101643383,16.67590791524762,-1.5820052993347722
-10.00457824263713,16.675347478356446,-1.5820052993347722
-9.95458138363088,16.674787041465272,-1.5820052993347722
-9.904584524624628,16.6742266045741,-1.5820052993347722
-9.854587665618375,16.673666167682924,-1.5820052993347722
-9.754593947605873,16.672545293900576,-1.5820052993347722
-10.177124178880858,16.164524051861303,-1.6145712809137962
-10.077219975912236,16.160147954375592,-1.6145712809137962
-10.027267874427924,16.157959905632733,-1.6145712809137962
-9.977315772943614,16.155771856889878,-1.6145712809137962
-9.927363671459304,16.153583808147022,-1.6145712809137962
-9.877411569974992,16.151395759404163,-1.6145712809137962
-9.77750736700637,16.147019661918453,-1.6145712809137962
-10.189128037628965,15.640912306635597,-1.5936337279889676
-10.089154113840271,15.638628765023942,-1.5936337279889676
-10.039167151945923,15.637486994218113,-1.5936337279889676
-9.989180190051576,15.636345223412285,-1.5936337279889676
-9.939193228157228,15.635203452606456,-1.5936337279889676
-9.88920626626288,15.634061681800627,-1.5936337279889676
-9.789232342474186,15.631778140188972,-1.5936337279889676
-10.194087715664818,15.118467489551925,-1.580254992877955
-10.094092188949672,15.117521637047432,-1.580254992877955
-10.044094425592098,15.117048710795183,-1.580254992877955
-9.994096662234524,15.116575784542936,-1.580254992877955
-9.94409889887695,15.11610285829069,-1.580254992877955
-9.894101135519376,15.115629932038441,-1.580254992877955
-9.79410560880423,15.114684079533948,-1.580254992877955
-10.197071287793145,14.59786216357804,-1.5765245583867908
-10.097072928420516,14.597289343551484,-1.5765245583867908
-10.047073748734203,14.597002933538207,-1.5765245583867908
-9.99707456904789,14.596716523524929,-1.5765245583867908
-9.947075389361576,14.596430113511651,-1.5765245583867908
-9.897076209675262,14.596143703498374,-1.5765245583867908
-9.797077850302633,14.595570883471819,-1.5765245583867908
-10.214571611321364,14.08385326020936,-1.6046758331621676
-10.114628996879606,14.080465957662224,-1.6046758331621676
-10.064657689658725,14.078772306388656,-1.6046758331621676
-10.014686382437846,14.077078655115088,-1.6046758331621676
-9.964715075216967,14.07538500384152,-1.6046758331621676
-9.914743767996086,14.073691352567952,-1.6046758331621676
-9.814801153554328,14.070304050020816,-1.6046758331621676
-10.234157484926595,13.565586061323227,-1.608566506004776
-10.134228805769087,13.561809941378609,-1.608566506004776
-10.084264466190335,13.559921881406298,-1.608566506004776
-10.034300126611582,13.55803382143399,-1.608566506004776
-9.984335787032828,13.55614576146168,-1.608566506004776
-9.934371447454076,13.55425770148937,-1.608566506004776
-9.834442768296569,13.550481581544751,-1.608566506004776
-10.247183327158853,13.043216314616869,-1.5956955147802143
-10.147214324035492,13.040726653089338,-1.5956955147802143
-10.097229822473812,13.039481822325575,-1.5956955147802143
-10.047245320912133,13.03823699156181,-1.5956955147802143
-9.997260819350453,13.036992160798045,-1.5956955147802143
-9.947276317788774,13.035747330034281,-1.5956955147802143
-9.847307314665413,13.033257668506751,-1.5956955147802143
-10.286883649883857,12.536048661628861,-1.6483702386477666
-10.18718438461723,12.528299048393679,-1.6483702386477666
-10.137334751983918,12.524424241776087,-1.6483702386477666
-10.087485119350605,12.520549435158495,-1.6483702386477666
-10.037635486717292,12.516674628540903,-1.6483702386477666
-9.98778585408398,12.512799821923311,-1.6483702386477666
-9.888086588817353,12.505050208688129,-1.6483702386477666
-10.298724774677137,12.005659438353467,-1.592530380315537
-10.198748392201553,12.003486204105611,-1.592530380315537
-10.148760200963762,12.002399586981682,-1.592530380315537
-10.098772009725971,12.001312969857754,-1.592530380315537
-10.04878381848818,12.000226352733826,-1.592530380315537
-9.99879562725039,11.999139735609896,-1.592530380315537
-9.898819244774806,11.99696650136204,-1.592530380315537
-10.296499027300742,11.480508962651014,-1.5664283190796653
-10.196499981273794,11.480945762033548,-1.5664283190796653
-10.146500458260322,11.481164161724816,-1.5664283190796653
-10.096500935246848,11.481382561416083,-1.5664283190796653
-10.046501412233374,11.48160096110735,-1.5664283190796653
-9.996501889219902,11.48181936079862,-1.5664283190796653
-9.896502843192954,11.482256160181153,-1.5664283190796653
-10.29540254534969,10.961038728587388,-1.5686845804023506
-10.195402768323248,10.961249903069687,-1.5686845804023506
-10.145402879810026,10.961355490310838,-1.5686845804023506
-10.095402991296806,10.961461077551988,-1.5686845804023506
-10.045403102783586,10.961566664793137,-1.5686845804023506
-9.995403214270365,10.961672252034289,-1.5686845804023506
-9.895403437243923,10.961883426516588,-1.5686845804023506
-10.294917674804763,10.441352403499769,-1.5698630536632678
-10.194917718354697,10.441445730799384,-1.5698630536632678
-10.144917740129664,10.44149239444919,-1.5698630536632678
-10.09491776190463,10.441539058098998,-1.5698630536632678
-10.044917783679598,10.441585721748806,-1.5698630536632678
-9.994917805454564,10.441632385398613,-1.5698630536632678
-9.894917849004498,10.441725712698227,-1.5698630536632678
-10.295410377673141,9.921828363894756,-1.5717440190676464
-10.195410422579169,9.921733594681665,-1.5717440190676464
-10.145410445032184,9.921686210075121,-1.5717440190676464
-10.095410467485198,9.921638825468577,-1.5717440190676464
-10.045410489938213,9.921591440862032,-1.5717440190676464
-9.995410512391228,9.921544056255488,-1.5717440190676464
-9.895410557297255,9.921449287042398,-1.5717440190676464
-10.28715984553462,9.399160931388113,-1.5549583038198378
-10.187172387421032,9.40074466747217,-1.5549583038198378
-10.13717865836424,9.401536535514198,-1.5549583038198378
-10.087184929307448,9.402328403556227,-1.5549583038198378
-10.037191200250655,9.403120271598256,-1.5549583038198378
-9.987197471193863,9.403912139640285,-1.5549583038198378
-9.887210013080276,9.405495875724341,-1.5549583038198378
-10.2532667894603,8.870793963020853,-1.5062900034107864
-10.153474770614514,8.877240122705695,-1.5062900034107864
-10.103578761191622,8.880463202548114,-1.5062900034107864
-10.05368275176873,8.883686282390535,-1.5062900034107864
-10.003786742345836,8.886909362232956,-1.5062900034107864
-9.953890732922945,8.890132442075375,-1.5062900034107864
-9.854098714077159,8.896578601760217,-1.5062900034107864
-10.24430289487724,8.360145147981973,-1.552820354406384
-10.144319051221341,8.361942648411116,-1.552820354406384
-10.094327129393392,8.362841398625687,-1.552820354406384
-10.044335207565442,8.36374014884026,-1.552820354406384
-9.994343285737493,8.364638899054832,-1.552820354406384
-9.944351363909544,8.365537649269402,-1.552820354406384
-9.844367520253645,8.367335149698546,-1.552820354406384
-10.237774703993074,7.841517294210964,-1.5582039752899735
-10.137782632254131,7.842776496082797,-1.5582039752899735
-10.087786596384658,7.843406097018714,-1.5582039752899735
-10.037790560515187,7.84403569795463,-1.5582039752899735
-9.987794524645716,7.844665298890546,-1.5582039752899735
-9.937798488776243,7.845294899826463,-1.5582039752899735
-9.837806417037301,7.846554101698296,-1.5582039752899735
-10.206307902049408,7.313470802403462,-1.510851952481784
-10.106487514656417,7.319461650483063,-1.510851952481784
-10.056577320959919,7.322457074522864,-1.510851952481784
-10.006667127263423,7.325452498562665,-1.510851952481784
-9.956756933566927,7.328447922602466,-1.510851952481784
-9.90684673987043,7.331443346642267,-1.510851952481784
-9.807026352477438,7.337434194721869,-1.510851952481784
-10.193628808637582,6.820298154303837,-1.5448583609873183
-10.093662445655177,6.822891660052802,-1.5448583609873183
-10.043679264163975,6.824188412927284,-1.5448583609873183
-9.993696082672772,6.825485165801767,-1.5448583609873183
-9.943712901181568,6.826781918676249,-1.5448583609873183
-9.893729719690366,6.828078671550731,-1.5448583609873183
-9.793763356707961,6.830672177299697,-1.5448583609873183
-10.192501375250336,6.30505408580434,-1.5684997061379684
-10.092501638973543,6.305283747668142,-1.5684997061379684
-10.042501770835145,6.305398578600043,-1.5684997061379684
-9.992501902696748,6.305513409531944,-1.5684997061379684
-9.942502034558352,6.305628240463845,-1.5684997061379684
-9.892502166419954,6.305743071395746,-1.5684997061379684
-9.792502430143161,6.305972733259548,-1.5684997061379684
-10.194733573863349,5.786492405418941,-1.5750925146041563
-10.094734496723415,5.78606278795961,-1.5750925146041563
-10.044734958153446,5.785847979229944,-1.5750925146041563
-9.99473541958348,5.785633170500278,-1.5750925146041563
-9.944735881013512,5.785418361770612,-1.5750925146041563
-9.894736342443544,5.785203553040946,-1.5750925146041563
-9.79473726530361,5.784773935581614,-1.5750925146041563
-10.197274530636435,5.266764436358671,-1.5756852332007383
-10.097275725704346,5.266275547665614,-1.5756852332007383
-10.047276323238302,5.266031103319085,-1.5756852332007383
-9.997276920772258,5.265786658972556,-1.5756852332007383
-9.947277518306214,5.265542214626027,-1.5756852332007383
-9.89727811584017,5.265297770279498,-1.5756852332007383
-9.797279310908081,5.264808881586441,-1.5756852332007383
-10.198319964925933,4.746331655768529,-1.572803507145614
-10.098320166364513,4.746130937868231,-1.572803507145614
-10.048320267083803,4.7460305789180826,-1.572803507145614
-9.998320367803093,4.745930219967934,-1.572803507145614
-9.948320468522382,4.745829861017786,-1.572803507145614
-9.898320569241672,4.745729502067637,-1.572803507145614
-9.798320770680252,4.745528784167339,-1.572803507145614
-10.199232102988049,4.226376039107903,-1.5725505740800623
-10.099232256857185,4.226200614469361,-1.5725505740800623
-10.049232333791755,4.22611290215009,-1.5725505740800623
-9.999232410726323,4.226025189830819,-1.5725505740800623
-9.949232487660892,4.225937477511549,-1.5725505740800623
-9.899232564595462,4.225849765192278,-1.5725505740800623
-9.799232718464598,4.225674340553736,-1.5725505740800623
-10.203341066213692,3.7076554375005184,-1.5787101889377515
-10.10334419765805,3.7068640595468567,-1.5787101889377515
-10.053345763380229,3.7064683705700254,-1.5787101889377515
-10.003347329102407,3.7060726815931946,-1.5787101889377515
-9.953348894824586,3.7056769926163637,-1.5787101889377515
-9.903350460546765,3.7052813036395325,-1.5787101889377515
-9.803353591991122,3.7044899256858708,-1.5787101889377515
-10.223588933436494,3.194588844154262,-1.6100490046595877
-10.123665962181393,3.190664584281062,-1.6100490046595877
-10.073704476553843,3.1887024543444618,-1.6100490046595877
-10.023742990926293,3.186740324407862,-1.6100490046595877
-9.973781505298742,3.184778194471262,-1.6100490046595877
-9.923820019671192,3.1828160645346615,-1.6100490046595877
-9.823897048416091,3.1788918046614616,-1.6100490046595877
-10.238570913759549,2.6730293312743623,-1.5994924233612535
-10.138612084232134,2.670160115439155,-1.5994924233612535
-10.088632669468426,2.668725507521552,-1.5994924233612535
-10.038653254704718,2.6672908996039486,-1.5994924233612535
-9.98867383994101,2.665856291686345,-1.5994924233612535
-9.938694425177301,2.664421683768742,-1.5994924233612535
-9.838735595649887,2.661552467933535,-1.5994924233612535
-10.25986784838718,2.1562364793804294,-1.611952813819847
-10.159952529254276,2.1521219924658674,-1.611952813819847
-10.109994869687826,2.1500647490085867,-1.611952813819847
-10.060037210121374,2.1480075055513055,-1.611952813819847
-10.010079550554922,2.1459502620940243,-1.611952813819847
-9.960121890988471,2.1438930186367435,-1.611952813819847
-9.860206571855567,2.1397785317221816,-1.611952813819847
-10.282133670293312,1.637591977349187,-1.6137001903120232
-10.182225693251373,1.6333029071250407,-1.6137001903120232
-10.132271704730405,1.6311583720129674,-1.6137001903120232
-10.082317716209436,1.6290138369008944,-1.6137001903120232
-10.032363727688468,1.6268693017888214,-1.6137001903120232
-9.9824097391675,1.6247247666767481,-1.6137001903120232
-9.88250176212556,1.6204356964526019,-1.6137001903120232
-10.293192817217852,1.1135486484135324,-1.591805237099108
-10.193214885121758,1.1114479119262564,-1.591805237099108
-10.14322591907371,1.1103975436826181,-1.591805237099108
-10.093236953025665,1.10934717543898,-1.591805237099108
-10.043247986977619,1.108296807195342,-1.591805237099108
-9.993259020929571,1.1072464389517038,-1.591805237099108
-9.893281088833477,1.1051457024644278,-1.591805237099108
-10.31807702622423,0.5997743876724051,-1.6190483562239852
-10.218193416556574,0.5949510568980405,-1.6190483562239852
-10.168251611722743,0.5925393915108583,-1.6190483562239852
-10.118309806888915,0.590127726123676,-1.6190483562239852
-10.068368002055086,0.5877160607364937,-1.6190483562239852
-10.018426197221256,0.5853043953493116,-1.6190483562239852
-9.918542587553599,0.580481064574947,-1.6190483562239852
-10.33487616346579,0.07728561686636809,-1.6028874444491152
-10.234927651038515,0.07407705588443825,-1.6028874444491152
-10.184953394824877,0.07247277539347333,-1.6028874444491152
-10.13497913861124,0.0708684949025084,-1.6028874444491152
-10.085004882397602,0.06926421441154348,-1.6028874444491152
-10.035030626183964,0.06765993392057856,-1.6028874444491152
-9.935082113756689,0.06445137293864872,-1.6028874444491152
-10.3445433197258,-0.44522285060703387,-1.5892601165954798
-10.244560364818243,-0.447069124680232,-1.5892601165954798
-10.194568887364463,-0.44799226171683115,-1.5892601165954798
-10.144577409910685,-0.44891539875343023,-1.5892601165954798
-10.094585932456907,-0.4498385357900293,-1.5892601165954798
-10.044594455003127,-0.45076167282662843,-1.5892601165954798
-9.94461150009557,-0.4526079468998266,-1.5892601165954798
-10.371738140218065,-0.9573713483638878,-1.6236158713518092
-10.271877603003915,-0.9626508471375965,-1.6236158713518092
-10.221947334396841,-0.9652905965244508,-1.6236158713518092
-10.172017065789767,-0.9679303459113052,-1.6236158713518092
-10.122086797182693,-0.9705700952981596,-1.6236158713518092
-10.072156528575618,-0.9732098446850139,-1.6236158713518092
-9.972295991361468,-0.9784893434587226,-1.6236158713518092
-10.387331856300642,-1.4813477896232792,-1.6004454733215905
-10.287375806675362,-1.4843122698995201,-1.6004454733215905
-10.23739778186272,-1.4857945100376408,-1.6004454733215905
-10.18741975705008,-1.4872767501757613,-1.6004454733215905
-10.13744173223744,-1.4887589903138818,-1.6004454733215905
-10.087463707424797,-1.4902412304520025,-1.6004454733215905
-9.987507657799517,-1.4932057107282435,-1.6004454733215905
-10.393808580990488,-2.004584757763371,-1.5831164953414967
-10.293816170222144,-2.0058167434510024,-1.5831164953414967
-10.24381996483797,-2.006432736294818,-1.5831164953414967
-10.193823759453798,-2.0070487291386336,-1.5831164953414967
-10.143827554069626,-2.007664721982449,-1.5831164953414967
-10.093831348685452,-2.008280714826265,-1.5831164953414967
-9.993838937917108,-2.009512700513896,-1.5831164953414967
-10.406678928267377,-2.50184993300461,-1.5966360671876654
-10.306712311019044,-2.504433619503608,-1.5966360671876654
-10.256729002394877,-2.5057254627531074,-1.5966360671876654
-10.20674569377071,-2.5070173060026066,-1.5966360671876654
-10.156762385146543,-2.508309149252106,-1.5966360671876654
-10.106779076522376,-2.509600992501605,-1.5966360671876654
-10.006812459274043,-2.5121846790006033,-1.5966360671876654
-10.43821058441113,-3.013482728322449,-1.6321025801937266
-10.338398448395475,-3.0196095141022905,-1.6321025801937266
-10.288492380387646,-3.022672906992211,-1.6321025801937266
-10.238586312379818,-3.025736299882132,-1.6321025801937266
-10.188680244371989,-3.0287996927720533,-1.6321025801937266
-10.13877417636416,-3.031863085661974,-1.6321025801937266
-10.038962040348505,-3.0379898714418156,-1.6321025801937266
-10.387246281654662,-3.5584795770453987,-1.472935930764097
-10.287724732497352,-3.54870914955581,-1.472935930764097
-10.237963957918698,-3.543823935811016,-1.472935930764097
-10.188203183340043,-3.5389387220662214,-1.472935930764097
-10.138442408761389,-3.534053508321427,-1.472935930764097
-10.088681634182734,-3.5291682945766327,-1.472935930764097
-9.989160085025425,-3.519397867087044,-1.472935930764097
-9.911917321557976,-4.018657574610323,-0.6786242949818084
-9.849145049693059,-3.9408138729709674,-0.6786242949818084
-9.8177589137606,-3.90189202215129,-0.6786242949818084
-9.786372777828142,-3.8629701713316122,-0.6786242949818084
-9.754986641895684,-3.8240483205119347,-0.6786242949818084
-9.723600505963224,-3.785126469692257,-0.6786242949818084
-9.660828234098307,-3.707282768052902,-0.6786242949818084
-9.513698161126463,-4.3486473650911615,-0.6919418388295249
-9.449894799463193,-4.271646514183746,-0.6919418388295249
-9.417993118631559,-4.233146088730039,-0.6919418388295249
-9.386091437799923,-4.194645663276331,-0.6919418388295249
-9.354189756968287,-4.156145237822623,-0.6919418388295249
-9.322288076136653,-4.117644812368916,-0.6919418388295249
-9.258484714473383,-4.040643961461501,-0.6919418388295249
-9.151445317726996,-4.699451827735043,-0.7681917975151944
-9.081961720383214,-4.627535002859586,-0.7681917975151944
-9.047219921711322,-4.591576590421858,-0.7681917975151944
-9.01247812303943,-4.55561817798413,-0.7681917975151944
-8.97773632436754,-4.519659765546401,-0.7681917975151944
-8.942994525695648,-4.483701353108673,-0.7681917975151944
-8.873510928351866,-4.411784528233216,-0.7681917975151944
-8.785489096934885,-5.061950287645983,-0.7806214988778193
-8.715116985403544,-4.990902656308827,-0.7806214988778193
-8.679930929637873,-4.955378840640249,-0.7806214988778193
-8.644744873872202,-4.919855024971671,-0.7806214988778193
-8.609558818106532,-4.8843312093030935,-0.7806214988778193
-8.574372762340861,-4.848807393634515,-0.7806214988778193
-8.50400065080952,-4.777759762297359,-0.7806214988778193
-8.148242203660532,-5.151403340738627,-0.06266666671330363
-8.141979637833286,-5.051599632043712,-0.06266666671330363
-8.138848354919665,-5.001697777696255,-0.06266666671330363
-8.135717072006042,-4.951795923348797,-0.06266666671330363
-8.132585789092419,-4.901894069001339,-0.06266666671330363
-8.129454506178798,-4.851992214653882,-0.06266666671330363
-8.123191940351552,-4.7521885059589675,-0.06266666671330363
-7.60344761510781,-5.0343679139032,0.22651236925317428
-7.625905650613238,-4.9369223565840645,0.22651236925317428
-7.637134668365953,-4.888199577924497,0.22651236925317428
-7.6483636861186675,-4.839476799264929,0.22651236925317428
-7.659592703871382,-4.790754020605362,0.22651236925317428
-7.670821721624097,-4.742031241945794,0.22651236925317428
-7.693279757129525,-4.644585684626659,0.22651236925317428
-7.107082644014806,-4.971669600988535,0.1276032966696576
-7.119808373302881,-4.87248262697437,0.1276032966696576
-7.126171237946919,-4.8228891399672875,0.1276032966696576
-7.132534102590957,-4.773295652960205,0.1276032966696576
-7.138896967234994,-4.723702165953123,0.1276032966696576
-7.145259831879033,-4.67410867894604,0.1276032966696576
-7.1579855611671075,-4.574921704931875,0.1276032966696576
-6.603338771009645,-4.947231791468782,0.049677793091459595
-6.608304507254455,-4.847355160250328,0.049677793091459595
-6.610787375376859,-4.797416844641101,0.049677793091459595
-6.613270243499263,-4.747478529031874,0.049677793091459595
-6.615753111621668,-4.697540213422648,0.049677793091459595
-6.618235979744072,-4.647601897813421,0.049677793091459595
-6.623201715988881,-4.547725266594967,0.049677793091459595
-6.092180044241959,-4.943771365224305,0.00712386467203798
-6.092892424683642,-4.843773902685967,0.00712386467203798
-6.093248614904484,-4.793775171416798,0.00712386467203798
-6.093604805125325,-4.743776440147629,0.00712386467203798
-6.0939609953461655,-4.69377770887846,0.00712386467203798
-6.094317185567007,-4.643778977609291,0.00712386467203798
-6.09502956600869,-4.543781515070953,0.00712386467203798
-5.5716296179621025,-4.936269492597849,0.014420653015177034
-5.573071633283303,-4.8362798901793305,0.014420653015177034
-5.5737926409439025,-4.786285088970072,0.014420653015177034
-5.574513648604502,-4.736290287760812,0.014420653015177034
-5.575234656265102,-4.686295486551552,0.014420653015177034
-5.5759556639257015,-4.6363006853422934,0.014420653015177034
-5.577397679246902,-4.536311082923775,0.014420653015177034
-5.043763433938779,-4.904120824638016,0.06124239604037673
-5.049883845966787,-4.804308297585509,0.06124239604037673
-5.0529440519807896,-4.754402034059256,0.06124239604037673
-5.056004257994793,-4.704495770533002,0.06124239604037673
-5.059064464008797,-4.654589507006749,0.06124239604037673
-5.0621246700228,-4.604683243480496,0.06124239604037673
-5.068245082050807,-4.504870716427988,0.06124239604037673
-4.531928243086048,-4.892752696228643,0.022500018074184575
-4.534178055054064,-4.792778007701454,0.022500018074184575
-4.535302961038072,-4.74279066343786,0.022500018074184575
-4.536427867022081,-4.692803319174264,0.022500018074184575
-4.537552773006089,-4.642815974910669,0.022500018074184575
-4.538677678990097,-4.592828630647075,0.022500018074184575
-4.540927490958113,-4.492853942119885,0.022500018074184575
-4.016211775330886,-4.891522005732897,0.00246420304621153
-4.016458195386117,-4.7915223093475765,0.00246420304621153
-4.016581405413733,-4.741522461154916,0.00246420304621153
-4.016704615441349,-4.691522612962255,0.00246420304621153
-4.016827825468965,-4.6415227647695945,0.00246420304621153
-4.016951035496581,-4.591522916576934,0.00246420304621153
-4.017197455551813,-4.491523220191613,0.00246420304621153
-3.4977360496407917,-4.893544092122926,-0.003892247285817115
-3.497346825894975,-4.793544849601417,-0.003892247285817115
-3.4971522140220666,-4.743545228340661,-0.003892247285817115
-3.496957602149158,-4.693545607079907,-0.003892247285817115
-3.49676299027625,-4.643545985819152,-0.003892247285817115
-3.4965683784033414,-4.593546364558397,-0.003892247285817115
-3.4961791546575247,-4.493547122036888,-0.003892247285817115
-2.9783301979980377,-4.89626208563843,-0.0052324960800079956
-2.97780695077771,-4.796263454586067,-0.0052324960800079956
-2.977545327167546,-4.746264139059886,-0.0052324960800079956
-2.9772837035573825,-4.6962648235337054,-0.0052324960800079956
-2.977022079947219,-4.646265508007525,-0.0052324960800079956
-2.976760456337055,-4.596266192481344,-0.0052324960800079956
-2.9762372091167273,-4.496267561428981,-0.0052324960800079956
-2.458105135979837,-4.897579181096535,-0.002530371170000742
-2.4578520991328605,-4.797579501235277,-0.002530371170000742
-2.457725580709372,-4.7475796613046475,-0.002530371170000742
-2.4575990622858837,-4.697579821374019,-0.002530371170000742
-2.457472543862395,-4.64757998144339,-0.002530371170000742
-2.457346025438907,-4.59758014151276,-0.002530371170000742
-2.4570929885919304,-4.497580461651503,-0.002530371170000742
-1.9393592975895229,-4.901956540169397,-0.008431437385566301
-1.9385161638406574,-4.80196009460516,-0.008431437385566301
-1.9380945969662247,-4.751961871823041,-0.008431437385566301
-1.937673030091792,-4.7019636490409225,-0.008431437385566301
-1.9372514632173592,-4.651965426258804,-0.008431437385566301
-1.9368298963429265,-4.6019672034766845,-0.008431437385566301
-1.935986762594061,-4.5019707579124475,-0.008431437385566301
-1.4277851715254448,-4.916732553252015,-0.0287943802990679
-1.4249061313772284,-4.816774006204628,-0.0287943802990679
-1.4234666113031202,-4.766794732680933,-0.0287943802990679
-1.422027091229012,-4.716815459157239,-0.0287943802990679
-1.4205875711549039,-4.666836185633545,-0.0287943802990679
-1.4191480510807957,-4.61685691210985,-0.0287943802990679
-1.4162690109325793,-4.516898365062462,-0.0287943802990679
-0.908919811607771,-4.538192464295158,0.7119792304769581
-0.9742531582325633,-4.462485438076948,0.7119792304769581
-1.0069198315449595,-4.4246319249678425,0.7119792304769581
-1.0395865048573556,-4.386778411858738,0.7119792304769581
-1.0722531781697517,-4.348924898749633,0.7119792304769581
-1.1049198514821479,-4.311071385640528,0.7119792304769581
-1.1702531981069402,-4.235364359422317,0.7119792304769581
-0.5507208746679707,-4.119706185866113,0.867231009192971
-0.626974923703385,-4.0550121366366465,0.867231009192971
-0.6651019482210923,-4.0226651120219135,0.867231009192971
-0.7032289727387994,-3.99031808740718,0.867231009192971
-0.7413559972565065,-3.957971062792447,0.867231009192971
-0.7794830217742137,-3.9256240381777134,0.867231009192971
-0.855737070809628,-3.860929988948247,0.867231009192971
-0.18862307435141065,-3.7784066623108434,0.7582240860705236
-0.257386385654908,-3.705800829083903,0.7582240860705236
-0.2917680413066567,-3.6694979124704328,0.7582240860705236
-0.32614969695840534,-3.6331949958569623,0.7582240860705236
-0.360531352610154,-3.5968920792434917,0.7582240860705236
-0.3949130082619027,-3.5605891626300217,0.7582240860705236
-0.4636763195654,-3.487983329403081,0.7582240860705236
0.17984234169336766,-3.4172227287097323,0.7754767550279199
0.1098366817301044,-3.3458139927378086,0.7754767550279199
0.07483385174847276,-3.3101096247518464,0.7754767550279199
0.03983102176684114,-3.2744052567658843,0.7754767550279199
0.004828191785209511,-3.2387008887799222,0.7754767550279199
-0.03017463819642212,-3.20299652079396,0.7754767550279199
-0.10018029815968538,-3.1315877848220364,0.7754767550279199
0.19547427661336642,-2.7556164305118815,1.6575334640337345
0.0958502073858661,-2.7642792724563146,1.6575334640337345
0.046038172772115936,-2.7686106934285313,1.6575334640337345
-0.003773861841634224,-2.7729421144007476,1.6575334640337345
-0.053585896455384384,-2.777273535372964,1.6575334640337345
-0.10339793106913454,-2.7816049563451806,1.6575334640337345
-0.20302200029663486,-2.7902677982896136,1.6575334640337345
0.09273230734061488,-2.2431084454555275,1.7711079413963609
-0.00526815485877305,-2.26300591787557,1.7711079413963609
-0.054268385958467016,-2.272954654085591,1.7711079413963609
-0.10326861705816098,-2.282903390295612,1.7711079413963609
-0.15226884815785496,-2.292852126505633,1.7711079413963609
-0.20126907925754892,-2.302800862715654,1.7711079413963609
-0.29926954145693685,-2.3226983351356965,1.7711079413963609
0.051562192899111015,-1.7670346581806777,1.6596568759885524
-0.04804325696374605,-1.775909023375883,1.6596568759885524
-0.09784598189517457,-1.7803462059734856,1.6596568759885524
-0.1476487068266031,-1.7847833885710882,1.6596568759885524
-0.19745143175803165,-1.7892205711686908,1.6596568759885524
-0.24725415668946016,-1.7936577537662934,1.6596568759885524
-0.34685960655231723,-1.8025321189614987,1.6596568759885524
0.042969867687150415,-1.2612620813575175,1.5887760005262652
-0.0570139693148982,-1.2630599518611338,1.5887760005262652
-0.10700588781592252,-1.2639588871129421,1.5887760005262652
-0.15699780631694682,-1.2648578223647504,1.5887760005262652
-0.20698972481797112,-1.2657567576165587,1.5887760005262652
-0.2569816433189954,-1.266655692868367,1.5887760005262652
-0.356965480321044,-1.2684535633719833,1.5887760005262652
0.041916094691957645,-0.7445459156786074,1.5728845616998965
-0.05808368727187066,-0.7447547390173371,1.5728845616998965
-0.10808357825378481,-0.744859150686702,1.5728845616998965
-0.15808346923569896,-0.7449635623560669,1.5728845616998965
-0.20808336021761312,-0.7450679740254317,1.5728845616998965
-0.25808325119952724,-0.7451723856947966,1.5728845616998965
-0.35808303316335555,-0.7453812090335263,1.5728845616998965
0.04468279134479916,-0.22636221227531994,1.565467773284976
-0.055315788984434566,-0.2258293594459275,1.565467773284976
-0.10531507914905143,-0.22556293303123126,1.565467773284976
-0.1553143693136683,-0.22529650661653502,1.565467773284976
-0.20531365947828517,-0.2250300802018388,1.565467773284976
-0.255312949642902,-0.22476365378714255,1.565467773284976
-0.3553115299721358,-0.2242308009577501,1.565467773284976
0.046425143010316194,0.29364905272740793,1.5674464885634778
-0.05357429591939965,0.2939840359240513,1.5674464885634778
-0.10357401538425756,0.29415152752237306,1.5674464885634778
-0.1535737348491155,0.29431901912069475,1.5674464885634778
-0.20357345431397342,0.29448651071901644,1.5674464885634778
-0.2535731737788313,0.2946540023173382,1.5674464885634778
-0.3535726127085472,0.29498898551398156,1.5674464885634778
0.04802382484096926,0.8133451186797982,1.5677201647785708
-0.05197570202076632,0.8136527343962807,1.5677201647785708
-0.1019754654516341,0.8138065422545219,1.5677201647785708
-0.1519752288825019,0.8139603501127631,1.5677201647785708
-0.20197499231336968,0.8141141579710044,1.5677201647785708
-0.25197475574423744,0.8142679658292455,1.5677201647785708
-0.3519742826059731,0.8145755815457281,1.5677201647785708
0.04822509852006171,1.3336592293160787,1.5704108871792093
-0.05177489405175352,1.333697773276693,1.5704108871792093
-0.10177489033766113,1.3337170452570002,1.5704108871792093
-0.15177488662356875,1.3337363172373073,1.5704108871792093
-0.20177488290947637,1.3337555892176145,1.5704108871792093
-0.251774879195384,1.3337748611979217,1.5704108871792093
-0.35177487176719924,1.333813405158536,1.5704108871792093
0.03848495633976645,1.856466068092009,1.5894942951358355
-0.061497563468515204,1.8545963802072085,1.5894942951358355
-0.11148882337265603,1.8536615362648083,1.5894942951358355
-0.16148008327679686,1.8527266923224082,1.5894942951358355
-0.2114713431809377,1.851791848380008,1.5894942951358355
-0.2614626030850785,1.8508570044376078,1.5894942951358355
-0.36144512289336017,1.8489873165528072,1.5894942951358355
0.003982490384558057,2.3846984885360634,1.636436704133478
-0.09580215399974058,2.3781391634870164,1.636436704133478
-0.1456944761918899,2.3748595009624927,1.636436704133478
-0.19558679838403922,2.371579838437969,1.636436704133478
-0.24547912057618854,2.368300175913445,1.636436704133478
-0.2953714427683379,2.3650205133889215,1.636436704133478
-0.3951560871526365,2.3584611883398745,1.636436704133478
-0.00555561673222521,2.8953305768778934,1.5898971903189667
-0.10553737513747691,2.8934206066703028,1.5898971903189667
-0.15552825434010276,2.892465621566507,1.5898971903189667
-0.2055191335427286,2.891510636462712,1.5898971903189667
-0.25551001274535445,2.890555651358917,1.5898971903189667
-0.3055008919479803,2.8896006662551215,1.5898971903189667
-0.405482650353232,2.887690696047531,1.5898971903189667
-0.006263376489720224,3.411617378261413,1.5722276624249092
-0.10626327405365343,3.4114742447472852,1.5722276624249092
-0.15626322283562005,3.4114026779902216,1.5722276624249092
-0.20626317161758664,3.4113311112331575,1.5722276624249092
-0.25626312039955323,3.4112595444760934,1.5722276624249092
-0.30626306918151985,3.4111879777190297,1.5722276624249092
-0.40626296674545304,3.411044844204902,1.5722276624249092
-0.0050082169533882115,3.9305959048266734,1.568380663927675
-0.1050079251821757,3.9308374708784553,1.568380663927675
-0.15500777929656945,3.9309582539043464,1.568380663927675
-0.20500763341096317,3.931079036930237,1.568380663927675
-0.2550074875253569,3.9311998199561278,1.568380663927675
-0.30500734163975063,3.931320602982019,1.568380663927675
-0.40500704986853814,3.9315621690338007,1.568380663927675
-0.0037873472896207683,4.449978834348932,1.5684457162480248
-0.10378707102125083,4.450213895187153,1.5684457162480248
-0.15378693288706585,4.4503314256062625,1.5684457162480248
-0.2037867947528809,4.450448956025373,1.5684457162480248
-0.2537866566186959,4.450566486444484,1.5684457162480248
-0.30378651848451094,4.450684016863594,1.5684457162480248
-0.403786242216141,4.450919077701815,1.5684457162480248
-0.03571102242704055,4.981130429884927,1.6315755977490582
-0.1355263732916573,4.975056244196832,1.6315755977490582
-0.18543404872396566,4.972019151352784,1.6315755977490582
-0.23534172415627402,4.968982058508737,1.6315755977490582
-0.2852493995885824,4.96594496566469,1.6315755977490582
-0.33515707502089076,4.962907872820642,1.6315755977490582
-0.4349724258855075,4.956833687132547,1.6315755977490582
-0.053622058685285606,5.475960758758784,1.6070978487182395
-0.15355617589609583,5.472331403816643,1.6070978487182395
-0.20352323450150092,5.470516726345572,1.6070978487182395
-0.253490293106906,5.468702048874501,1.6070978487182395
-0.30345735171231114,5.4668873714034305,1.6070978487182395
-0.3534244103177162,5.46507269393236,1.6070978487182395
-0.45335852752852646,5.461443338990218,1.6070978487182395
-0.05759458757597552,5.99010734580067,1.5786796840097115
-0.15759148022601954,5.989319018244655,1.5786796840097115
-0.20758992655104155,5.988924854466648,1.5786796840097115
-0.25758837287606356,5.98853069068864,1.5786796840097115
-0.30758681920108555,5.988136526910633,1.5786796840097115
-0.3575852655261076,5.987742363132626,1.5786796840097115
-0.4575821581761516,5.986954035576611,1.5786796840097115
-0.06381659033502146,6.510370799218616,1.582758284694304
-0.1638094359984913,6.509174631955435,1.582758284694304
-0.2138058588302262,6.508576548323846,1.582758284694304
-0.2638022816619611,6.507978464692255,1.582758284694304
-0.31379870449369607,6.507380381060664,1.582758284694304
-0.36379512732543096,6.5067822974290745,1.582758284694304
-0.4637879729889008,6.505586130165894,1.582758284694304
-0.09652145590988193,7.039280083628492,1.6330290374729652
-0.196327872885539,7.0330608288112915,1.6330290374729652
-0.24623108137336752,7.029951201402691,1.6330290374729652
-0.29613428986119605,7.026841573994091,1.6330290374729652
-0.3460374983490246,7.023731946585491,1.6330290374729652
-0.3959407068368531,7.02062231917689,1.6330290374729652
-0.4957471238125102,7.014403064359689,1.6330290374729652
-0.12321596171720034,7.555843453323212,1.6224491557951666
-0.22308259063697064,7.550680466958626,1.6224491557951666
-0.2730159050968558,7.548098973776333,1.6224491557951666
-0.32294921955674094,7.54551748059404,1.6224491557951666
-0.3728825340166261,7.542935987411748,1.6224491557951666
-0.4228158484765112,7.5403544942294545,1.6224491557951666
-0.5226824773962815,7.535191507864869,1.6224491557951666
-0.1547487712256568,8.076627863164031,1.6312861451779637
-0.2545658760975094,8.070582569539932,1.6312861451779637
-0.3044744285334357,8.067559922727883,1.6312861451779637
-0.354382980969362,8.064537275915832,1.6312861451779637
-0.4042915334052883,8.061514629103781,1.6312861451779637
-0.4542000858412146,8.058491982291732,1.6312861451779637
-0.5540171907130672,8.052446688667633,1.6312861451779637
-0.1956360884500198,8.59824861970095,1.649082045752882
-0.2953298122300689,8.590428041789615,1.649082045752882
-0.3451766741200934,8.586517752833945,1.649082045752882
-0.3950235360101179,8.582607463878277,1.649082045752882
-0.44487039790014243,8.57869717492261,1.649082045752882
-0.49471725979016695,8.57478688596694,1.649082045752882
-0.594410983570216,8.566966308055605,1.649082045752882
-0.24473508137326164,9.118819988668937,1.6648833895209973
-0.3442927890272639,9.109425157819997,1.6648833895209973
-0.394071642854265,9.104727742395525,1.6648833895209973
-0.44385049668126614,9.100030326971055,1.6648833895209973
-0.4936293505082673,9.095332911546585,1.6648833895209973
-0.5434082043352684,9.090635496122113,1.6648833895209973
-0.6429659119892707,9.081240665273173,1.6648833895209973
-0.2762225512469344,9.611882333815641,1.634754473254468
-0.376018088734886,9.605490878778573,1.634754473254468
-0.4259158574788618,9.60229515126004,1.634754473254468
-0.47581362622283757,9.599099423741507,1.634754473254468
-0.5257113949668134,9.595903696222972,1.634754473254468
-0.5756091637107892,9.59270796870444,1.634754473254468
-0.6754047011987407,9.586316513667372,1.634754473254468
-0.27416586788215014,10.117633461753496,1.5676205579372289
-0.37416536360718206,10.117951038105442,1.5676205579372289
-0.42416511146969804,10.118109826281415,1.5676205579372289
-0.47416485933221403,10.118268614457389,1.5676205579372289
-0.52416460719473,10.118427402633362,1.5676205579372289
-0.574164355057246,10.118586190809335,1.5676205579372289
-0.6741638507822779,10.118903767161282,1.5676205579372289
-0.2975148612556008,10.646463183487974,1.6153501487256638
-0.3974156255203988,10.642009275169512,1.6153501487256638
-0.4473660076527978,10.639782321010282,1.6153501487256638
-0.4973163897851968,10.637555366851052,1.6153501487256638
-0.5472667719175959,10.635328412691821,1.6153501487256638
-0.5972171540499949,10.633101458532591,1.6153501487256638
-0.6971179183147929,10.62864755021413,1.6153501487256638
-0.30600478656918134,11.160699676253284,1.5874558746746226
-0.4059909098633536,11.159033798525906,1.5874558746746226
-0.4559839715104398,11.158200859662218,1.5874558746746226
-0.505977033157526,11.157367920798528,1.5874558746746226
-0.5559700948046121,11.156534981934838,1.5874558746746226
-0.6059631564516983,11.15570204307115,1.5874558746746226
-0.7059492797458706,11.154036165343772,1.5874558746746226
-0.3076746075612028,11.677794156302944,1.5740602546737008
-0.4076740749004158,11.677467764094585,1.5740602546737008
-0.4576738085700223,11.677304567990406,1.5740602546737008
-0.5076735422396288,11.677141371886227,1.5740602546737008
-0.5576732759092353,11.676978175782049,1.5740602546737008
-0.6076730095788417,11.67681497967787,1.5740602546737008
-0.7076724769180548,11.67648858746951,1.5740602546737008
-0.30568336425143455,12.19606439455925,1.566963967353567
-0.405682629903389,12.196447629565288,1.566963967353567
-0.4556822627293662,12.196639247068306,1.566963967353567
-0.5056818955553434,12.196830864571325,1.566963967353567
-0.5556815283813206,12.197022482074344,1.566963967353567
-0.6056811612072978,12.197214099577362,1.566963967353567
-0.7056804268592523,12.1975973345834,1.566963967353567
-0.30316425866235974,12.71546025982553,1.5659464955164963
-0.4031630826214934,12.71594524105217,1.5659464955164963
-0.4531624946010603,12.716187731665489,1.5659464955164963
-0.5031619065806271,12.716430222278808,1.5659464955164963
-0.5531613185601939,12.716672712892127,1.5659464955164963
-0.6031607305397608,12.716915203505446,1.5659464955164963
-0.7031595544988944,12.717400184732085,1.5659464955164963
-0.302051732940263,13.235635540049191,1.5686589928884656
-0.40205150453053856,13.235849273277104,1.5686589928884656
-0.4520513903256763,13.235956139891062,1.5686589928884656
-0.5020512761208141,13.236063006505018,1.5686589928884656
-0.5520511619159519,13.236169873118975,1.5686589928884656
-0.6020510477110897,13.236276739732933,1.5686589928884656
-0.7020508193013653,13.236490472960845,1.5686589928884656
-0.3068499094331122,13.757327351019272,1.580018138290272
-0.4068456573728831,13.756405182940338,1.580018138290272
-0.45684353134276856,13.75594409890087,1.580018138290272
-0.506841405312654,13.755483014861403,1.580018138290272
-0.5568392792825394,13.755021930821936,1.580018138290272
-0.6068371532524248,13.754560846782468,1.580018138290272
-0.7068329011921958,13.753638678703533,1.580018138290272
-0.3420015855556733,14.287444196338415,1.6376333350912062
-0.44177830940834234,14.280765470619519,1.6376333350912062
-0.4916666713346769,14.277426107760073,1.6376333350912062
-0.5415550332610114,14.274086744900625,1.6376333350912062
-0.5914433951873459,14.270747382041177,1.6376333350912062
-0.6413317571136805,14.267408019181731,1.6376333350912062
-0.7411084809663495,14.260729293462836,1.6376333350912062
-0.3546645546155204,14.798929412848116,1.5958890611117809
-0.45463307400159925,14.796420402733514,1.5958890611117809
-0.5046173336946387,14.795165897676213,1.5958890611117809
-0.5546015933876781,14.793911392618913,1.5958890611117809
-0.6045858530807176,14.792656887561613,1.5958890611117809
-0.654570112773757,14.791402382504312,1.5958890611117809
-0.7545386321598359,14.78889337238971,1.5958890611117809
-0.3566509280705732,15.314469314761118,1.5747360925154061
-0.4566501519838804,15.314075339208266,1.5747360925154061
-0.5066497639405341,15.31387835143184,1.5747360925154061
-0.5566493758971877,15.313681363655416,1.5747360925154061
-0.6066489878538412,15.313484375878991,1.5747360925154061
-0.656648599810495,15.313287388102566,1.5747360925154061
-0.7566478237238021,15.312893412549714,1.5747360925154061
-0.35738030510529906,15.833372096011365,1.572203176297787
-0.4573802061440392,15.833231411107484,1.572203176297787
-0.5073801566634092,15.833161068655542,1.572203176297787
-0.5573801071827793,15.833090726203602,1.572203176297787
-0.6073800577021494,15.833020383751663,1.572203176297787
-0.6573800082215194,15.832950041299721,1.572203176297787
-0.7573799092602596,15.83280935639584,1.572203176297787
-0.3613924217441536,16.354512804873927,1.5785025092823144
-0.46138945249642127,16.35374219425239,1.5785025092823144
-0.5113879678725551,16.35335688894162,1.5785025092823144
-0.561386483248689,16.35297158363085,1.5785025092823144
-0.6113849986248229,16.352586278320082,1.5785025092823144
-0.6613835140009567,16.35220097300931,1.5785025092823144
-0.7613805447532245,16.351430362387774,1.5785025092823144
-0.35681597656064645,16.870745501835497,1.5619843278851067
-0.45681209401953093,16.87162669032213,1.5619843278851067
-0.5068101527489731,16.87206728456545,1.5619843278851067
-0.5568082114784154,16.872507878808765,1.5619843278851067
-0.6068062702078577,16.87294847305208,1.5619843278851067
-0.6568043289372999,16.8733890672954,1.5619843278851067
-0.7568004463961844,16.874270255782033,1.5619843278851067
-0.3499863688067627,17.389462415556274,1.5576343863637143
-0.4499777070980119,17.390778571597544,1.5576343863637143
-0.49997337624363647,17.391436649618175,1.5576343863637143
-0.5499690453892611,17.39209472763881,1.5576343863637143
-0.5999647145348856,17.392752805659445,1.5576343863637143
-0.6499603836805102,17.393410883680076,1.5576343863637143
-0.7499517219717594,17.394727039721346,1.5576343863637143
-0.3247679903266932,17.901009794162064,1.5217888273664424
-0.4246479276094701,17.90590858262336,1.5217888273664424
-0.4745878962508586,17.90835797685401,1.5217888273664424
-0.5245278648922471,17.91080737108466,1.5217888273664424
-0.5744678335336356,17.913256765315307,1.5217888273664424
-0.6244078021750241,17.915706159545955,1.5217888273664424
-0.7242877394578011,17.920604948007252,1.5217888273664424
-0.31103530664439355,18.424635233274735,1.54467617933076
-0.41100119547867864,18.427246951018166,1.54467617933076
-0.46098413989582115,18.428552809889883,1.54467617933076
-0.5109670843129637,18.4298586687616,1.54467617933076
-0.5609500287301062,18.431164527633317,1.54467617933076
-0.6109329731472487,18.432470386505035,1.54467617933076
-0.7108988619815337,18.435082104248465,1.54467617933076
-0.29160052777993506,18.941726404644925,1.5332543999186885
-0.391530066242525,18.945479715537157,1.5332543999186885
-0.44149483547382,18.947356370983275,1.5332543999186885
-0.491459604705115,18.94923302642939,1.5332543999186885
-0.54142437393641,18.951109681875504,1.5332543999186885
-0.591389143167705,18.952986337321622,1.5332543999186885
-0.691318681630295,18.956739648213855,1.5332543999186885
-0.2690330763000052,19.459195934204313,1.5272198047714571
-0.3689381456599363,19.46355220740366,1.5272198047714571
-0.4188906803399019,19.465730344003333,1.5272198047714571
-0.4688432150198675,19.467908480603008,1.5272198047714571
-0.518795749699833,19.470086617202682,1.5272198047714571
-0.5687482843797986,19.472264753802357,1.5272198047714571
-0.6686533537397297,19.476621027001702,1.5272198047714571
-0.25791391744303116,19.98281230215637,1.5496603495959227
-0.35789158179794134,19.98492574251203,1.5496603495959227
-0.4078804139753964,19.985982462689858,1.5496603495959227
-0.4578692461528515,19.987039182867687,1.5496603495959227
-0.5078580783303066,19.988095903045515,1.5496603495959227
-0.5578469105077617,19.989152623223344,1.5496603495959227
-0.6578245748626719,19.991266063579005,1.5496603495959227
-0.23285000997860525,20.496273697435473,1.5221684395472472
-0.3327317997044892,20.5011345699039,1.5221684395472472
-0.3826726945674312,20.503565006138114,1.5221684395472472
-0.43261358943037315,20.505995442372328,1.5221684395472472
-0.4825544842933151,20.50842587860654,1.5221684395472472
-0.5324953791562571,20.510856314840755,1.5221684395472472
-0.632377168882141,20.515717187309182,1.5221684395472472
-0.21022479699960295,21.016261278679355,1.5273177845857289
-0.31013029270682585,21.020607763177665,1.5273177845857289
-0.3600830405604373,21.022781005426822,1.5273177845857289
-0.41003578841404875,21.02495424767598,1.5273177845857289
-0.45998853626766023,21.027127489925135,1.5273177845857289
-0.5099412841212716,21.029300732174292,1.5273177845857289
-0.6098467798284946,21.033647216672602,1.5273177845857289
-0.1829407810598591,21.533044435442918,1.5180659702967025
-0.28280178874508316,21.538315027828183,1.5180659702967025
-0.33273229258769516,21.540950324020816,1.5180659702967025
-0.3826627964303072,21.54358562021345,1.5180659702967025
-0.43259330027291926,21.54622091640608,1.5180659702967025
-0.48252380411553125,21.548856212598714,1.5180659702967025
-0.5823848118007553,21.55412680498398,1.5180659702967025
-0.16070584921540723,22.053807560762003,1.528144908537409
-0.26061490582928154,22.058071409554547,1.528144908537409
-0.31056943413621874,22.060203333950817,1.528144908537409
-0.3605239624431559,22.062335258347087,1.528144908537409
-0.410478490750093,22.064467182743357,1.528144908537409
-0.4604330190570302,22.066599107139627,1.528144908537409
-0.5603420756709045,22.07086295593217,1.528144908537409
-0.13519958263360946,22.57132126375579,1.5215583822181984
-0.23507838836230288,22.576243068933763,1.5215583822181984
-0.2850177912266496,22.57870397152275,1.5215583822181984
-0.33495719409099634,22.581164874111735,1.5215583822181984
-0.38489659695534306,22.58362577670072,1.5215583822181984
-0.4348359998196898,22.586086679289707,1.5215583822181984
-0.5347148055483832,22.59100848446768,1.5215583822181984
-0.11585652877256411,23.092651256214403,1.533738493733627
-0.21578787248058695,23.096356191397234,1.533738493733627
-0.2657535443345984,23.098208658988653,1.533738493733627
-0.3157192161886098,23.10006112658007,1.533738493733627
-0.3656848880426212,23.101913594171485,1.533738493733627
-0.4156505598966327,23.103766061762904,1.533738493733627
-0.5155819036046555,23.107470996945736,1.533738493733627
-0.10779311943098227,23.616426725605375,1.5554931022893077
-0.20778141022548513,23.617956988325933,1.5554931022893077
-0.2577755556227366,23.618722119686215,1.5554931022893077
-0.307769701019988,23.619487251046493,1.5554931022893077
-0.35776384641723946,23.620252382406772,1.5554931022893077
-0.4077579918144909,23.621017513767054,1.5554931022893077
-0.5077462826089938,23.62254777648761,1.5554931022893077
-0.10248887470480139,24.136950550628804,1.560611506773326
-0.2024836882216911,24.137969015023103,1.560611506773326
-0.25248109498013593,24.13847824722025,1.560611506773326
-0.3024785017385808,24.1389874794174,1.560611506773326
-0.3524759084970257,24.139496711614548,1.560611506773326
-0.40247331525547053,24.140005943811694,1.560611506773326
-0.5024681287723602,24.141024408205993,1.560611506773326
-0.08762785465771483,24.65264160123394,1.5420533747687086
-0.187586549636977,24.655515500682917,1.5420533747687086
-0.23756589712660808,24.656952450407406,1.5420533747687086
-0.28754524461623915,24.658389400131895,1.5420533747687086
-0.3375245921058702,24.659826349856385,1.5420533747687086
-0.38750393959550133,24.661263299580874,1.5420533747687086
-0.48746263457476346,24.66413719902985,1.5420533747687086
-0.06738348038089856,25.16949580322907,1.5316687444453951
-0.16730694176146643,25.173407563156026,1.5316687444453951
-0.21726867245175036,25.175363443119508,1.5316687444453951
-0.2672304031420343,25.177319323082987,1.5316687444453951
-0.3171921338323182,25.179275203046465,1.5316687444453951
-0.3671538645226021,25.181231083009948,1.5316687444453951
-0.46707732590316997,25.185142842936905,1.5316687444453951
-0.05807435493061533,25.69320578179902,1.5531106244599198
-0.15805871613489814,25.694974259837196,1.5531106244599198
-0.20805089673703955,25.695858498856282,1.5531106244599198
-0.25804307733918097,25.69674273787537,1.5531106244599198
-0.30803525794132236,25.697626976894455,1.5531106244599198
-0.3580274385434638,25.69851121591354,1.5531106244599198
-0.45801179974774664,25.700279693951718,1.5531106244599198
-0.05432865338392931,26.21485523783331,1.5636371959895046
-0.15432609073718023,26.215571144798396,1.5636371959895046
-0.20432480941380568,26.215929098280938,1.5636371959895046
-0.25432352809043113,26.216287051763484,1.5636371959895046
-0.3043222467670566,26.21664500524603,1.5636371959895046
-0.354320965443682,26.21700295872857,1.5636371959895046
-0.4543184027969329,26.21771886569366,1.5636371959895046
-0.05279327803764017,26.735437444104203,1.5678504024520514
-0.1527928441144423,26.73573203611239,1.5678504024520514
-0.20279262715284335,26.73587933211648,1.5678504024520514
-0.25279241019124443,26.73602662812057,1.5678504024520514
-0.3027921932296455,26.73617392412466,1.5678504024520514
-0.3527919762680466,26.73632122012875,1.5678504024520514
-0.4527915423448487,26.736615812136936,1.5678504024520514
-0.04582447233317177,27.23326934857185,1.5568233527009003
-0.1458147102917534,27.2346666005127,1.5568233527009003
-0.19580982927104426,27.23536522648313,1.5568233527009003
-0.24580494825033508,27.236063852453555,1.5568233527009003
-0.29580006722962593,27.23676247842398,1.5568233527009003
-0.34579518620891675,27.23746110439441,1.5568233527009003
-0.4457854241674984,27.23885835633526,1.5568233527009003
-0.2211049518762648,27.790310501959812,1.89505651256897
-0.3158936215001658,27.75844974065486,1.89505651256897
-0.3632879563121163,27.742519360002387,1.89505651256897
-0.4106822911240668,27.726588979349913,1.89505651256897
-0.4580766259360173,27.71065859869744,1.89505651256897
-0.5054709607479678,27.694728218044965,1.89505651256897
-0.6002596303718688,27.662867456740013,1.89505651256897
-0.2974797172796952,28.271794671793906,1.7334545792980418
-0.3961597460626656,28.255600477791358,1.7334545792980418
-0.44549976045415074,28.247503380790082,1.7334545792980418
-0.49483977484563596,28.23940628378881,1.7334545792980418
-0.5441797892371212,28.231309186787538,1.7334545792980418
-0.5935198036286063,28.223212089786262,1.7334545792980418
-0.6921998324115768,28.207017895783714,1.7334545792980418
-0.5442772663923772,28.78394379827668,2.035806659840571
-0.6336589595909486,28.739100594544606,2.035806659840571
-0.6783498061902344,28.71667899267857,2.035806659840571
-0.7230406527895201,28.69425739081253,2.035806659840571
-0.7677314993888058,28.671835788946492,2.035806659840571
-0.8124223459880916,28.649414187080456,2.035806659840571
-0.9018040391866631,28.60457098334838,2.035806659840571
-1.0516282886462154,29.13472332371797,2.5842370476995784
-1.1045226753325488,29.049857642450004,2.5842370476995784
-1.1309698686757155,29.00742480181602,2.5842370476995784
-1.1574170620188822,28.964991961182033,2.5842370476995784
-1.1838642553620489,28.922559120548048,2.5842370476995784
-1.2103114487052156,28.880126279914062,2.5842370476995784
-1.263205835391549,28.795260598646095,2.5842370476995784
-1.635566138555897,29.236885968193,2.9966867115898026
-1.6500060743683975,29.137934018976573,2.9966867115898026
-1.6572260422746479,29.088458044368355,2.9966867115898026
-1.664446010180898,29.03898206976014,2.9966867115898026
-1.6716659780871481,28.989506095151928,2.9966867115898026
-1.6788859459933985,28.94003012054371,2.9966867115898026
-1.693325881805899,28.841078171327283,2.9966867115898026
-2.207875573455799,29.154535385869217,-2.9828578075560253
-2.1920686649627186,29.05579258033944,-2.9828578075560253
-2.184165210716179,29.00642117757455,-2.9828578075560253
-2.1762617564696387,28.95704977480966,-2.9828578075560253
-2.1683583022230986,28.907678372044774,-2.9828578075560253
-2.160454847976559,28.858306969279884,-2.9828578075560253
-2.1446479394834785,28.759564163750106,-2.9828578075560253
-2.6790106637696303,29.150416125023,-3.128363856704844
-2.677687822665024,29.050424874948746,-3.128363856704844
-2.6770264021127206,29.00042924991162,-3.128363856704844
-2.6763649815604174,28.950433624874492,-3.128363856704844
-2.675703561008114,28.900437999837365,-3.128363856704844
-2.675042140455811,28.850442374800238,-3.128363856704844
-2.6737192993512044,28.750451124725984,-3.128363856704844
-3.150675147116157,29.205648540294828,3.0283843468880955
-3.1619718117552043,29.106288662235155,3.0283843468880955
-3.1676201440747276,29.05660872320532,3.0283843468880955
-3.173268476394251,29.006928784175482,3.0283843468880955
-3.1789168087137742,28.957248845145646,3.0283843468880955
-3.1845651410332976,28.90756890611581,3.0283843468880955
-3.1958618056723447,28.808209028056137,3.0283843468880955
-3.651371250595206,29.292658874820248,2.970198220663794
-3.6684269021941307,29.194124085286113,2.970198220663794
-3.676954727993593,29.144856690519045,2.970198220663794
-3.6854825537930553,29.095589295751978,2.970198220663794
-3.694010379592518,29.04632190098491,2.970198220663794
-3.70253820539198,28.997054506217843,2.970198220663794
-3.7195938569909046,28.89851971668371,2.970198220663794
-4.17360055141807,29.361892902085916,3.01008929477795
-4.1867130183057055,29.262756313420983,3.01008929477795
-4.1932692517495225,29.213188019088513,3.01008929477795
-4.19982548519334,29.163619724756046,3.01008929477795
-4.206381718637158,29.11405143042358,3.01008929477795
-4.212937952080975,29.06448313609111,3.01008929477795
-4.226050418968611,28.965346547426176,3.01008929477795
-4.69895781716518,29.41044115112799,3.049742378299295
-4.708129935268033,29.310862678306265,3.049742378299295
-4.712715994319461,29.2610734418954,3.049742378299295
-4.717302053370887,29.21128420548454,3.049742378299295
-4.721888112422314,29.161494969073676,3.049742378299295
-4.7264741714737415,29.111705732662813,3.049742378299295
-4.735646289576595,29.012127259841087,3.049742378299295
-5.227582001145338,29.433711222493272,3.0980417782219143
-5.23193571211235,29.33380604144236,3.0980417782219143
-5.234112567595857,29.283853450916904,3.0980417782219143
-5.236289423079363,29.233900860391447,3.0980417782219143
-5.238466278562869,29.18394826986599,3.0980417782219143
-5.240643134046375,29.133995679340533,3.0980417782219143
-5.244996845013388,29.034090498289622,3.0980417782219143
-5.7542450345248515,29.43749752900407,3.134658078448685
-5.754938486481107,29.337499933411053,3.134658078448685
-5.755285212459234,29.287501135614544,3.134658078448685
-5.755631938437362,29.237502337818036,3.134658078448685
-5.7559786644154896,29.187503540021527,3.134658078448685
-5.7563253903936165,29.13750474222502,3.134658078448685
-5.757018842349872,29.037507146632002,3.134658078448685
-6.2861867020757725,29.40565619760587,-3.08094863502061
-6.280126016707456,29.305840026106125,-3.08094863502061
-6.277095674023299,29.255931940356255,-3.08094863502061
-6.27406533133914,29.206023854606382,-3.08094863502061
-6.271034988654982,29.15611576885651,-3.08094863502061
-6.268004645970825,29.10620768310664,-3.08094863502061
-6.261943960602508,29.006391511606893,-3.08094863502061
-6.776185528552928,29.400943049719483,-3.131453825295827
-6.775171663093932,29.300948189467412,-3.131453825295827
-6.774664730364434,29.250950759341375,-3.131453825295827
-6.774157797634936,29.20095332921534,-3.131453825295827
-6.773650864905437,29.150955899089308,-3.131453825295827
-6.773143932175939,29.10095846896327,-3.131453825295827
-6.772130066716943,29.0009636087112,-3.131453825295827
-7.2489466234190605,29.45524260672653,3.0303308205730644
-7.260049865392079,29.35586092824559,3.0303308205730644
-7.265601486378589,29.30617008900512,3.0303308205730644
-7.271153107365099,29.256479249764652,3.0303308205730644
-7.276704728351609,29.206788410524183,3.0303308205730644
-7.282256349338119,29.157097571283714,3.0303308205730644
-7.2933595913111375,29.057715892802776,3.0303308205730644
-7.75306522180691,29.535923957663055,2.9833267934475316
-7.76882581958066,29.43717374977561,2.9833267934475316
-7.776706118467534,29.387798645831886,2.9833267934475316
-7.784586417354409,29.33842354188816,2.9833267934475316
-7.792466716241283,29.289048437944437,2.9833267934475316
-7.800347015128158,29.239673334000713,2.9833267934475316
-7.816107612901908,29.140923126113268,2.9833267934475316
-8.29778914477644,29.526815580917223,-3.118877331614972
-8.295517807920332,29.426841379100523,-3.118877331614972
-8.294382139492276,29.376854278192173,-3.118877331614972
-8.293246471064222,29.326867177283823,-3.118877331614972
-8.292110802636168,29.276880076375473,-3.118877331614972
-8.290975134208113,29.226892975467123,-3.118877331614972
-8.288703797352005,29.126918773650424,-3.118877331614972
-8.846017257385219,29.39536369077491,-2.897610591911952
-8.821860391452216,29.298325317806817,-2.897610591911952
-8.809781958485713,29.24980613132277,-2.897610591911952
-8.79770352551921,29.201286944838724,-2.897610591911952
-8.785625092552708,29.152767758354678,-2.897610591911952
-8.773546659586206,29.10424857187063,-2.897610591911952
-8.749389793653203,29.007210198902538,-2.897610591911952
-9.348822195940606,29.281471838493676,-2.918751895999171
-9.326722093251245,29.183944480992718,-2.918751895999171
-9.315672041906565,29.13518080224224,-2.918751895999171
-9.304621990561884,29.08641712349176,-2.918751895999171
-9.293571939217204,29.03765344474128,-2.918751895999171
-9.282521887872523,28.988889765990802,-2.918751895999171
-9.260421785183162,28.891362408489844,-2.918751895999171
-9.854770596238136,29.168760001567524,-2.922395983095626
-9.833026037684785,29.07115275709602,-2.922395983095626
-9.82215375840811,29.022349134860267,-2.922395983095626
-9.811281479131434,28.973545512624515,-2.922395983095626
-9.800409199854759,28.924741890388763,-2.922395983095626
-9.789536920578083,28.87593826815301,-2.922395983095626
-9.767792362024732,28.778331023681506,-2.922395983095626
-10.193507339613767,28.576446238517935,-1.9657692700376261
-10.101206642045064,28.537967916980598,-1.9657692700376261
-10.055056293260712,28.518728756211928,-1.9657692700376261
-10.00890594447636,28.499489595443258,-1.9657692700376261
-9.962755595692009,28.480250434674588,-1.9657692700376261
-9.916605246907658,28.461011273905918,-1.9657692700376261
-9.824304549338954,28.42253295236858,-1.9657692700376261
-10.088286692829277,27.948238222488243,-1.3465035849993328
-9.990791527123479,27.97047991001413,-1.3465035849993328
-9.942043944270582,27.981600753777073,-1.3465035849993328
-9.893296361417683,27.99272159754002,-1.3465035849993328
-9.844548778564784,28.003842441302965,-1.3465035849993328
-9.795801195711887,28.014963285065907,-1.3465035849993328
-9.698306030006089,28.037204972591795,-1.3465035849993328
-10.081979514038206,27.48802733492035,-1.548276453524713
-9.98200487020118,27.49027913190496,-1.548276453524713
-9.932017548282667,27.491405030397264,-1.548276453524713
-9.882030226364154,27.49253092888957,-1.548276453524713
-9.832042904445641,27.493656827381873,-1.548276453524713
-9.782055582527128,27.494782725874177,-1.548276453524713
-9.682080938690103,27.497034522858787,-1.548276453524713
-10.11325045497125,26.985906959144234,-1.6316140821902991
-10.013435337942191,26.979828932122633,-1.6316140821902991
-9.963527779427663,26.976789918611832,-1.6316140821902991
-9.913620220913133,26.97375090510103,-1.6316140821902991
-9.863712662398603,26.97071189159023,-1.6316140821902991
-9.813805103884075,26.96767287807943,-1.6316140821902991
-9.713989986855015,26.96159485105783,-1.6316140821902991
-10.158143149918953,26.473725906473714,-1.658086652362401
-10.058523888117609,26.46500795498523,-1.658086652362401
-10.008714257216939,26.46064897924099,-1.658086652362401
-9.958904626316267,26.456290003496747,-1.658086652362401
-9.909094995415595,26.451931027752504,-1.658086652362401
-9.859285364514925,26.447572052008265,-1.658086652362401
-9.759666102713581,26.43885410051978,-1.658086652362401
-10.212204301529933,25.960711408683817,-1.675727888227431
-10.112754328202737,25.950237497990106,-1.675727888227431
-10.063029341539139,25.945000542643246,-1.675727888227431
-10.01330435487554,25.93976358729639,-1.675727888227431
-9.963579368211942,25.934526631949534,-1.675727888227431
-9.913854381548344,25.929289676602675,-1.675727888227431
-9.814404408221147,25.918815765908963,-1.675727888227431
-10.270402296273177,25.446199606019057,-1.6834192026561658
-10.171035821824777,25.434961111649454,-1.6834192026561658
-10.121352584600578,25.42934186446465,-1.6834192026561658
-10.071669347376378,25.42372261727985,-1.6834192026561658
-10.021986110152179,25.41810337009505,-1.6834192026561658
-9.97230287292798,25.412484122910246,-1.6834192026561658
-9.87293639847958,25.401245628540643,-1.6834192026561658
