3,-10.0235059319434,27.9983711542635,-1.61783834391835
4,-9.97356124552615,27.9960199208254,-1.61783834391835
5,-9.92361655910887,27.9936686873874,-1.61783834391835
6,-9.82372718627432,27.9889662205114,-1.61783834391835
7,-10.2718033840243,27.500544409194,-1.66571044542879
8,-10.1722534804696,27.4910672417773,-1.66571044542879
9,-10.1224785286922,27.486328658069,-1.66571044542879
10,-10.0727035769148,27.4815900743606,-1.66571044542879
11,-10.0229286251375,27.4768514906523,-1.66571044542879
12,-9.9731536733601,27.4721129069439,-1.66571044542879
13,-9.87360376980538,27.4626357395272,-1.66571044542879
14,-10.3301400501731,26.9877528576866,-1.68400738800904
15,-10.2307802032306,26.9764559193596,-1.68400738800904
16,-10.1811002797594,26.9708074501961,-1.68400738800904
17,-10.1314203562881,26.9651589810326,-1.68400738800904
18,-10.0817404328169,26.9595105118691,-1.68400738800904
19,-10.0320605093456,26.9538620427056,-1.68400738800904
20,-9.93270066240313,26.9425651043785,-1.68400738800904
21,-10.3420851856096,26.4514309968259,-1.5914698529609
22,-10.2421065545827,26.4493637914688,-1.5914698529609
23,-10.1921172390693,26.4483301887902,-1.5914698529609
24,-10.1421279235558,26.4472965861116,-1.5914698529609
25,-10.0921386080424,26.446262983433,-1.5914698529609
26,-10.0421492925289,26.4452293807544,-1.5914698529609
27,-9.94217066150203,26.4431621753973,-1.5914698529609
28,-10.3064002532376,25.9153163610163,-1.50287227329601
29,-10.2066308484117,25.9221035445768,-1.50287227329601
30,-10.1567461459987,25.9254971363571,-1.50287227329601
31,-10.1068614435858,25.9288907281374,-1.50287227329601
32,-10.0569767411728,25.9322843199176,-1.50287227329601
33,-10.0070920387599,25.9356779116979,-1.50287227329601
34,-9.90732263393395,25.9424650952584,-1.50287227329601
35,-10.295548552679,25.4243337669484,-1.54827818034186
36,-10.1955739049537,25.4265853912951,-1.54827818034186
37,-10.145586581091,25.4277112034684,-1.54827818034186
38,-10.0955992572283,25.4288370156418,-1.54827818034186
39,-10.0456119333657,25.4299628278151,-1.54827818034186
40,-9.99562460950302,25.4310886399884,-1.54827818034186
41,-9.8956499617777,25.4333402643351,-1.54827818034186
42,-10.2943414426043,24.9282908051791,-1.56828218516581
43,-10.1943417586495,24.9285422190772,-1.56828218516581
44,-10.1443419166722,24.9286679260262,-1.56828218516581
45,-10.0943420746948,24.9287936329752,-1.56828218516581
46,-10.0443422327174,24.9289193399242,-1.56828218516581
47,-9.99434239074003,24.9290450468733,-1.56828218516581
48,-9.89434270678527,24.9292964607713,-1.56828218516581
49,-10.2935115404876,24.4088609540868,-1.56919844911688
50,-10.1935116681483,24.4090207417866,-1.56919844911688
51,-10.1435117319786,24.4091006356365,-1.56919844911688
52,-10.0935117958089,24.4091805294864,-1.56919844911688
53,-10.0435118596392,24.4092604233363,-1.56919844911688
54,-9.99351192346952,24.4093403171862,-1.56919844911688
55,-9.89351205113014,24.409500104886,-1.56919844911688
56,-10.2603102949547,23.8781666576749,-1.50760255178882
57,-10.1605099011749,23.8844818299922,-1.50760255178882
58,-10.110609704285,23.8876394161508,-1.50760255178882
59,-10.0607095073951,23.8907970023095,-1.50760255178882
60,-10.0108093105052,23.8939545884681,-1.50760255178882
61,-9.9609091136153,23.8971121746268,-1.50760255178882
62,-9.8611087198355,23.9034273469441,-1.50760255178882
63,-10.2457440066774,23.3848284501656,-1.54105225570916
64,-10.1457882389045,23.3878024187124,-1.54105225570916
65,-10.095810355018,23.3892894029858,-1.54105225570916
66,-10.0458324711315,23.3907763872592,-1.54105225570916
67,-9.99585458724502,23.3922633715326,-1.54105225570916
68,-9.94587670335854,23.393750355806,-1.54105225570916
69,-9.84592093558558,23.3967243243528,-1.54105225570916
70,-10.2423455370164,22.8694807422856,-1.56409884590569
71,-10.1423477798205,22.8701504853675,-1.56409884590569
72,-10.0923489012226,22.8704853569084,-1.56409884590569
73,-10.0423500226246,22.8708202284493,-1.56409884590569
74,-9.9923511440267,22.8711550999903,-1.56409884590569
75,-9.94235226542877,22.8714899715312,-1.56409884590569
76,-9.8423545082329,22.8721597146131,-1.56409884590569
77,-10.2354231481157,22.3487242426519,-1.55749579027206
78,-10.1354319931989,22.3500542570891,-1.55749579027206
79,-10.0854364157405,22.3507192643078,-1.55749579027206
80,-10.0354408382821,22.3513842715264,-1.55749579027206
81,-9.98544526082369,22.352049278745,-1.55749579027206
82,-9.93544968336529,22.3527142859637,-1.55749579027206
83,-9.83545852844848,22.3540443004009,-1.55749579027206
84,-10.2096664529101,21.8223145101525,-1.52166272889244
85,-10.1097871341511,21.8272258932825,-1.52166272889244
86,-10.0598474747717,21.8296815848475,-1.52166272889244
87,-10.0099078153922,21.8321372764125,-1.52166272889244
88,-9.95996815601271,21.8345929679775,-1.52166272889244
89,-9.91002849663324,21.8370486595425,-1.52166272889244
90,-9.81014917787429,21.8419600426725,-1.52166272889244
91,-10.1958582944542,21.3267367356007,-1.54285024130957
92,-10.0958973410976,21.3295309804061,-1.54285024130957
93,-10.0459168644193,21.3309281028089,-1.54285024130957
94,-9.99593638774095,21.3323252252116,-1.54285024130957
95,-9.94595591106263,21.3337223476143,-1.54285024130957
96,-9.89597543438431,21.335119470017,-1.54285024130957
97,-9.79601448102768,21.3379137148225,-1.54285024130957
98,-10.1903515031598,20.8102582014957,-1.56007708819521
99,-10.0903572482086,20.8113301048281,-1.56007708819521
100,-10.040360120733,20.8118660564943,-1.56007708819521
101,-9.99036299325736,20.8124020081605,-1.56007708819521
102,-9.94036586578176,20.8129379598267,-1.56007708819521
103,-9.89036873830616,20.8134739114929,-1.56007708819521
104,-9.79037448335495,20.8145458148252,-1.56007708819521
105,-10.1687509859664,20.2855313704987,-1.52947599940702
106,-10.0688363422936,20.2896622275201,-1.52947599940702
107,-10.0188790204572,20.2917276560308,-1.52947599940702
108,-9.96892169862077,20.2937930845415,-1.52947599940702
109,-9.91896437678435,20.2958585130522,-1.52947599940702
110,-9.86900705494794,20.2979239415629,-1.52947599940702
111,-9.76909241127511,20.3020547985843,-1.52947599940702
112,-10.1469246695942,19.7854719505643,-1.52717550972561
113,-10.0470197932936,19.789832649059,-1.52717550972561
114,-9.99706735514331,19.7920129983063,-1.52717550972561
115,-9.94711491699301,19.7941933475537,-1.52717550972561
116,-9.89716247884271,19.796373696801,-1.52717550972561
117,-9.84721004069241,19.7985540460484,-1.52717550972561
118,-9.74730516439181,19.8029147445431,-1.52717550972561
119,-10.1431791731789,19.2726867991422,-1.56323864458674
120,-10.0431820290933,19.2734425601683,-1.56323864458674
121,-9.99318345705055,19.2738204406813,-1.56323864458674
122,-9.94318488500776,19.2741983211944,-1.56323864458674
123,-9.89318631296497,19.2745762017074,-1.56323864458674
124,-9.84318774092218,19.2749540822205,-1.56323864458674
125,-9.74319059683661,19.2757098432466,-1.56323864458674
126,-10.1443256464837,18.754744740311,-1.57299147534651
127,-10.0443258874175,18.7545252256321,-1.57299147534651
128,-9.99432600788434,18.7544154682927,-1.57299147534651
129,-9.94432612835122,18.7543057109533,-1.57299147534651
130,-9.8943262488181,18.7541959536138,-1.57299147534651
131,-9.84432636928498,18.7540861962744,-1.57299147534651
132,-9.74432661021874,18.7538666815955,-1.57299147534651
133,-10.1467669616303,18.2354232051511,-1.57549605463873
134,-10.0467680660003,18.2349532340968,-1.57549605463873
135,-9.99676861818536,18.2347182485696,-1.57549605463873
136,-9.94676917037039,18.2344832630425,-1.57549605463873
137,-9.89676972255542,18.2342482775153,-1.57549605463873
138,-9.84677027474045,18.2340132919882,-1.57549605463873
139,-9.7467713791105,18.2335433209339,-1.57549605463873
140,-10.1482329807368,17.7152038676912,-1.57361371708058
141,-10.048233377621,17.7149221290353,-1.57361371708058
142,-9.99823357606303,17.7147812597074,-1.57361371708058
143,-9.9482337745051,17.7146403903795,-1.57361371708058
144,-9.89823397294717,17.7144995210516,-1.57361371708058
145,-9.84823417138924,17.7143586517237,-1.57361371708058
146,-9.74823456827338,17.7140769130678,-1.57361371708058
147,-10.1487525991934,17.1949666005501,-1.57179450082446
148,-10.048752649011,17.1948667831637,-1.57179450082446
149,-9.99875267391976,17.1948168744706,-1.57179450082446
150,-9.94875269882854,17.1947669657774,-1.57179450082446
151,-9.89875272373733,17.1947170570842,-1.57179450082446
152,-9.84875274864611,17.194667148391,-1.57179450082446
153,-9.74875279846368,17.1945673310046,-1.57179450082446
154,-10.1545688196559,16.67702878903,-1.58200529933477
155,-10.0545751016434,16.6759079152476,-1.58200529933477
156,-10.0045782426371,16.6753474783564,-1.58200529933477
157,-9.95458138363088,16.6747870414653,-1.58200529933477
158,-9.90458452462463,16.6742266045741,-1.58200529933477
159,-9.85458766561838,16.6736661676829,-1.58200529933477
160,-9.75459394760587,16.6725452939006,-1.58200529933477
161,-10.1771241788809,16.1645240518613,-1.6145712809138
162,-10.0772199759122,16.1601479543756,-1.6145712809138
163,-10.0272678744279,16.1579599056327,-1.6145712809138
164,-9.97731577294361,16.1557718568899,-1.6145712809138
165,-9.9273636714593,16.153583808147,-1.6145712809138
166,-9.87741156997499,16.1513957594042,-1.6145712809138
167,-9.77750736700637,16.1470196619185,-1.6145712809138
168,-10.189128037629,15.6409123066356,-1.59363372798897
169,-10.0891541138403,15.6386287650239,-1.59363372798897
170,-10.0391671519459,15.6374869942181,-1.59363372798897
171,-9.98918019005158,15.6363452234123,-1.59363372798897
172,-9.93919322815723,15.6352034526065,-1.59363372798897
173,-9.88920626626288,15.6340616818006,-1.59363372798897
174,-9.78923234247419,15.631778140189,-1.59363372798897
175,-10.1940877156648,15.1184674895519,-1.58025499287796
176,-10.0940921889497,15.1175216370474,-1.58025499287796
177,-10.0440944255921,15.1170487107952,-1.58025499287796
178,-9.99409666223452,15.1165757845429,-1.58025499287796
179,-9.94409889887695,15.1161028582907,-1.58025499287796
180,-9.89410113551938,15.1156299320384,-1.58025499287796
181,-9.79410560880423,15.1146840795339,-1.58025499287796
182,-10.1970712877931,14.597862163578,-1.57652455838679
183,-10.0970729284205,14.5972893435515,-1.57652455838679
184,-10.0470737487342,14.5970029335382,-1.57652455838679
185,-9.99707456904789,14.5967165235249,-1.57652455838679
186,-9.94707538936158,14.5964301135117,-1.57652455838679
187,-9.89707620967526,14.5961437034984,-1.57652455838679
188,-9.79707785030263,14.5955708834718,-1.57652455838679
189,-10.2145716113214,14.0838532602094,-1.60467583316217
190,-10.1146289968796,14.0804659576622,-1.60467583316217
191,-10.0646576896587,14.0787723063887,-1.60467583316217
192,-10.0146863824378,14.0770786551151,-1.60467583316217
193,-9.96471507521697,14.0753850038415,-1.60467583316217
194,-9.91474376799609,14.073691352568,-1.60467583316217
195,-9.81480115355433,14.0703040500208,-1.60467583316217
196,-10.2341574849266,13.5655860613232,-1.60856650600478
197,-10.1342288057691,13.5618099413786,-1.60856650600478
198,-10.0842644661903,13.5599218814063,-1.60856650600478
199,-10.0343001266116,13.558033821434,-1.60856650600478
200,-9.98433578703283,13.5561457614617,-1.60856650600478
201,-9.93437144745408,13.5542577014894,-1.60856650600478
202,-9.83444276829657,13.5504815815448,-1.60856650600478
203,-10.2471833271589,13.0432163146169,-1.59569551478021
204,-10.1472143240355,13.0407266530893,-1.59569551478021
205,-10.0972298224738,13.0394818223256,-1.59569551478021
206,-10.0472453209121,13.0382369915618,-1.59569551478021
207,-9.99726081935045,13.036992160798,-1.59569551478021
208,-9.94727631778877,13.0357473300343,-1.59569551478021
209,-9.84730731466541,13.0332576685068,-1.59569551478021
210,-10.2868836498839,12.5360486616289,-1.64837023864777
211,-10.1871843846172,12.5282990483937,-1.64837023864777
212,-10.1373347519839,12.5244242417761,-1.64837023864777
213,-10.0874851193506,12.5205494351585,-1.64837023864777
214,-10.0376354867173,12.5166746285409,-1.64837023864777
215,-9.98778585408398,12.5127998219233,-1.64837023864777
216,-9.88808658881735,12.5050502086881,-1.64837023864777
217,-10.2987247746771,12.0056594383535,-1.59253038031554
218,-10.1987483922016,12.0034862041056,-1.59253038031554
219,-10.1487602009638,12.0023995869817,-1.59253038031554
220,-10.098772009726,12.0013129698578,-1.59253038031554
221,-10.0487838184882,12.0002263527338,-1.59253038031554
222,-9.99879562725039,11.9991397356099,-1.59253038031554
223,-9.89881924477481,11.996966501362,-1.59253038031554
224,-10.2964990273007,11.480508962651,-1.56642831907967
225,-10.1964999812738,11.4809457620335,-1.56642831907967
226,-10.1465004582603,11.4811641617248,-1.56642831907967
227,-10.0965009352468,11.4813825614161,-1.56642831907967
228,-10.0465014122334,11.4816009611074,-1.56642831907967
229,-9.9965018892199,11.4818193607986,-1.56642831907967
230,-9.89650284319295,11.4822561601812,-1.56642831907967
231,-10.2954025453497,10.9610387285874,-1.56868458040235
232,-10.1954027683232,10.9612499030697,-1.56868458040235
233,-10.14540287981,10.9613554903108,-1.56868458040235
234,-10.0954029912968,10.961461077552,-1.56868458040235
235,-10.0454031027836,10.9615666647931,-1.56868458040235
236,-9.99540321427036,10.9616722520343,-1.56868458040235
237,-9.89540343724392,10.9618834265166,-1.56868458040235
238,-10.2949176748048,10.4413524034998,-1.56986305366327
239,-10.1949177183547,10.4414457307994,-1.56986305366327
240,-10.1449177401297,10.4414923944492,-1.56986305366327
241,-10.0949177619046,10.441539058099,-1.56986305366327
242,-10.0449177836796,10.4415857217488,-1.56986305366327
243,-9.99491780545456,10.4416323853986,-1.56986305366327
244,-9.8949178490045,10.4417257126982,-1.56986305366327
245,-10.2954103776731,9.92182836389476,-1.57174401906765
246,-10.1954104225792,9.92173359468167,-1.57174401906765
247,-10.1454104450322,9.92168621007512,-1.57174401906765
248,-10.0954104674852,9.92163882546858,-1.57174401906765
249,-10.0454104899382,9.92159144086203,-1.57174401906765
250,-9.99541051239123,9.92154405625549,-1.57174401906765
251,-9.89541055729726,9.9214492870424,-1.57174401906765
252,-10.2871598455346,9.39916093138811,-1.55495830381984
253,-10.187172387421,9.40074466747217,-1.55495830381984
254,-10.1371786583642,9.4015365355142,-1.55495830381984
255,-10.0871849293074,9.40232840355623,-1.55495830381984
256,-10.0371912002507,9.40312027159826,-1.55495830381984
257,-9.98719747119386,9.40391213964029,-1.55495830381984
258,-9.88721001308028,9.40549587572434,-1.55495830381984
259,-10.2532667894603,8.87079396302085,-1.50629000341079
260,-10.1534747706145,8.8772401227057,-1.50629000341079
261,-10.1035787611916,8.88046320254811,-1.50629000341079
262,-10.0536827517687,8.88368628239054,-1.50629000341079
263,-10.0037867423458,8.88690936223296,-1.50629000341079
264,-9.95389073292295,8.89013244207538,-1.50629000341079
265,-9.85409871407716,8.89657860176022,-1.50629000341079
266,-10.2443028948772,8.36014514798197,-1.55282035440638
267,-10.1443190512213,8.36194264841112,-1.55282035440638
268,-10.0943271293934,8.36284139862569,-1.55282035440638
269,-10.0443352075654,8.36374014884026,-1.55282035440638
270,-9.99434328573749,8.36463889905483,-1.55282035440638
271,-9.94435136390954,8.3655376492694,-1.55282035440638
272,-9.84436752025365,8.36733514969855,-1.55282035440638
273,-10.2377747039931,7.84151729421096,-1.55820397528997
274,-10.1377826322541,7.8427764960828,-1.55820397528997
275,-10.0877865963847,7.84340609701871,-1.55820397528997
276,-10.0377905605152,7.84403569795463,-1.55820397528997
277,-9.98779452464572,7.84466529889055,-1.55820397528997
278,-9.93779848877624,7.84529489982646,-1.55820397528997
279,-9.8378064170373,7.8465541016983,-1.55820397528997
280,-10.2063079020494,7.31347080240346,-1.51085195248178
281,-10.1064875146564,7.31946165048306,-1.51085195248178
282,-10.0565773209599,7.32245707452286,-1.51085195248178
283,-10.0066671272634,7.32545249856267,-1.51085195248178
284,-9.95675693356693,7.32844792260247,-1.51085195248178
285,-9.90684673987043,7.33144334664227,-1.51085195248178
286,-9.80702635247744,7.33743419472187,-1.51085195248178
287,-10.1936288086376,6.82029815430384,-1.54485836098732
288,-10.0936624456552,6.8228916600528,-1.54485836098732
289,-10.043679264164,6.82418841292728,-1.54485836098732
290,-9.99369608267277,6.82548516580177,-1.54485836098732
291,-9.94371290118157,6.82678191867625,-1.54485836098732
292,-9.89372971969037,6.82807867155073,-1.54485836098732
293,-9.79376335670796,6.8306721772997,-1.54485836098732
294,-10.1925013752503,6.30505408580434,-1.56849970613797
295,-10.0925016389735,6.30528374766814,-1.56849970613797
296,-10.0425017708351,6.30539857860004,-1.56849970613797
297,-9.99250190269675,6.30551340953194,-1.56849970613797
298,-9.94250203455835,6.30562824046385,-1.56849970613797
299,-9.89250216641995,6.30574307139575,-1.56849970613797
300,-9.79250243014316,6.30597273325955,-1.56849970613797
301,-10.1947335738633,5.78649240541894,-1.57509251460416
302,-10.0947344967234,5.78606278795961,-1.57509251460416
303,-10.0447349581534,5.78584797922994,-1.57509251460416
304,-9.99473541958348,5.78563317050028,-1.57509251460416
305,-9.94473588101351,5.78541836177061,-1.57509251460416
306,-9.89473634244354,5.78520355304095,-1.57509251460416
307,-9.79473726530361,5.78477393558161,-1.57509251460416
308,-10.1972745306364,5.26676443635867,-1.57568523320074
309,-10.0972757257043,5.26627554766561,-1.57568523320074
310,-10.0472763232383,5.26603110331909,-1.57568523320074
311,-9.99727692077226,5.26578665897256,-1.57568523320074
312,-9.94727751830621,5.26554221462603,-1.57568523320074
313,-9.89727811584017,5.2652977702795,-1.57568523320074
314,-9.79727931090808,5.26480888158644,-1.57568523320074
315,-10.1983199649259,4.74633165576853,-1.57280350714561
316,-10.0983201663645,4.74613093786823,-1.57280350714561
317,-10.0483202670838,4.74603057891808,-1.57280350714561
318,-9.99832036780309,4.74593021996793,-1.57280350714561
319,-9.94832046852238,4.74582986101779,-1.57280350714561
320,-9.89832056924167,4.74572950206764,-1.57280350714561
321,-9.79832077068025,4.74552878416734,-1.57280350714561
322,-10.1992321029881,4.2263760391079,-1.57255057408006
323,-10.0992322568572,4.22620061446936,-1.57255057408006
324,-10.0492323337918,4.22611290215009,-1.57255057408006
325,-9.99923241072632,4.22602518983082,-1.57255057408006
326,-9.94923248766089,4.22593747751155,-1.57255057408006
327,-9.89923256459546,4.22584976519228,-1.57255057408006
328,-9.7992327184646,4.22567434055374,-1.57255057408006
329,-10.2033410662137,3.70765543750052,-1.57871018893775
330,-10.1033441976581,3.70686405954686,-1.57871018893775
331,-10.0533457633802,3.70646837057003,-1.57871018893775
332,-10.0033473291024,3.70607268159319,-1.57871018893775
333,-9.95334889482459,3.70567699261636,-1.57871018893775
334,-9.90335046054677,3.70528130363953,-1.57871018893775
335,-9.80335359199112,3.70448992568587,-1.57871018893775
336,-10.2235889334365,3.19458884415426,-1.61004900465959
337,-10.1236659621814,3.19066458428106,-1.61004900465959
338,-10.0737044765538,3.18870245434446,-1.61004900465959
339,-10.0237429909263,3.18674032440786,-1.61004900465959
340,-9.97378150529874,3.18477819447126,-1.61004900465959
341,-9.92382001967119,3.18281606453466,-1.61004900465959
342,-9.82389704841609,3.17889180466146,-1.61004900465959
343,-10.2385709137595,2.67302933127436,-1.59949242336125
344,-10.1386120842321,2.67016011543916,-1.59949242336125
345,-10.0886326694684,2.66872550752155,-1.59949242336125
346,-10.0386532547047,2.66729089960395,-1.59949242336125
347,-9.98867383994101,2.66585629168634,-1.59949242336125
348,-9.9386944251773,2.66442168376874,-1.59949242336125
349,-9.83873559564989,2.66155246793353,-1.59949242336125
350,-10.2598678483872,2.15623647938043,-1.61195281381985
351,-10.1599525292543,2.15212199246587,-1.61195281381985
352,-10.1099948696878,2.15006474900859,-1.61195281381985
353,-10.0600372101214,2.14800750555131,-1.61195281381985
354,-10.0100795505549,2.14595026209402,-1.61195281381985
355,-9.96012189098847,2.14389301863674,-1.61195281381985
356,-9.86020657185557,2.13977853172218,-1.61195281381985
357,-10.2821336702933,1.63759197734919,-1.61370019031202
358,-10.1822256932514,1.63330290712504,-1.61370019031202
359,-10.1322717047304,1.63115837201297,-1.61370019031202
360,-10.0823177162094,1.62901383690089,-1.61370019031202
361,-10.0323637276885,1.62686930178882,-1.61370019031202
362,-9.9824097391675,1.62472476667675,-1.61370019031202
363,-9.88250176212556,1.6204356964526,-1.61370019031202
364,-10.2931928172179,1.11354864841353,-1.59180523709911
365,-10.1932148851218,1.11144791192626,-1.59180523709911
366,-10.1432259190737,1.11039754368262,-1.59180523709911
367,-10.0932369530257,1.10934717543898,-1.59180523709911
368,-10.0432479869776,1.10829680719534,-1.59180523709911
369,-9.99325902092957,1.1072464389517,-1.59180523709911
370,-9.89328108883348,1.10514570246443,-1.59180523709911
371,-10.3180770262242,0.599774387672405,-1.61904835622399
372,-10.2181934165566,0.594951056898041,-1.61904835622399
373,-10.1682516117227,0.592539391510858,-1.61904835622399
374,-10.1183098068889,0.590127726123676,-1.61904835622399
375,-10.0683680020551,0.587716060736494,-1.61904835622399
376,-10.0184261972213,0.585304395349312,-1.61904835622399
377,-9.9185425875536,0.580481064574947,-1.61904835622399
378,-10.3348761634658,0.077285616866368,-1.60288744444912
379,-10.2349276510385,0.074077055884438,-1.60288744444912
380,-10.1849533948249,0.072472775393473,-1.60288744444912
381,-10.1349791386112,0.070868494902508,-1.60288744444912
382,-10.0850048823976,0.069264214411544,-1.60288744444912
383,-10.035030626184,0.067659933920579,-1.60288744444912
384,-9.93508211375669,0.064451372938649,-1.60288744444912
385,-10.3445433197258,-0.445222850607034,-1.58926011659548
386,-10.2445603648182,-0.447069124680232,-1.58926011659548
387,-10.1945688873645,-0.447992261716831,-1.58926011659548
388,-10.1445774099107,-0.44891539875343,-1.58926011659548
389,-10.0945859324569,-0.449838535790029,-1.58926011659548
390,-10.0445944550031,-0.450761672826628,-1.58926011659548
391,-9.94461150009557,-0.452607946899827,-1.58926011659548
392,-10.3717381402181,-0.957371348363888,-1.62361587135181
393,-10.2718776030039,-0.962650847137596,-1.62361587135181
394,-10.2219473343968,-0.965290596524451,-1.62361587135181
395,-10.1720170657898,-0.967930345911305,-1.62361587135181
396,-10.1220867971827,-0.97057009529816,-1.62361587135181
397,-10.0721565285756,-0.973209844685014,-1.62361587135181
398,-9.97229599136147,-0.978489343458723,-1.62361587135181
399,-10.3873318563006,-1.48134778962328,-1.60044547332159
400,-10.2873758066754,-1.48431226989952,-1.60044547332159
401,-10.2373977818627,-1.48579451003764,-1.60044547332159
402,-10.1874197570501,-1.48727675017576,-1.60044547332159
403,-10.1374417322374,-1.48875899031388,-1.60044547332159
404,-10.0874637074248,-1.490241230452,-1.60044547332159
405,-9.98750765779952,-1.49320571072824,-1.60044547332159
406,-10.3938085809905,-2.00458475776337,-1.5831164953415
407,-10.2938161702221,-2.005816743451,-1.5831164953415
408,-10.243819964838,-2.00643273629482,-1.5831164953415
409,-10.1938237594538,-2.00704872913863,-1.5831164953415
410,-10.1438275540696,-2.00766472198245,-1.5831164953415
411,-10.0938313486855,-2.00828071482626,-1.5831164953415
412,-9.99383893791711,-2.0095127005139,-1.5831164953415
413,-10.4066789282674,-2.50184993300461,-1.59663606718767
414,-10.306712311019,-2.50443361950361,-1.59663606718767
415,-10.2567290023949,-2.50572546275311,-1.59663606718767
416,-10.2067456937707,-2.50701730600261,-1.59663606718767
417,-10.1567623851465,-2.50830914925211,-1.59663606718767
418,-10.1067790765224,-2.50960099250161,-1.59663606718767
419,-10.006812459274,-2.5121846790006,-1.59663606718767
420,-10.4382105844111,-3.01348272832245,-1.63210258019373
421,-10.3383984483955,-3.01960951410229,-1.63210258019373
422,-10.2884923803876,-3.02267290699221,-1.63210258019373
423,-10.2385863123798,-3.02573629988213,-1.63210258019373
424,-10.188680244372,-3.02879969277205,-1.63210258019373
425,-10.1387741763642,-3.03186308566197,-1.63210258019373
426,-10.0389620403485,-3.03798987144182,-1.63210258019373
427,-10.3872462816547,-3.5584795770454,-1.4729359307641
428,-10.2877247324974,-3.54870914955581,-1.4729359307641
429,-10.2379639579187,-3.54382393581102,-1.4729359307641
430,-10.18820318334,-3.53893872206622,-1.4729359307641
431,-10.1384424087614,-3.53405350832143,-1.4729359307641
432,-10.0886816341827,-3.52916829457663,-1.4729359307641
433,-9.98916008502543,-3.51939786708704,-1.4729359307641
434,-9.91191732155798,-4.01865757461032,-0.678624294981808
435,-9.84914504969306,-3.94081387297097,-0.678624294981808
436,-9.8177589137606,-3.90189202215129,-0.678624294981808
437,-9.78637277782814,-3.86297017133161,-0.678624294981808
438,-9.75498664189568,-3.82404832051193,-0.678624294981808
439,-9.72360050596322,-3.78512646969226,-0.678624294981808
440,-9.66082823409831,-3.7072827680529,-0.678624294981808
441,-9.51369816112646,-4.34864736509116,-0.691941838829525
442,-9.44989479946319,-4.27164651418375,-0.691941838829525
443,-9.41799311863156,-4.23314608873004,-0.691941838829525
444,-9.38609143779992,-4.19464566327633,-0.691941838829525
445,-9.35418975696829,-4.15614523782262,-0.691941838829525
446,-9.32228807613665,-4.11764481236892,-0.691941838829525
447,-9.25848471447338,-4.0406439614615,-0.691941838829525
448,-9.151445317727,-4.69945182773504,-0.768191797515194
449,-9.08196172038321,-4.62753500285959,-0.768191797515194
450,-9.04721992171132,-4.59157659042186,-0.768191797515194
451,-9.01247812303943,-4.55561817798413,-0.768191797515194
452,-8.97773632436754,-4.5196597655464,-0.768191797515194
453,-8.94299452569565,-4.48370135310867,-0.768191797515194
454,-8.87351092835187,-4.41178452823322,-0.768191797515194
455,-8.78548909693489,-5.06195028764598,-0.780621498877819
456,-8.71511698540354,-4.99090265630883,-0.780621498877819
457,-8.67993092963787,-4.95537884064025,-0.780621498877819
458,-8.6447448738722,-4.91985502497167,-0.780621498877819
459,-8.60955881810653,-4.88433120930309,-0.780621498877819
460,-8.57437276234086,-4.84880739363452,-0.780621498877819
461,-8.50400065080952,-4.77775976229736,-0.780621498877819
462,-8.14824220366053,-5.15140334073863,-0.062666666713304
463,-8.14197963783329,-5.05159963204371,-0.062666666713304
464,-8.13884835491966,-5.00169777769626,-0.062666666713304
465,-8.13571707200604,-4.9517959233488,-0.062666666713304
466,-8.13258578909242,-4.90189406900134,-0.062666666713304
467,-8.1294545061788,-4.85199221465388,-0.062666666713304
468,-8.12319194035155,-4.75218850595897,-0.062666666713304
469,-7.60344761510781,-5.0343679139032,0.226512369253174
470,-7.62590565061324,-4.93692235658406,0.226512369253174
471,-7.63713466836595,-4.8881995779245,0.226512369253174
472,-7.64836368611867,-4.83947679926493,0.226512369253174
473,-7.65959270387138,-4.79075402060536,0.226512369253174
474,-7.6708217216241,-4.74203124194579,0.226512369253174
475,-7.69327975712953,-4.64458568462666,0.226512369253174
476,-7.10708264401481,-4.97166960098854,0.127603296669658
477,-7.11980837330288,-4.87248262697437,0.127603296669658
478,-7.12617123794692,-4.82288913996729,0.127603296669658
479,-7.13253410259096,-4.77329565296021,0.127603296669658
480,-7.13889696723499,-4.72370216595312,0.127603296669658
481,-7.14525983187903,-4.67410867894604,0.127603296669658
482,-7.15798556116711,-4.57492170493188,0.127603296669658
483,-6.60333877100965,-4.94723179146878,0.04967779309146
484,-6.60830450725446,-4.84735516025033,0.04967779309146
485,-6.61078737537686,-4.7974168446411,0.04967779309146
486,-6.61327024349926,-4.74747852903187,0.04967779309146
487,-6.61575311162167,-4.69754021342265,0.04967779309146
488,-6.61823597974407,-4.64760189781342,0.04967779309146
489,-6.62320171598888,-4.54772526659497,0.04967779309146
490,-6.09218004424196,-4.94377136522431,0.007123864672038
491,-6.09289242468364,-4.84377390268597,0.007123864672038
492,-6.09324861490448,-4.7937751714168,0.007123864672038
493,-6.09360480512532,-4.74377644014763,0.007123864672038
494,-6.09396099534617,-4.69377770887846,0.007123864672038
495,-6.09431718556701,-4.64377897760929,0.007123864672038
496,-6.09502956600869,-4.54378151507095,0.007123864672038
497,-5.5716296179621,-4.93626949259785,0.014420653015177
498,-5.5730716332833,-4.83627989017933,0.014420653015177
499,-5.5737926409439,-4.78628508897007,0.014420653015177
500,-5.5745136486045,-4.73629028776081,0.014420653015177
501,-5.5752346562651,-4.68629548655155,0.014420653015177
502,-5.5759556639257,-4.63630068534229,0.014420653015177
503,-5.5773976792469,-4.53631108292378,0.014420653015177
504,-5.04376343393878,-4.90412082463802,0.061242396040377
505,-5.04988384596679,-4.80430829758551,0.061242396040377
506,-5.05294405198079,-4.75440203405926,0.061242396040377
507,-5.05600425799479,-4.704495770533,0.061242396040377
508,-5.0590644640088,-4.65458950700675,0.061242396040377
509,-5.0621246700228,-4.6046832434805,0.061242396040377
510,-5.06824508205081,-4.50487071642799,0.061242396040377
511,-4.53192824308605,-4.89275269622864,0.022500018074185
512,-4.53417805505406,-4.79277800770145,0.022500018074185
513,-4.53530296103807,-4.74279066343786,0.022500018074185
514,-4.53642786702208,-4.69280331917426,0.022500018074185
515,-4.53755277300609,-4.64281597491067,0.022500018074185
516,-4.5386776789901,-4.59282863064708,0.022500018074185
517,-4.54092749095811,-4.49285394211989,0.022500018074185
518,-4.01621177533089,-4.8915220057329,0.002464203046212
519,-4.01645819538612,-4.79152230934758,0.002464203046212
520,-4.01658140541373,-4.74152246115492,0.002464203046212
521,-4.01670461544135,-4.69152261296226,0.002464203046212
522,-4.01682782546897,-4.64152276476959,0.002464203046212
523,-4.01695103549658,-4.59152291657693,0.002464203046212
524,-4.01719745555181,-4.49152322019161,0.002464203046212
525,-3.49773604964079,-4.89354409212293,-0.003892247285817
526,-3.49734682589497,-4.79354484960142,-0.003892247285817
527,-3.49715221402207,-4.74354522834066,-0.003892247285817
528,-3.49695760214916,-4.69354560707991,-0.003892247285817
529,-3.49676299027625,-4.64354598581915,-0.003892247285817
530,-3.49656837840334,-4.5935463645584,-0.003892247285817
531,-3.49617915465752,-4.49354712203689,-0.003892247285817
532,-2.97833019799804,-4.89626208563843,-0.005232496080008
533,-2.97780695077771,-4.79626345458607,-0.005232496080008
534,-2.97754532716755,-4.74626413905989,-0.005232496080008
535,-2.97728370355738,-4.69626482353371,-0.005232496080008
536,-2.97702207994722,-4.64626550800753,-0.005232496080008
537,-2.97676045633705,-4.59626619248134,-0.005232496080008
538,-2.97623720911673,-4.49626756142898,-0.005232496080008
539,-2.45810513597984,-4.89757918109654,-0.002530371170001
540,-2.45785209913286,-4.79757950123528,-0.002530371170001
541,-2.45772558070937,-4.74757966130465,-0.002530371170001
542,-2.45759906228588,-4.69757982137402,-0.002530371170001
543,-2.4574725438624,-4.64757998144339,-0.002530371170001
544,-2.45734602543891,-4.59758014151276,-0.002530371170001
545,-2.45709298859193,-4.4975804616515,-0.002530371170001
546,-1.93935929758952,-4.9019565401694,-0.008431437385566
547,-1.93851616384066,-4.80196009460516,-0.008431437385566
548,-1.93809459696622,-4.75196187182304,-0.008431437385566
549,-1.93767303009179,-4.70196364904092,-0.008431437385566
550,-1.93725146321736,-4.6519654262588,-0.008431437385566
551,-1.93682989634293,-4.60196720347668,-0.008431437385566
552,-1.93598676259406,-4.50197075791245,-0.008431437385566
553,-1.42778517152544,-4.91673255325202,-0.028794380299068
554,-1.42490613137723,-4.81677400620463,-0.028794380299068
555,-1.42346661130312,-4.76679473268093,-0.028794380299068
556,-1.42202709122901,-4.71681545915724,-0.028794380299068
557,-1.4205875711549,-4.66683618563355,-0.028794380299068
558,-1.4191480510808,-4.61685691210985,-0.028794380299068
559,-1.41626901093258,-4.51689836506246,-0.028794380299068
560,-0.908919811607771,-4.53819246429516,0.711979230476958
561,-0.974253158232563,-4.46248543807695,0.711979230476958
562,-1.00691983154496,-4.42463192496784,0.711979230476958
563,-1.03958650485736,-4.38677841185874,0.711979230476958
564,-1.07225317816975,-4.34892489874963,0.711979230476958
565,-1.10491985148215,-4.31107138564053,0.711979230476958
566,-1.17025319810694,-4.23536435942232,0.711979230476958
567,-0.550720874667971,-4.11970618586611,0.867231009192971
568,-0.626974923703385,-4.05501213663665,0.867231009192971
569,-0.665101948221092,-4.02266511202191,0.867231009192971
570,-0.703228972738799,-3.99031808740718,0.867231009192971
571,-0.741355997256506,-3.95797106279245,0.867231009192971
572,-0.779483021774214,-3.92562403817771,0.867231009192971
573,-0.855737070809628,-3.86092998894825,0.867231009192971
574,-0.188623074351411,-3.77840666231084,0.758224086070524
575,-0.257386385654908,-3.7058008290839,0.758224086070524
576,-0.291768041306657,-3.66949791247043,0.758224086070524
577,-0.326149696958405,-3.63319499585696,0.758224086070524
578,-0.360531352610154,-3.59689207924349,0.758224086070524
579,-0.394913008261903,-3.56058916263002,0.758224086070524
580,-0.4636763195654,-3.48798332940308,0.758224086070524
581,0.179842341693368,-3.41722272870973,0.77547675502792
582,0.109836681730104,-3.34581399273781,0.77547675502792
583,0.074833851748473,-3.31010962475185,0.77547675502792
584,0.039831021766841,-3.27440525676588,0.77547675502792
585,0.00482819178521,-3.23870088877992,0.77547675502792
586,-0.030174638196422,-3.20299652079396,0.77547675502792
587,-0.100180298159685,-3.13158778482204,0.77547675502792
588,0.195474276613366,-2.75561643051188,1.65753346403373
589,0.095850207385866,-2.76427927245631,1.65753346403373
590,0.046038172772116,-2.76861069342853,1.65753346403373
591,-0.003773861841634,-2.77294211440075,1.65753346403373
592,-0.053585896455384,-2.77727353537296,1.65753346403373
593,-0.103397931069135,-2.78160495634518,1.65753346403373
594,-0.203022000296635,-2.79026779828961,1.65753346403373
595,0.092732307340615,-2.24310844545553,1.77110794139636
596,-0.005268154858773,-2.26300591787557,1.77110794139636
597,-0.054268385958467,-2.27295465408559,1.77110794139636
598,-0.103268617058161,-2.28290339029561,1.77110794139636
599,-0.152268848157855,-2.29285212650563,1.77110794139636
600,-0.201269079257549,-2.30280086271565,1.77110794139636
601,-0.299269541456937,-2.3226983351357,1.77110794139636
602,0.051562192899111,-1.76703465818068,1.65965687598855
603,-0.048043256963746,-1.77590902337588,1.65965687598855
604,-0.097845981895175,-1.78034620597349,1.65965687598855
605,-0.147648706826603,-1.78478338857109,1.65965687598855
606,-0.197451431758032,-1.78922057116869,1.65965687598855
607,-0.24725415668946,-1.79365775376629,1.65965687598855
608,-0.346859606552317,-1.8025321189615,1.65965687598855
609,0.042969867687151,-1.26126208135752,1.58877600052627
610,-0.057013969314898,-1.26305995186113,1.58877600052627
611,-0.107005887815923,-1.26395888711294,1.58877600052627
612,-0.156997806316947,-1.26485782236475,1.58877600052627
613,-0.206989724817971,-1.26575675761656,1.58877600052627
614,-0.256981643318995,-1.26665569286837,1.58877600052627
615,-0.356965480321044,-1.26845356337198,1.58877600052627
616,0.041916094691958,-0.744545915678607,1.5728845616999
617,-0.058083687271871,-0.744754739017337,1.5728845616999
618,-0.108083578253785,-0.744859150686702,1.5728845616999
619,-0.158083469235699,-0.744963562356067,1.5728845616999
620,-0.208083360217613,-0.745067974025432,1.5728845616999
621,-0.258083251199527,-0.745172385694797,1.5728845616999
622,-0.358083033163356,-0.745381209033526,1.5728845616999
623,0.044682791344799,-0.22636221227532,1.56546777328498
624,-0.055315788984435,-0.225829359445927,1.56546777328498
625,-0.105315079149051,-0.225562933031231,1.56546777328498
626,-0.155314369313668,-0.225296506616535,1.56546777328498
627,-0.205313659478285,-0.225030080201839,1.56546777328498
628,-0.255312949642902,-0.224763653787143,1.56546777328498
629,-0.355311529972136,-0.22423080095775,1.56546777328498
630,0.046425143010316,0.293649052727408,1.56744648856348
631,-0.0535742959194,0.293984035924051,1.56744648856348
632,-0.103574015384258,0.294151527522373,1.56744648856348
633,-0.153573734849115,0.294319019120695,1.56744648856348
634,-0.203573454313973,0.294486510719016,1.56744648856348
635,-0.253573173778831,0.294654002317338,1.56744648856348
636,-0.353572612708547,0.294988985513982,1.56744648856348
637,0.048023824840969,0.813345118679798,1.56772016477857
638,-0.051975702020766,0.813652734396281,1.56772016477857
639,-0.101975465451634,0.813806542254522,1.56772016477857
640,-0.151975228882502,0.813960350112763,1.56772016477857
641,-0.20197499231337,0.814114157971004,1.56772016477857
642,-0.251974755744237,0.814267965829245,1.56772016477857
643,-0.351974282605973,0.814575581545728,1.56772016477857
644,0.048225098520062,1.33365922931608,1.57041088717921
645,-0.051774894051754,1.33369777327669,1.57041088717921
646,-0.101774890337661,1.333717045257,1.57041088717921
647,-0.151774886623569,1.33373631723731,1.57041088717921
648,-0.201774882909476,1.33375558921761,1.57041088717921
649,-0.251774879195384,1.33377486119792,1.57041088717921
650,-0.351774871767199,1.33381340515854,1.57041088717921
651,0.038484956339767,1.85646606809201,1.58949429513584
652,-0.061497563468515,1.85459638020721,1.58949429513584
653,-0.111488823372656,1.85366153626481,1.58949429513584
654,-0.161480083276797,1.85272669232241,1.58949429513584
655,-0.211471343180938,1.85179184838001,1.58949429513584
656,-0.261462603085078,1.85085700443761,1.58949429513584
657,-0.36144512289336,1.84898731655281,1.58949429513584
658,0.003982490384558,2.38469848853606,1.63643670413348
659,-0.095802153999741,2.37813916348702,1.63643670413348
660,-0.14569447619189,2.37485950096249,1.63643670413348
661,-0.195586798384039,2.37157983843797,1.63643670413348
662,-0.245479120576188,2.36830017591345,1.63643670413348
663,-0.295371442768338,2.36502051338892,1.63643670413348
664,-0.395156087152636,2.35846118833987,1.63643670413348
665,-0.005555616732225,2.89533057687789,1.58989719031897
666,-0.105537375137477,2.8934206066703,1.58989719031897
667,-0.155528254340103,2.89246562156651,1.58989719031897
668,-0.205519133542729,2.89151063646271,1.58989719031897
669,-0.255510012745354,2.89055565135892,1.58989719031897
670,-0.30550089194798,2.88960066625512,1.58989719031897
671,-0.405482650353232,2.88769069604753,1.58989719031897
672,-0.00626337648972,3.41161737826141,1.57222766242491
673,-0.106263274053653,3.41147424474729,1.57222766242491
674,-0.15626322283562,3.41140267799022,1.57222766242491
675,-0.206263171617587,3.41133111123316,1.57222766242491
676,-0.256263120399553,3.41125954447609,1.57222766242491
677,-0.30626306918152,3.41118797771903,1.57222766242491
678,-0.406262966745453,3.4110448442049,1.57222766242491
679,-0.005008216953388,3.93059590482667,1.56838066392768
680,-0.105007925182176,3.93083747087846,1.56838066392768
681,-0.155007779296569,3.93095825390435,1.56838066392768
682,-0.205007633410963,3.93107903693024,1.56838066392768
683,-0.255007487525357,3.93119981995613,1.56838066392768
684,-0.305007341639751,3.93132060298202,1.56838066392768
685,-0.405007049868538,3.9315621690338,1.56838066392768
686,-0.003787347289621,4.44997883434893,1.56844571624802
687,-0.103787071021251,4.45021389518715,1.56844571624802
688,-0.153786932887066,4.45033142560626,1.56844571624802
689,-0.203786794752881,4.45044895602537,1.56844571624802
690,-0.253786656618696,4.45056648644448,1.56844571624802
691,-0.303786518484511,4.45068401686359,1.56844571624802
692,-0.403786242216141,4.45091907770182,1.56844571624802
693,-0.035711022427041,4.98113042988493,1.63157559774906
694,-0.135526373291657,4.97505624419683,1.63157559774906
695,-0.185434048723966,4.97201915135278,1.63157559774906
696,-0.235341724156274,4.96898205850874,1.63157559774906
697,-0.285249399588582,4.96594496566469,1.63157559774906
698,-0.335157075020891,4.96290787282064,1.63157559774906
699,-0.434972425885507,4.95683368713255,1.63157559774906
700,-0.053622058685286,5.47596075875878,1.60709784871824
701,-0.153556175896096,5.47233140381664,1.60709784871824
702,-0.203523234501501,5.47051672634557,1.60709784871824
703,-0.253490293106906,5.4687020488745,1.60709784871824
704,-0.303457351712311,5.46688737140343,1.60709784871824
705,-0.353424410317716,5.46507269393236,1.60709784871824
706,-0.453358527528527,5.46144333899022,1.60709784871824
707,-0.057594587575976,5.99010734580067,1.57867968400971
708,-0.15759148022602,5.98931901824466,1.57867968400971
709,-0.207589926551042,5.98892485446665,1.57867968400971
710,-0.257588372876064,5.98853069068864,1.57867968400971
711,-0.307586819201086,5.98813652691063,1.57867968400971
712,-0.357585265526108,5.98774236313263,1.57867968400971
713,-0.457582158176152,5.98695403557661,1.57867968400971
714,-0.063816590335022,6.51037079921862,1.5827582846943
715,-0.163809435998491,6.50917463195544,1.5827582846943
716,-0.213805858830226,6.50857654832385,1.5827582846943
717,-0.263802281661961,6.50797846469226,1.5827582846943
718,-0.313798704493696,6.50738038106066,1.5827582846943
719,-0.363795127325431,6.50678229742907,1.5827582846943
720,-0.463787972988901,6.50558613016589,1.5827582846943
721,-0.096521455909882,7.03928008362849,1.63302903747297
722,-0.196327872885539,7.03306082881129,1.63302903747297
723,-0.246231081373368,7.02995120140269,1.63302903747297
724,-0.296134289861196,7.02684157399409,1.63302903747297
725,-0.346037498349025,7.02373194658549,1.63302903747297
726,-0.395940706836853,7.02062231917689,1.63302903747297
727,-0.49574712381251,7.01440306435969,1.63302903747297
728,-0.1232159617172,7.55584345332321,1.62244915579517
729,-0.223082590636971,7.55068046695863,1.62244915579517
730,-0.273015905096856,7.54809897377633,1.62244915579517
731,-0.322949219556741,7.54551748059404,1.62244915579517
732,-0.372882534016626,7.54293598741175,1.62244915579517
733,-0.422815848476511,7.54035449422945,1.62244915579517
734,-0.522682477396281,7.53519150786487,1.62244915579517
735,-0.154748771225657,8.07662786316403,1.63128614517796
736,-0.254565876097509,8.07058256953993,1.63128614517796
737,-0.304474428533436,8.06755992272788,1.63128614517796
738,-0.354382980969362,8.06453727591583,1.63128614517796
739,-0.404291533405288,8.06151462910378,1.63128614517796
740,-0.454200085841215,8.05849198229173,1.63128614517796
741,-0.554017190713067,8.05244668866763,1.63128614517796
742,-0.19563608845002,8.59824861970095,1.64908204575288
743,-0.295329812230069,8.59042804178961,1.64908204575288
744,-0.345176674120093,8.58651775283395,1.64908204575288
745,-0.395023536010118,8.58260746387828,1.64908204575288
746,-0.444870397900142,8.57869717492261,1.64908204575288
747,-0.494717259790167,8.57478688596694,1.64908204575288
748,-0.594410983570216,8.56696630805561,1.64908204575288
749,-0.244735081373262,9.11881998866894,1.664883389521
750,-0.344292789027264,9.10942515782,1.664883389521
751,-0.394071642854265,9.10472774239553,1.664883389521
752,-0.443850496681266,9.10003032697106,1.664883389521
753,-0.493629350508267,9.09533291154659,1.664883389521
754,-0.543408204335268,9.09063549612211,1.664883389521
755,-0.642965911989271,9.08124066527317,1.664883389521
756,-0.276222551246934,9.61188233381564,1.63475447325447
757,-0.376018088734886,9.60549087877857,1.63475447325447
758,-0.425915857478862,9.60229515126004,1.63475447325447
759,-0.475813626222838,9.59909942374151,1.63475447325447
760,-0.525711394966813,9.59590369622297,1.63475447325447
761,-0.575609163710789,9.59270796870444,1.63475447325447
762,-0.675404701198741,9.58631651366737,1.63475447325447
763,-0.27416586788215,10.1176334617535,1.56762055793723
764,-0.374165363607182,10.1179510381054,1.56762055793723
765,-0.424165111469698,10.1181098262814,1.56762055793723
766,-0.474164859332214,10.1182686144574,1.56762055793723
767,-0.52416460719473,10.1184274026334,1.56762055793723
768,-0.574164355057246,10.1185861908093,1.56762055793723
769,-0.674163850782278,10.1189037671613,1.56762055793723
770,-0.297514861255601,10.646463183488,1.61535014872566
771,-0.397415625520399,10.6420092751695,1.61535014872566
772,-0.447366007652798,10.6397823210103,1.61535014872566
773,-0.497316389785197,10.6375553668511,1.61535014872566
774,-0.547266771917596,10.6353284126918,1.61535014872566
775,-0.597217154049995,10.6331014585326,1.61535014872566
776,-0.697117918314793,10.6286475502141,1.61535014872566
777,-0.306004786569181,11.1606996762533,1.58745587467462
778,-0.405990909863354,11.1590337985259,1.58745587467462
779,-0.45598397151044,11.1582008596622,1.58745587467462
780,-0.505977033157526,11.1573679207985,1.58745587467462
781,-0.555970094804612,11.1565349819348,1.58745587467462
782,-0.605963156451698,11.1557020430712,1.58745587467462
783,-0.705949279745871,11.1540361653438,1.58745587467462
784,-0.307674607561203,11.6777941563029,1.5740602546737
785,-0.407674074900416,11.6774677640946,1.5740602546737
786,-0.457673808570022,11.6773045679904,1.5740602546737
787,-0.507673542239629,11.6771413718862,1.5740602546737
788,-0.557673275909235,11.6769781757821,1.5740602546737
789,-0.607673009578842,11.6768149796779,1.5740602546737
790,-0.707672476918055,11.6764885874695,1.5740602546737
791,-0.305683364251435,12.1960643945593,1.56696396735357
792,-0.405682629903389,12.1964476295653,1.56696396735357
793,-0.455682262729366,12.1966392470683,1.56696396735357
794,-0.505681895555343,12.1968308645713,1.56696396735357
795,-0.555681528381321,12.1970224820743,1.56696396735357
796,-0.605681161207298,12.1972140995774,1.56696396735357
797,-0.705680426859252,12.1975973345834,1.56696396735357
798,-0.30316425866236,12.7154602598255,1.5659464955165
799,-0.403163082621493,12.7159452410522,1.5659464955165
800,-0.45316249460106,12.7161877316655,1.5659464955165
801,-0.503161906580627,12.7164302222788,1.5659464955165
802,-0.553161318560194,12.7166727128921,1.5659464955165
803,-0.603160730539761,12.7169152035054,1.5659464955165
804,-0.703159554498894,12.7174001847321,1.5659464955165
805,-0.302051732940263,13.2356355400492,1.56865899288847
806,-0.402051504530539,13.2358492732771,1.56865899288847
807,-0.452051390325676,13.2359561398911,1.56865899288847
808,-0.502051276120814,13.236063006505,1.56865899288847
809,-0.552051161915952,13.236169873119,1.56865899288847
810,-0.60205104771109,13.2362767397329,1.56865899288847
811,-0.702050819301365,13.2364904729608,1.56865899288847
812,-0.306849909433112,13.7573273510193,1.58001813829027
813,-0.406845657372883,13.7564051829403,1.58001813829027
814,-0.456843531342769,13.7559440989009,1.58001813829027
815,-0.506841405312654,13.7554830148614,1.58001813829027
816,-0.556839279282539,13.7550219308219,1.58001813829027
817,-0.606837153252425,13.7545608467825,1.58001813829027
818,-0.706832901192196,13.7536386787035,1.58001813829027
819,-0.342001585555673,14.2874441963384,1.63763333509121
820,-0.441778309408342,14.2807654706195,1.63763333509121
821,-0.491666671334677,14.2774261077601,1.63763333509121
822,-0.541555033261011,14.2740867449006,1.63763333509121
823,-0.591443395187346,14.2707473820412,1.63763333509121
824,-0.641331757113681,14.2674080191817,1.63763333509121
825,-0.74110848096635,14.2607292934628,1.63763333509121
826,-0.35466455461552,14.7989294128481,1.59588906111178
827,-0.454633074001599,14.7964204027335,1.59588906111178
828,-0.504617333694639,14.7951658976762,1.59588906111178
829,-0.554601593387678,14.7939113926189,1.59588906111178
830,-0.604585853080718,14.7926568875616,1.59588906111178
831,-0.654570112773757,14.7914023825043,1.59588906111178
832,-0.754538632159836,14.7888933723897,1.59588906111178
833,-0.356650928070573,15.3144693147611,1.57473609251541
834,-0.45665015198388,15.3140753392083,1.57473609251541
835,-0.506649763940534,15.3138783514318,1.57473609251541
836,-0.556649375897188,15.3136813636554,1.57473609251541
837,-0.606648987853841,15.313484375879,1.57473609251541
838,-0.656648599810495,15.3132873881026,1.57473609251541
839,-0.756647823723802,15.3128934125497,1.57473609251541
840,-0.357380305105299,15.8333720960114,1.57220317629779
841,-0.457380206144039,15.8332314111075,1.57220317629779
842,-0.507380156663409,15.8331610686555,1.57220317629779
843,-0.557380107182779,15.8330907262036,1.57220317629779
844,-0.607380057702149,15.8330203837517,1.57220317629779
845,-0.657380008221519,15.8329500412997,1.57220317629779
846,-0.75737990926026,15.8328093563958,1.57220317629779
847,-0.361392421744154,16.3545128048739,1.57850250928231
848,-0.461389452496421,16.3537421942524,1.57850250928231
849,-0.511387967872555,16.3533568889416,1.57850250928231
850,-0.561386483248689,16.3529715836309,1.57850250928231
851,-0.611384998624823,16.3525862783201,1.57850250928231
852,-0.661383514000957,16.3522009730093,1.57850250928231
853,-0.761380544753224,16.3514303623878,1.57850250928231
854,-0.356815976560646,16.8707455018355,1.56198432788511
855,-0.456812094019531,16.8716266903221,1.56198432788511
856,-0.506810152748973,16.8720672845655,1.56198432788511
857,-0.556808211478415,16.8725078788088,1.56198432788511
858,-0.606806270207858,16.8729484730521,1.56198432788511
859,-0.6568043289373,16.8733890672954,1.56198432788511
860,-0.756800446396184,16.874270255782,1.56198432788511
861,-0.349986368806763,17.3894624155563,1.55763438636371
862,-0.449977707098012,17.3907785715975,1.55763438636371
863,-0.499973376243637,17.3914366496182,1.55763438636371
864,-0.549969045389261,17.3920947276388,1.55763438636371
865,-0.599964714534886,17.3927528056594,1.55763438636371
866,-0.64996038368051,17.3934108836801,1.55763438636371
867,-0.749951721971759,17.3947270397213,1.55763438636371
868,-0.324767990326693,17.9010097941621,1.52178882736644
869,-0.42464792760947,17.9059085826234,1.52178882736644
870,-0.474587896250859,17.908357976854,1.52178882736644
871,-0.524527864892247,17.9108073710847,1.52178882736644
872,-0.574467833533636,17.9132567653153,1.52178882736644
873,-0.624407802175024,17.915706159546,1.52178882736644
874,-0.724287739457801,17.9206049480073,1.52178882736644
875,-0.311035306644394,18.4246352332747,1.54467617933076
876,-0.411001195478679,18.4272469510182,1.54467617933076
877,-0.460984139895821,18.4285528098899,1.54467617933076
878,-0.510967084312964,18.4298586687616,1.54467617933076
879,-0.560950028730106,18.4311645276333,1.54467617933076
880,-0.610932973147249,18.432470386505,1.54467617933076
881,-0.710898861981534,18.4350821042485,1.54467617933076
882,-0.291600527779935,18.9417264046449,1.53325439991869
883,-0.391530066242525,18.9454797155372,1.53325439991869
884,-0.44149483547382,18.9473563709833,1.53325439991869
885,-0.491459604705115,18.9492330264294,1.53325439991869
886,-0.54142437393641,18.9511096818755,1.53325439991869
887,-0.591389143167705,18.9529863373216,1.53325439991869
888,-0.691318681630295,18.9567396482139,1.53325439991869
889,-0.269033076300005,19.4591959342043,1.52721980477146
890,-0.368938145659936,19.4635522074037,1.52721980477146
891,-0.418890680339902,19.4657303440033,1.52721980477146
892,-0.468843215019867,19.467908480603,1.52721980477146
893,-0.518795749699833,19.4700866172027,1.52721980477146
894,-0.568748284379799,19.4722647538024,1.52721980477146
895,-0.66865335373973,19.4766210270017,1.52721980477146
896,-0.257913917443031,19.9828123021564,1.54966034959592
897,-0.357891581797941,19.984925742512,1.54966034959592
898,-0.407880413975396,19.9859824626899,1.54966034959592
899,-0.457869246152852,19.9870391828677,1.54966034959592
900,-0.507858078330307,19.9880959030455,1.54966034959592
901,-0.557846910507762,19.9891526232233,1.54966034959592
902,-0.657824574862672,19.991266063579,1.54966034959592
903,-0.232850009978605,20.4962736974355,1.52216843954725
904,-0.332731799704489,20.5011345699039,1.52216843954725
905,-0.382672694567431,20.5035650061381,1.52216843954725
906,-0.432613589430373,20.5059954423723,1.52216843954725
907,-0.482554484293315,20.5084258786065,1.52216843954725
908,-0.532495379156257,20.5108563148408,1.52216843954725
909,-0.632377168882141,20.5157171873092,1.52216843954725
910,-0.210224796999603,21.0162612786794,1.52731778458573
911,-0.310130292706826,21.0206077631777,1.52731778458573
912,-0.360083040560437,21.0227810054268,1.52731778458573
913,-0.410035788414049,21.024954247676,1.52731778458573
914,-0.45998853626766,21.0271274899251,1.52731778458573
915,-0.509941284121272,21.0293007321743,1.52731778458573
916,-0.609846779828495,21.0336472166726,1.52731778458573
917,-0.182940781059859,21.5330444354429,1.5180659702967
918,-0.282801788745083,21.5383150278282,1.5180659702967
919,-0.332732292587695,21.5409503240208,1.5180659702967
920,-0.382662796430307,21.5435856202134,1.5180659702967
921,-0.432593300272919,21.5462209164061,1.5180659702967
922,-0.482523804115531,21.5488562125987,1.5180659702967
923,-0.582384811800755,21.554126804984,1.5180659702967
924,-0.160705849215407,22.053807560762,1.52814490853741
925,-0.260614905829282,22.0580714095545,1.52814490853741
926,-0.310569434136219,22.0602033339508,1.52814490853741
927,-0.360523962443156,22.0623352583471,1.52814490853741
928,-0.410478490750093,22.0644671827434,1.52814490853741
929,-0.46043301905703,22.0665991071396,1.52814490853741
930,-0.560342075670904,22.0708629559322,1.52814490853741
931,-0.135199582633609,22.5713212637558,1.5215583822182
932,-0.235078388362303,22.5762430689338,1.5215583822182
933,-0.28501779122665,22.5787039715227,1.5215583822182
934,-0.334957194090996,22.5811648741117,1.5215583822182
935,-0.384896596955343,22.5836257767007,1.5215583822182
936,-0.43483599981969,22.5860866792897,1.5215583822182
937,-0.534714805548383,22.5910084844677,1.5215583822182
938,-0.115856528772564,23.0926512562144,1.53373849373363
939,-0.215787872480587,23.0963561913972,1.53373849373363
940,-0.265753544334598,23.0982086589887,1.53373849373363
941,-0.31571921618861,23.1000611265801,1.53373849373363
942,-0.365684888042621,23.1019135941715,1.53373849373363
943,-0.415650559896633,23.1037660617629,1.53373849373363
944,-0.515581903604655,23.1074709969457,1.53373849373363
945,-0.107793119430982,23.6164267256054,1.55549310228931
946,-0.207781410225485,23.6179569883259,1.55549310228931
947,-0.257775555622737,23.6187221196862,1.55549310228931
948,-0.307769701019988,23.6194872510465,1.55549310228931
949,-0.357763846417239,23.6202523824068,1.55549310228931
950,-0.407757991814491,23.6210175137671,1.55549310228931
951,-0.507746282608994,23.6225477764876,1.55549310228931
952,-0.102488874704801,24.1369505506288,1.56061150677333
953,-0.202483688221691,24.1379690150231,1.56061150677333
954,-0.252481094980136,24.1384782472202,1.56061150677333
955,-0.302478501738581,24.1389874794174,1.56061150677333
956,-0.352475908497026,24.1394967116145,1.56061150677333
957,-0.402473315255471,24.1400059438117,1.56061150677333
958,-0.50246812877236,24.141024408206,1.56061150677333
959,-0.087627854657715,24.6526416012339,1.54205337476871
960,-0.187586549636977,24.6555155006829,1.54205337476871
961,-0.237565897126608,24.6569524504074,1.54205337476871
962,-0.287545244616239,24.6583894001319,1.54205337476871
963,-0.33752459210587,24.6598263498564,1.54205337476871
964,-0.387503939595501,24.6612632995809,1.54205337476871
965,-0.487462634574763,24.6641371990298,1.54205337476871
966,-0.067383480380899,25.1694958032291,1.5316687444454
967,-0.167306941761466,25.173407563156,1.5316687444454
968,-0.21726867245175,25.1753634431195,1.5316687444454
969,-0.267230403142034,25.177319323083,1.5316687444454
970,-0.317192133832318,25.1792752030465,1.5316687444454
971,-0.367153864522602,25.1812310830099,1.5316687444454
972,-0.46707732590317,25.1851428429369,1.5316687444454
973,-0.058074354930615,25.693205781799,1.55311062445992
974,-0.158058716134898,25.6949742598372,1.55311062445992
975,-0.20805089673704,25.6958584988563,1.55311062445992
976,-0.258043077339181,25.6967427378754,1.55311062445992
977,-0.308035257941322,25.6976269768945,1.55311062445992
978,-0.358027438543464,25.6985112159135,1.55311062445992
979,-0.458011799747747,25.7002796939517,1.55311062445992
980,-0.054328653383929,26.2148552378333,1.5636371959895
981,-0.15432609073718,26.2155711447984,1.5636371959895
982,-0.204324809413806,26.2159290982809,1.5636371959895
983,-0.254323528090431,26.2162870517635,1.5636371959895
984,-0.304322246767057,26.216645005246,1.5636371959895
985,-0.354320965443682,26.2170029587286,1.5636371959895
986,-0.454318402796933,26.2177188656937,1.5636371959895
987,-0.05279327803764,26.7354374441042,1.56785040245205
988,-0.152792844114442,26.7357320361124,1.56785040245205
989,-0.202792627152843,26.7358793321165,1.56785040245205
990,-0.252792410191244,26.7360266281206,1.56785040245205
991,-0.302792193229645,26.7361739241247,1.56785040245205
992,-0.352791976268047,26.7363212201287,1.56785040245205
993,-0.452791542344849,26.7366158121369,1.56785040245205
994,-0.045824472333172,27.2332693485718,1.5568233527009
995,-0.145814710291753,27.2346666005127,1.5568233527009
996,-0.195809829271044,27.2353652264831,1.5568233527009
997,-0.245804948250335,27.2360638524536,1.5568233527009
998,-0.295800067229626,27.236762478424,1.5568233527009
999,-0.345795186208917,27.2374611043944,1.5568233527009
1000,-0.445785424167498,27.2388583563353,1.5568233527009
1001,-0.221104951876265,27.7903105019598,1.89505651256897
1002,-0.315893621500166,27.7584497406549,1.89505651256897
1003,-0.363287956312116,27.7425193600024,1.89505651256897
1004,-0.410682291124067,27.7265889793499,1.89505651256897
1005,-0.458076625936017,27.7106585986974,1.89505651256897
1006,-0.505470960747968,27.694728218045,1.89505651256897
1007,-0.600259630371869,27.66286745674,1.89505651256897
1008,-0.297479717279695,28.2717946717939,1.73345457929804
1009,-0.396159746062666,28.2556004777914,1.73345457929804
1010,-0.445499760454151,28.2475033807901,1.73345457929804
1011,-0.494839774845636,28.2394062837888,1.73345457929804
1012,-0.544179789237121,28.2313091867875,1.73345457929804
1013,-0.593519803628606,28.2232120897863,1.73345457929804
1014,-0.692199832411577,28.2070178957837,1.73345457929804
1015,-0.544277266392377,28.7839437982767,2.03580665984057
1016,-0.633658959590949,28.7391005945446,2.03580665984057
1017,-0.678349806190234,28.7166789926786,2.03580665984057
1018,-0.72304065278952,28.6942573908125,2.03580665984057
1019,-0.767731499388806,28.6718357889465,2.03580665984057
1020,-0.812422345988092,28.6494141870805,2.03580665984057
1021,-0.901804039186663,28.6045709833484,2.03580665984057
1022,-1.05162828864622,29.134723323718,2.58423704769958
1023,-1.10452267533255,29.04985764245,2.58423704769958
1024,-1.13096986867572,29.007424801816,2.58423704769958
1025,-1.15741706201888,28.964991961182,2.58423704769958
1026,-1.18386425536205,28.922559120548,2.58423704769958
1027,-1.21031144870522,28.8801262799141,2.58423704769958
1028,-1.26320583539155,28.7952605986461,2.58423704769958
1029,-1.6355661385559,29.236885968193,2.9966867115898
1030,-1.6500060743684,29.1379340189766,2.9966867115898
1031,-1.65722604227465,29.0884580443684,2.9966867115898
1032,-1.6644460101809,29.0389820697601,2.9966867115898
1033,-1.67166597808715,28.9895060951519,2.9966867115898
1034,-1.6788859459934,28.9400301205437,2.9966867115898
1035,-1.6933258818059,28.8410781713273,2.9966867115898
1036,-2.2078755734558,29.1545353858692,-2.98285780755603
1037,-2.19206866496272,29.0557925803394,-2.98285780755603
1038,-2.18416521071618,29.0064211775745,-2.98285780755603
1039,-2.17626175646964,28.9570497748097,-2.98285780755603
1040,-2.1683583022231,28.9076783720448,-2.98285780755603
1041,-2.16045484797656,28.8583069692799,-2.98285780755603
1042,-2.14464793948348,28.7595641637501,-2.98285780755603
1043,-2.67901066376963,29.150416125023,-3.12836385670484
1044,-2.67768782266502,29.0504248749487,-3.12836385670484
1045,-2.67702640211272,29.0004292499116,-3.12836385670484
1046,-2.67636498156042,28.9504336248745,-3.12836385670484
1047,-2.67570356100811,28.9004379998374,-3.12836385670484
1048,-2.67504214045581,28.8504423748002,-3.12836385670484
1049,-2.6737192993512,28.750451124726,-3.12836385670484
1050,-3.15067514711616,29.2056485402948,3.0283843468881
1051,-3.1619718117552,29.1062886622352,3.0283843468881
1052,-3.16762014407473,29.0566087232053,3.0283843468881
1053,-3.17326847639425,29.0069287841755,3.0283843468881
1054,-3.17891680871377,28.9572488451456,3.0283843468881
1055,-3.1845651410333,28.9075689061158,3.0283843468881
1056,-3.19586180567234,28.8082090280561,3.0283843468881
1057,-3.65137125059521,29.2926588748202,2.97019822066379
1058,-3.66842690219413,29.1941240852861,2.97019822066379
1059,-3.67695472799359,29.144856690519,2.97019822066379
1060,-3.68548255379306,29.095589295752,2.97019822066379
1061,-3.69401037959252,29.0463219009849,2.97019822066379
1062,-3.70253820539198,28.9970545062178,2.97019822066379
1063,-3.7195938569909,28.8985197166837,2.97019822066379
1064,-4.17360055141807,29.3618929020859,3.01008929477795
1065,-4.18671301830571,29.262756313421,3.01008929477795
1066,-4.19326925174952,29.2131880190885,3.01008929477795
1067,-4.19982548519334,29.163619724756,3.01008929477795
1068,-4.20638171863716,29.1140514304236,3.01008929477795
1069,-4.21293795208098,29.0644831360911,3.01008929477795
1070,-4.22605041896861,28.9653465474262,3.01008929477795
1071,-4.69895781716518,29.410441151128,3.0497423782993
1072,-4.70812993526803,29.3108626783063,3.0497423782993
1073,-4.71271599431946,29.2610734418954,3.0497423782993
1074,-4.71730205337089,29.2112842054845,3.0497423782993
1075,-4.72188811242231,29.1614949690737,3.0497423782993
1076,-4.72647417147374,29.1117057326628,3.0497423782993
1077,-4.7356462895766,29.0121272598411,3.0497423782993
1078,-5.22758200114534,29.4337112224933,3.09804177822191
1079,-5.23193571211235,29.3338060414424,3.09804177822191
1080,-5.23411256759586,29.2838534509169,3.09804177822191
1081,-5.23628942307936,29.2339008603914,3.09804177822191
1082,-5.23846627856287,29.183948269866,3.09804177822191
1083,-5.24064313404638,29.1339956793405,3.09804177822191
1084,-5.24499684501339,29.0340904982896,3.09804177822191
1085,-5.75424503452485,29.4374975290041,3.13465807844868
1086,-5.75493848648111,29.337499933411,3.13465807844868
1087,-5.75528521245923,29.2875011356145,3.13465807844868
1088,-5.75563193843736,29.237502337818,3.13465807844868
1089,-5.75597866441549,29.1875035400215,3.13465807844868
1090,-5.75632539039362,29.137504742225,3.13465807844868
1091,-5.75701884234987,29.037507146632,3.13465807844868
1092,-6.28618670207577,29.4056561976059,-3.08094863502061
1093,-6.28012601670746,29.3058400261061,-3.08094863502061
1094,-6.2770956740233,29.2559319403563,-3.08094863502061
1095,-6.27406533133914,29.2060238546064,-3.08094863502061
1096,-6.27103498865498,29.1561157688565,-3.08094863502061
1097,-6.26800464597083,29.1062076831066,-3.08094863502061
1098,-6.26194396060251,29.0063915116069,-3.08094863502061
1099,-6.77618552855293,29.4009430497195,-3.13145382529583
1100,-6.77517166309393,29.3009481894674,-3.13145382529583
1101,-6.77466473036443,29.2509507593414,-3.13145382529583
1102,-6.77415779763494,29.2009533292153,-3.13145382529583
1103,-6.77365086490544,29.1509558990893,-3.13145382529583
1104,-6.77314393217594,29.1009584689633,-3.13145382529583
1105,-6.77213006671694,29.0009636087112,-3.13145382529583
1106,-7.24894662341906,29.4552426067265,3.03033082057306
1107,-7.26004986539208,29.3558609282456,3.03033082057306
1108,-7.26560148637859,29.3061700890051,3.03033082057306
1109,-7.2711531073651,29.2564792497647,3.03033082057306
1110,-7.27670472835161,29.2067884105242,3.03033082057306
1111,-7.28225634933812,29.1570975712837,3.03033082057306
1112,-7.29335959131114,29.0577158928028,3.03033082057306
1113,-7.75306522180691,29.5359239576631,2.98332679344753
1114,-7.76882581958066,29.4371737497756,2.98332679344753
1115,-7.77670611846753,29.3877986458319,2.98332679344753
1116,-7.78458641735441,29.3384235418882,2.98332679344753
1117,-7.79246671624128,29.2890484379444,2.98332679344753
1118,-7.80034701512816,29.2396733340007,2.98332679344753
1119,-7.81610761290191,29.1409231261133,2.98332679344753
1120,-8.29778914477644,29.5268155809172,-3.11887733161497
1121,-8.29551780792033,29.4268413791005,-3.11887733161497
1122,-8.29438213949228,29.3768542781922,-3.11887733161497
1123,-8.29324647106422,29.3268671772838,-3.11887733161497
1124,-8.29211080263617,29.2768800763755,-3.11887733161497
1125,-8.29097513420811,29.2268929754671,-3.11887733161497
1126,-8.28870379735201,29.1269187736504,-3.11887733161497
1127,-8.84601725738522,29.3953636907749,-2.89761059191195
1128,-8.82186039145222,29.2983253178068,-2.89761059191195
1129,-8.80978195848571,29.2498061313228,-2.89761059191195
1130,-8.79770352551921,29.2012869448387,-2.89761059191195
1131,-8.78562509255271,29.1527677583547,-2.89761059191195
1132,-8.77354665958621,29.1042485718706,-2.89761059191195
1133,-8.7493897936532,29.0072101989025,-2.89761059191195
1134,-9.34882219594061,29.2814718384937,-2.91875189599917
1135,-9.32672209325125,29.1839444809927,-2.91875189599917
1136,-9.31567204190656,29.1351808022422,-2.91875189599917
1137,-9.30462199056188,29.0864171234918,-2.91875189599917
1138,-9.2935719392172,29.0376534447413,-2.91875189599917
1139,-9.28252188787252,28.9888897659908,-2.91875189599917
1140,-9.26042178518316,28.8913624084898,-2.91875189599917
1141,-9.85477059623814,29.1687600015675,-2.92239598309563
1142,-9.83302603768479,29.071152757096,-2.92239598309563
1143,-9.82215375840811,29.0223491348603,-2.92239598309563
1144,-9.81128147913143,28.9735455126245,-2.92239598309563
1145,-9.80040919985476,28.9247418903888,-2.92239598309563
1146,-9.78953692057808,28.875938268153,-2.92239598309563
1147,-9.76779236202473,28.7783310236815,-2.92239598309563
1148,-10.1935073396138,28.5764462385179,-1.96576927003763
1149,-10.1012066420451,28.5379679169806,-1.96576927003763
1150,-10.0550562932607,28.5187287562119,-1.96576927003763
1151,-10.0089059444764,28.4994895954433,-1.96576927003763
1152,-9.96275559569201,28.4802504346746,-1.96576927003763
1153,-9.91660524690766,28.4610112739059,-1.96576927003763
1154,-9.82430454933895,28.4225329523686,-1.96576927003763
1155,-10.0882866928293,27.9482382224882,-1.34650358499933
1156,-9.99079152712348,27.9704799100141,-1.34650358499933
1157,-9.94204394427058,27.9816007537771,-1.34650358499933
1158,-9.89329636141768,27.99272159754,-1.34650358499933
1159,-9.84454877856478,28.003842441303,-1.34650358499933
1160,-9.79580119571189,28.0149632850659,-1.34650358499933
1161,-9.69830603000609,28.0372049725918,-1.34650358499933
1162,-10.0819795140382,27.4880273349203,-1.54827645352471
1163,-9.98200487020118,27.490279131905,-1.54827645352471
1164,-9.93201754828267,27.4914050303973,-1.54827645352471
1165,-9.88203022636415,27.4925309288896,-1.54827645352471
1166,-9.83204290444564,27.4936568273819,-1.54827645352471
1167,-9.78205558252713,27.4947827258742,-1.54827645352471
1168,-9.6820809386901,27.4970345228588,-1.54827645352471
1169,-10.1132504549713,26.9859069591442,-1.6316140821903
1170,-10.0134353379422,26.9798289321226,-1.6316140821903
1171,-9.96352777942766,26.9767899186118,-1.6316140821903
1172,-9.91362022091313,26.973750905101,-1.6316140821903
1173,-9.8637126623986,26.9707118915902,-1.6316140821903
1174,-9.81380510388408,26.9676728780794,-1.6316140821903
1175,-9.71398998685502,26.9615948510578,-1.6316140821903
1176,-10.158143149919,26.4737259064737,-1.6580866523624
1177,-10.0585238881176,26.4650079549852,-1.6580866523624
1178,-10.0087142572169,26.460648979241,-1.6580866523624
1179,-9.95890462631627,26.4562900034967,-1.6580866523624
1180,-9.9090949954156,26.4519310277525,-1.6580866523624
1181,-9.85928536451493,26.4475720520083,-1.6580866523624
1182,-9.75966610271358,26.4388541005198,-1.6580866523624
1183,-10.2122043015299,25.9607114086838,-1.67572788822743
1184,-10.1127543282027,25.9502374979901,-1.67572788822743
1185,-10.0630293415391,25.9450005426432,-1.67572788822743
1186,-10.0133043548755,25.9397635872964,-1.67572788822743
1187,-9.96357936821194,25.9345266319495,-1.67572788822743
1188,-9.91385438154834,25.9292896766027,-1.67572788822743
1189,-9.81440440822115,25.918815765909,-1.67572788822743
1190,-10.2704022962732,25.4461996060191,-1.68341920265617
1191,-10.1710358218248,25.4349611116495,-1.68341920265617
1192,-10.1213525846006,25.4293418644647,-1.68341920265617
1193,-10.0716693473764,25.4237226172798,-1.68341920265617
1194,-10.0219861101522,25.418103370095,-1.68341920265617
1195,-9.97230287292798,25.4124841229102,-1.68341920265617
1196,-9.87293639847958,25.4012456285406,-1.68341920265617
