0,0.505262331728475,0.110500013484269,0.215073673187509
1,0.483920391259795,0.208196080841309,0.215073673187509
2,0.462578450791114,0.305892148198349,0.215073673187509
3,0.441236510322434,0.403588215555389,0.215073673187509
4,1.08317083540777,-0.051464639885848,0.250180022061316
5,1.05841299732217,0.045422146898145,0.250180022061316
6,1.03365515923656,0.142308933682139,0.250180022061316
7,1.00889732115096,0.239195720466132,0.250180022061316
8,0.984139483065355,0.336082507250125,0.250180022061316
9,0.959381644979751,0.432969294034119,0.250180022061316
10,0.934623806894146,0.529856080818112,0.250180022061316
11,1.58760786609298,0.086791151394892,0.267597116855808
12,1.56116638208871,0.183232055183958,0.267597116855808
13,1.53472489808444,0.279672958973025,0.267597116855808
14,1.50828341408017,0.376113862762091,0.267597116855808
15,1.4818419300759,0.472554766551158,0.267597116855808
16,1.45540044607163,0.568995670340224,0.267597116855808
17,1.42895896206736,0.66543657412929,0.267597116855808
18,2.09460776928125,0.251783026925421,0.31525774614777
19,2.06360161677747,0.346854676258501,0.31525774614777
20,2.03259546427368,0.441926325591581,0.31525774614777
21,2.0015893117699,0.536997974924661,0.31525774614777
22,1.97058315926612,0.632069624257741,0.31525774614777
23,1.93957700676233,0.727141273590821,0.31525774614777
24,1.90857085425855,0.822212922923901,0.31525774614777
25,2.5679412490338,0.39478616285326,0.29354292428305
26,2.5390067081519,0.490508638500067,0.29354292428305
27,2.51007216726999,0.586231114146873,0.29354292428305
28,2.48113762638809,0.68195358979368,0.29354292428305
29,2.45220308550619,0.777676065440487,0.29354292428305
30,2.42326854462428,0.873398541087293,0.29354292428305
31,2.39433400374238,0.9691210167341,0.29354292428305
32,2.99293440002363,0.402405097292815,0.04041728678115
33,2.98889377165472,0.502323430557458,0.04041728678115
34,2.9848531432858,0.602241763822102,0.04041728678115
35,2.98081251491689,0.702160097086745,0.04041728678115
36,2.97677188654798,0.802078430351388,0.04041728678115
37,2.97273125817906,0.901996763616032,0.04041728678115
38,2.96869062981015,1.00191509688068,0.04041728678115
39,3.47886569779501,0.368513884751125,-0.066139007453716
40,3.48547477765528,0.468295246053728,-0.066139007453716
41,3.49208385751556,0.56807660735633,-0.066139007453716
42,3.49869293737583,0.667857968658933,-0.066139007453716
43,3.5053020172361,0.767639329961536,-0.066139007453716
44,3.51191109709638,0.867420691264138,-0.066139007453716
45,3.51852017695665,0.967202052566741,-0.066139007453716
46,4.02933281443875,0.389348624024295,0.040950980867433
47,4.02523886082424,0.489264786599737,0.040950980867433
48,4.02114490720973,0.58918094917518,0.040950980867433
49,4.01705095359522,0.689097111750622,0.040950980867433
50,4.01295699998071,0.789013274326064,0.040950980867433
51,4.0088630463662,0.888929436901507,0.040950980867433
52,4.00476909275169,0.988845599476949,0.040950980867433
53,4.51123706148724,0.379417817204863,-0.019468808333064
54,4.51318381933371,0.479398866078573,-0.019468808333064
55,4.51513057718018,0.579379914952283,-0.019468808333064
56,4.51707733502665,0.679360963825993,-0.019468808333064
57,4.51902409287312,0.779342012699703,-0.019468808333064
58,4.52097085071959,0.879323061573413,-0.019468808333064
59,4.52291760856606,0.979304110447123,-0.019468808333064
60,5.04437183392711,0.392988799717899,0.026031773883427
61,5.04176895053741,0.492954918968672,0.026031773883427
62,5.03916606714771,0.592921038219444,0.026031773883427
63,5.03656318375801,0.692887157470216,0.026031773883427
64,5.03396030036831,0.792853276720988,0.026031773883427
65,5.03135741697861,0.892819395971761,0.026031773883427
66,5.02875453358891,0.992785515222533,0.026031773883427
67,5.54258757209405,0.40307665015693,0.02025523407319
68,5.54056218718733,0.503056137132907,0.02025523407319
69,5.5385368022806,0.603035624108885,0.02025523407319
70,5.53651141737388,0.703015111084862,0.02025523407319
71,5.53448603246716,0.802994598060839,0.02025523407319
72,5.53246064756043,0.902974085036817,0.02025523407319
73,5.53043526265371,1.00295357201279,0.02025523407319
74,6.0626383551992,0.414190254900271,0.021367334169059
75,6.0605017843708,0.514167427620323,0.021367334169059
76,6.05836521354241,0.614144600340376,0.021367334169059
77,6.05622864271402,0.714121773060429,0.021367334169059
78,6.05409207188563,0.814098945780482,0.021367334169059
79,6.05195550105724,0.914076118500535,0.021367334169059
80,6.04981893022884,1.01405329122059,0.021367334169059
81,6.57549540735264,0.41285601897871,-0.002435860816269
82,6.57573899319338,0.512855722307961,-0.002435860816269
83,6.57598257903413,0.612855425637212,-0.002435860816269
84,6.57622616487487,0.712855128966463,-0.002435860816269
85,6.57646975071561,0.812854832295714,-0.002435860816269
86,6.57671333655636,0.912854535624965,-0.002435860816269
87,6.5769569223971,1.01285423895422,-0.002435860816269
88,7.09359818374166,0.408987301633422,-0.007459639248646
89,7.0943441407482,0.508984519335438,-0.007459639248646
90,7.09509009775474,0.608981737037454,-0.007459639248646
91,7.09583605476128,0.70897895473947,-0.007459639248646
92,7.09658201176782,0.808976172441486,-0.007459639248646
93,7.09732796877436,0.908973390143502,-0.007459639248646
94,7.0980739257809,1.00897060784552,-0.007459639248646
95,7.60781588334362,0.429825341624803,0.041191350234746
96,7.60369791306283,0.529740517252765,0.041191350234746
97,7.59957994278203,0.629655692880727,0.041191350234746
98,7.59546197250124,0.729570868508689,0.041191350234746
99,7.59134400222045,0.829486044136651,0.041191350234746
100,7.58722603193965,0.929401219764613,0.041191350234746
101,7.58310806165886,1.02931639539258,0.041191350234746
102,8.10937990225559,0.41937847300482,-0.019716690263638
103,8.11135144353741,0.519359036240751,-0.019716690263638
104,8.11332298481924,0.619339599476683,-0.019716690263638
105,8.11529452610106,0.719320162712614,-0.019716690263638
106,8.11726606738288,0.819300725948545,-0.019716690263638
107,8.11923760866471,0.919281289184477,-0.019716690263638
108,8.12120914994653,1.01926185242041,-0.019716690263638
109,8.63019605068502,0.411771065072619,-0.014598121548231
110,8.63165581099148,0.511760410004205,-0.014598121548231
111,8.63311557129794,0.611749754935791,-0.014598121548231
112,8.6345753316044,0.711739099867377,-0.014598121548231
113,8.63603509191086,0.811728444798963,-0.014598121548231
114,8.63749485221732,0.911717789730549,-0.014598121548231
115,8.63895461252378,1.01170713466214,-0.014598121548231
116,9.16940695767194,0.439847157634464,0.05330220102846
117,9.16407926118051,0.539705135032843,0.05330220102846
118,9.15875156468909,0.639563112431223,0.05330220102846
119,9.15342386819766,0.739421089829602,0.05330220102846
120,9.14809617170623,0.839279067227981,0.05330220102846
121,9.1427684752148,0.939137044626361,0.05330220102846
122,9.13744077872338,1.03899502202474,0.05330220102846
123,9.66348276475287,0.423108799625334,-0.031675404800787
124,9.66664977557746,0.523058637256203,-0.031675404800787
125,9.66981678640204,0.623008474887071,-0.031675404800787
126,9.67298379722662,0.72295831251794,-0.031675404800787
127,9.6761508080512,0.822908150148808,-0.031675404800787
128,9.67931781887578,0.922857987779677,-0.031675404800787
129,9.68248482970037,1.02280782541055,-0.031675404800787
130,10.1984178310022,0.436121417148412,0.025228260589542
131,10.1958952725499,0.536089595579624,0.025228260589542
132,10.1933727140975,0.636057774010835,0.025228260589542
133,10.1908501556452,0.736025952442047,0.025228260589542
134,10.1883275971929,0.835994130873259,0.025228260589542
135,10.1858050387405,0.93596230930447,0.025228260589542
136,10.1832824802882,1.03593048773568,0.025228260589542
137,10.6978559252841,0.447745663817012,0.023271597861167
138,10.6955289755446,0.547718586675702,0.023271597861167
139,10.693202025805,0.647691509534393,0.023271597861167
140,10.6908750760655,0.747664432393083,0.023271597861167
141,10.688548126326,0.847637355251773,0.023271597861167
142,10.6862211765864,0.947610278110464,0.023271597861167
143,10.6838942268469,1.04758320096915,0.023271597861167
144,11.2101529914131,0.447681014627031,3.19335492897259E-05
145,11.2101497980582,0.547681014576043,3.19335492897259E-05
146,11.2101466047032,0.647681014525056,3.19335492897259E-05
147,11.2101434113483,0.747681014474068,3.19335492897259E-05
148,11.2101402179934,0.84768101442308,3.19335492897259E-05
149,11.2101370246384,0.947681014372093,3.19335492897259E-05
150,11.2101338312835,1.04768101432111,3.19335492897259E-05
151,11.7338430251394,0.454252967213823,0.012593853807376
152,11.7325836730492,0.554245037060951,0.012593853807376
153,11.7313243209591,0.65423710690808,0.012593853807376
154,11.7300649688689,0.754229176755208,0.012593853807376
155,11.7288056167787,0.854221246602336,0.012593853807376
156,11.7275462646886,0.954213316449465,0.012593853807376
157,11.7262869125984,1.05420538629659,0.012593853807376
158,12.2379717372304,0.434948470190642,-0.037527329865664
159,12.2417235894497,0.534878063429705,-0.037527329865664
160,12.245475441669,0.634807656668767,-0.037527329865664
161,12.2492272938883,0.73473724990783,-0.037527329865664
162,12.2529791461076,0.834666843146892,-0.037527329865664
163,12.2567309983269,0.934596436385955,-0.037527329865664
164,12.2604828505462,1.03452602962502,-0.037527329865664
165,12.7675980717353,0.433062282673796,-0.003228187826749
166,12.7679208899572,0.533061761614416,-0.003228187826749
167,12.7682437081792,0.633061240555037,-0.003228187826749
168,12.7685665264012,0.733060719495657,-0.003228187826749
169,12.7688893446232,0.833060198436277,-0.003228187826749
170,12.7692121628452,0.933059677376897,-0.003228187826749
171,12.7695349810671,1.03305915631752,-0.003228187826749
172,13.2914186634737,0.438851839121988,0.011110979896723
173,13.2903075883454,0.538845666491778,0.011110979896723
174,13.2891965132172,0.638839493861568,0.011110979896723
175,13.2880854380889,0.738833321231358,0.011110979896723
176,13.2869743629606,0.838827148601148,0.011110979896723
177,13.2858632878324,0.938820975970938,0.011110979896723
178,13.2847522127041,1.03881480334073,0.011110979896723
179,13.7984475049587,0.456617180318924,0.03519528995056
180,13.7949287025304,0.556555251290252,0.03519528995056
181,13.7914099001021,0.656493322261581,0.03519528995056
182,13.7878910976737,0.756431393232909,0.03519528995056
183,13.7843722952454,0.856369464204237,0.03519528995056
184,13.780853492817,0.956307535175566,0.03519528995056
185,13.7773346903887,1.05624560614689,0.03519528995056
186,14.2831566193422,0.417238261835548,-0.077173716310809
187,14.2908663327564,0.51694062047902,-0.077173716310809
188,14.2985760461705,0.616642979122491,-0.077173716310809
189,14.3062857595847,0.716345337765963,-0.077173716310809
190,14.3139954729989,0.816047696409435,-0.077173716310809
191,14.321705186413,0.915750055052906,-0.077173716310809
192,14.3294148998272,1.01545241369638,-0.077173716310809
193,14.7851275001019,0.357208569928849,-0.118515702157323
194,14.7969513453261,0.456507093000008,-0.118515702157323
195,14.8087751905504,0.555805616071167,-0.118515702157323
196,14.8205990357746,0.655104139142326,-0.118515702157323
197,14.8324228809988,0.754402662213485,-0.118515702157323
198,14.8442467262231,0.853701185284644,-0.118515702157323
199,14.8560705714473,0.952999708355803,-0.118515702157323
200,15.3477715500066,0.370262531614778,0.028985154710553
201,15.3448734403779,0.47022052759599,0.028985154710553
202,15.3419753307492,0.570178523577203,0.028985154710553
203,15.3390772211205,0.670136519558415,0.028985154710553
204,15.3361791114918,0.770094515539627,0.028985154710553
205,15.3332810018631,0.87005251152084,0.028985154710553
206,15.3303828922344,0.970010507502052,0.028985154710553
207,15.8922780622316,0.438356210706785,0.127035762768386
208,15.8796086269603,0.537550391029552,0.127035762768386
209,15.8669391916889,0.636744571352318,0.127035762768386
210,15.8542697564176,0.735938751675084,0.127035762768386
211,15.8416003211463,0.83513293199785,0.127035762768386
212,15.8289308858749,0.934327112320616,0.127035762768386
213,15.8162614506036,1.03352129264338,0.127035762768386
214,16.3531010537225,0.433502719676786,-0.004876289771508
215,16.3535886807672,0.533501530769045,-0.004876289771508
216,16.3540763078118,0.633500341861304,-0.004876289771508
217,16.3545639348565,0.733499152953563,-0.004876289771508
218,16.3550515619012,0.833497964045822,-0.004876289771508
219,16.3555391889458,0.933496775138081,-0.004876289771508
220,16.3560268159905,1.03349558623034,-0.004876289771508
221,16.8668677375147,0.422302837613782,-0.021713351393365
222,16.8690389020383,0.522279265058513,-0.021713351393365
223,16.8712100665619,0.622255692503243,-0.021713351393365
224,16.8733812310855,0.722232119947974,-0.021713351393365
225,16.8755523956091,0.822208547392704,-0.021713351393365
226,16.8777235601327,0.922184974837435,-0.021713351393365
227,16.8798947246563,1.02216140228217,-0.021713351393365
228,17.4076997807557,0.450468033705439,0.053600849898099
229,17.4023422620302,0.550324415540083,0.053600849898099
230,17.3969847433048,0.650180797374728,0.053600849898099
231,17.3916272245793,0.750037179209372,0.053600849898099
232,17.3862697058538,0.849893561044016,0.053600849898099
233,17.3809121871284,0.94974994287866,0.053600849898099
234,17.3755546684029,1.0496063247133,0.053600849898099
235,17.9126144490869,0.452640000478211,0.005003105828855
236,17.9121141405912,0.552638748927425,0.005003105828855
237,17.9116138320956,0.652637497376639,0.005003105828855
238,17.9111135235999,0.752636245825853,0.005003105828855
239,17.9106132151042,0.852634994275067,0.005003105828855
240,17.9101129066086,0.952633742724281,0.005003105828855
241,17.9096125981129,1.05263249117349,0.005003105828855
242,18.426631895073,0.445980760266973,-0.012861434488899
243,18.427918003064,0.545972489556128,-0.012861434488899
244,18.4292041110549,0.645964218845282,-0.012861434488899
245,18.4304902190459,0.745955948134437,-0.012861434488899
246,18.4317763270369,0.845947677423592,-0.012861434488899
247,18.4330624350278,0.945939406712746,-0.012861434488899
248,18.4343485430188,1.0459311360019,-0.012861434488899
249,18.935457167989,0.422100926348473,-0.046562475458609
250,18.94011173321,0.521992542726441,-0.046562475458609
251,18.9447662984311,0.621884159104409,-0.046562475458609
252,18.9494208636521,0.721775775482377,-0.046562475458609
253,18.9540754288731,0.821667391860345,-0.046562475458609
254,18.9587299940942,0.921559008238313,-0.046562475458609
255,18.9633845593152,1.02145062461628,-0.046562475458609
256,19.4694180390129,0.424541182081111,0.005326251627649
257,19.4688854163685,0.524539763636644,0.005326251627649
258,19.468352793724,0.624538345192178,0.005326251627649
259,19.4678201710796,0.724536926747711,0.005326251627649
260,19.4672875484352,0.824535508303244,0.005326251627649
261,19.4667549257907,0.924534089858778,0.005326251627649
262,19.4662223031463,1.02453267141431,0.005326251627649
263,19.9697344826302,0.427181433031348,0.005277113789775
264,19.9692067737005,0.527180040638081,0.005277113789775
265,19.9686790647708,0.627178648244815,0.005277113789775
266,19.9681513558411,0.727177255851549,0.005277113789775
267,19.9676236469114,0.827175863458283,0.005277113789775
268,19.9670959379817,0.927174471065017,0.005277113789775
269,19.966568229052,1.02717307867175,0.005277113789775
270,20.4720272397047,0.401324069691952,-0.050505489680981
271,20.4770756417861,0.501196556576099,-0.050505489680981
272,20.4821240438676,0.601069043460247,-0.050505489680981
273,20.487172445949,0.700941530344394,-0.050505489680981
274,20.4922208480304,0.800814017228541,-0.050505489680981
275,20.4972692501119,0.900686504112688,-0.050505489680981
276,20.5023176521933,1.00055899099684,-0.050505489680981
277,20.9886833667761,0.372291921255046,-0.056124217766232
278,20.9942928425628,0.472134466201567,-0.056124217766232
279,20.9999023183496,0.571977011148088,-0.056124217766232
280,21.0055117941363,0.671819556094609,-0.056124217766232
281,21.011121269923,0.77166210104113,-0.056124217766232
282,21.0167307457098,0.871504645987651,-0.056124217766232
283,21.0223402214965,0.971347190934172,-0.056124217766232
284,21.5173993774695,0.359499156715537,-0.02389663868636
285,21.5197888139086,0.459470605607224,-0.02389663868636
286,21.5221782503478,0.559442054498912,-0.02389663868636
287,21.5245676867869,0.6594135033906,-0.02389663868636
288,21.526957123226,0.759384952282288,-0.02389663868636
289,21.5293465596652,0.859356401173976,-0.02389663868636
290,21.5317359961043,0.959327850065663,-0.02389663868636
291,22.0233687358737,0.357034176676001,-0.004763232676229
292,22.0238450573402,0.457033042258869,-0.004763232676229
293,22.0243213788066,0.557031907841738,-0.004763232676229
294,22.0247977002731,0.657030773424606,-0.004763232676229
295,22.0252740217396,0.757029639007474,-0.004763232676229
296,22.025750343206,0.857028504590343,-0.004763232676229
297,22.0262266646725,0.957027370173211,-0.004763232676229
298,22.5365745099603,0.345406875028034,-0.022559797996519
299,22.5388302984034,0.445381428883003,-0.022559797996519
300,22.5410860868465,0.545355982737971,-0.022559797996519
301,22.5433418752896,0.645330536592939,-0.022559797996519
302,22.5455976637327,0.745305090447907,-0.022559797996519
303,22.5478534521758,0.845279644302875,-0.022559797996519
304,22.5501092406189,0.945254198157844,-0.022559797996519
305,23.0481933813059,0.353555856910713,0.01637072766018
306,23.0465563816617,0.453542457173772,0.01637072766018
307,23.0449193820175,0.553529057436832,0.01637072766018
308,23.0432823823733,0.653515657699891,0.01637072766018
309,23.0416453827291,0.75350225796295,0.01637072766018
310,23.0400083830849,0.85348885822601,0.01637072766018
311,23.0383713834406,0.953475458489069,0.01637072766018
312,23.5887676169553,0.404934481633387,0.096534078238949
313,23.579129195222,0.504468901943605,0.096534078238949
314,23.5694907734887,0.604003322253822,0.096534078238949
315,23.5598523517554,0.70353774256404,0.096534078238949
316,23.5502139300221,0.803072162874258,0.096534078238949
317,23.5405755082888,0.902606583184476,0.096534078238949
318,23.5309370865555,1.00214100349469,0.096534078238949
319,24.0584478903214,0.401083299278336,-0.004915405653391
320,24.0589394289074,0.501082091220131,-0.004915405653391
321,24.0594309674933,0.601080883161927,-0.004915405653391
322,24.0599225060793,0.701079675103722,-0.004915405653391
323,24.0604140446653,0.801078467045518,-0.004915405653391
324,24.0609055832512,0.901077258987313,-0.004915405653391
325,24.0613971218372,1.00107605092911,-0.004915405653391
326,24.5682131553638,0.381880426140946,-0.03734305136698
327,24.5719465926441,0.481810709068966,-0.03734305136698
328,24.5756800299244,0.581740991996986,-0.03734305136698
329,24.5794134672047,0.681671274925006,-0.03734305136698
330,24.583146904485,0.781601557853026,-0.03734305136698
331,24.5868803417653,0.881531840781046,-0.03734305136698
332,24.5906137790456,0.981462123709066,-0.03734305136698
333,25.0916043395798,0.373629463097718,-0.015628004379901
334,25.0931670764036,0.473617251620215,-0.015628004379901
335,25.0947298132274,0.573605040142712,-0.015628004379901
336,25.0962925500512,0.673592828665209,-0.015628004379901
337,25.097855286875,0.773580617187706,-0.015628004379901
338,25.0994180236988,0.873568405710203,-0.015628004379901
339,25.1009807605226,0.9735561942327,-0.015628004379901
340,25.6807611282502,0.738671530172086,0.646230813227434
341,25.6205429757051,0.818507450058169,0.646230813227434
342,25.56032482316,0.898343369944251,0.646230813227434
343,25.5001066706149,0.978179289830333,0.646230813227434
344,25.4398885180698,1.05801520971642,0.646230813227434
345,25.3796703655247,1.1378511296025,0.646230813227434
346,25.3194522129796,1.21768704948858,0.646230813227434
347,26.042249110981,1.22044269673817,0.949870149864011
348,25.9609151143507,1.27862156740553,0.949870149864011
349,25.8795811177203,1.33680043807289,0.949870149864011
350,25.7982471210899,1.39497930874025,0.949870149864011
351,25.7169131244595,1.45315817940761,0.949870149864011
352,25.6355791278291,1.51133705007497,0.949870149864011
353,25.5542451311988,1.56951592074233,0.949870149864011
354,26.2273193256036,1.81189554541782,1.29630324571356
355,26.131063052979,1.83900144847255,1.29630324571356
356,26.0348067803543,1.86610735152727,1.29630324571356
357,25.9385505077297,1.893213254582,1.29630324571356
358,25.8422942351051,1.92031915763673,1.29630324571356
359,25.7460379624804,1.94742506069145,1.29630324571356
360,25.6497816898558,1.97453096374618,1.29630324571356
361,26.2908688769841,2.37785442367406,1.46659796328004
362,26.1914112509392,2.38825541504568,1.46659796328004
363,26.0919536248943,2.39865640641729,1.46659796328004
364,25.9924959988494,2.4090573977889,1.46659796328004
365,25.8930383728045,2.41945838916051,1.46659796328004
366,25.7935807467596,2.42985938053212,1.46659796328004
367,25.6941231207147,2.44026037190374,1.46659796328004
368,26.3249692866545,2.9052613613874,1.50668550441123
369,26.225174726151,2.91166805272583,1.50668550441123
370,26.1253801656474,2.91807474406425,1.50668550441123
371,26.0255856051439,2.92448143540267,1.50668550441123
372,25.9257910446404,2.93088812674109,1.50668550441123
373,25.8259964841368,2.93729481807951,1.50668550441123
374,25.7262019236333,2.94370150941794,1.50668550441123
375,26.217813744101,3.49099838379142,1.76896779356426
376,26.119770922834,3.47131069225551,1.76896779356426
377,26.0217281015671,3.45162300071959,1.76896779356426
378,25.9236852803001,3.43193530918367,1.76896779356426
379,25.8256424590331,3.41224761764775,1.76896779356426
380,25.7275996377662,3.39255992611183,1.76896779356426
381,25.6295568164992,3.37287223457592,1.76896779356426
382,25.884991267472,4.02128583586095,2.16915074219386
383,25.8023649010753,3.96495748086913,2.16915074219386
384,25.7197385346787,3.90862912587732,2.16915074219386
385,25.637112168282,3.8523007708855,2.16915074219386
386,25.5544858018853,3.79597241589368,2.16915074219386
387,25.4718594354887,3.73964406090186,2.16915074219386
388,25.389233069092,3.68331570591005,2.16915074219386
389,25.4889722339372,4.43377329013317,2.34381049257325
390,25.4173913194774,4.36394369264685,2.34381049257325
391,25.3458104050176,4.29411409516054,2.34381049257325
392,25.2742294905578,4.22428449767423,2.34381049257325
393,25.202648576098,4.15445490018792,2.34381049257325
394,25.1310676616382,4.08462530270161,2.34381049257325
395,25.0594867471784,4.01479570521529,2.34381049257325
396,25.1759807691561,4.81475747383315,2.26063401882489
397,25.0988458371665,4.75111627438684,2.26063401882489
398,25.021710905177,4.68747507494054,2.26063401882489
399,24.9445759731874,4.62383387549424,2.26063401882489
400,24.8674410411978,4.56019267604794,2.26063401882489
401,24.7903061092083,4.49655147660164,2.26063401882489
402,24.7131711772187,4.43291027715533,2.26063401882489
403,24.8594449905673,5.21775072966708,2.23677599576125
404,24.7808138011752,5.15596775422242,2.23677599576125
405,24.7021826117832,5.09418477877775,2.23677599576125
406,24.6235514223912,5.03240180333309,2.23677599576125
407,24.5449202329992,4.97061882788843,2.23677599576125
408,24.4662890436072,4.90883585244376,2.23677599576125
409,24.3876578542151,4.8470528769991,2.23677599576125
410,24.5751838835434,5.62771272309395,2.17810303466634
411,24.4930650892822,5.57064693974629,2.17810303466634
412,24.4109462950209,5.51358115639864,2.17810303466634
413,24.3288275007597,5.45651537305099,2.17810303466634
414,24.2467087064985,5.39944958970334,2.17810303466634
415,24.1645899122372,5.34238380635569,2.17810303466634
416,24.082471117976,5.28531802300803,2.17810303466634
417,24.1080763020801,6.01287715950243,2.47351259056242
418,24.0461283065562,5.93437591205647,2.47351259056242
419,23.9841803110323,5.85587466461052,2.47351259056242
420,23.9222323155084,5.77737341716456,2.47351259056242
421,23.8602843199845,5.6988721697186,2.47351259056242
422,23.7983363244606,5.62037092227265,2.47351259056242
423,23.7363883289367,5.54186967482669,2.47351259056242
424,23.6955549689791,6.33302198446283,2.4816343077208
425,23.6342465744789,6.25402020749666,2.4816343077208
426,23.5729381799788,6.17501843053049,2.4816343077208
427,23.5116297854786,6.09601665356432,2.4816343077208
428,23.4503213909784,6.01701487659815,2.4816343077208
429,23.3890129964783,5.93801309963198,2.4816343077208
430,23.3277046019781,5.85901132266581,2.4816343077208
431,23.2979268833752,6.6566015162045,2.45866336248869
432,23.23482007739,6.57902876945443,2.45866336248869
433,23.1717132714049,6.50145602270437,2.45866336248869
434,23.1086064654197,6.4238832759543,2.45866336248869
435,23.0454996594345,6.34631052920424,2.45866336248869
436,22.9823928534494,6.26873778245417,2.45866336248869
437,22.9192860474642,6.1911650357041,2.45866336248869
438,22.9115311313114,6.99029169536865,2.42950739058385
439,22.8461897576464,6.91459159703598,2.42950739058385
440,22.7808483839815,6.83889149870331,2.42950739058385
441,22.7155070103165,6.76319140037064,2.42950739058385
442,22.6501656366515,6.68749130203797,2.42950739058385
443,22.5848242629866,6.6117912037053,2.42950739058385
444,22.5194828893216,6.53609110537263,2.42950739058385
445,22.5619038694169,7.34156589157877,2.35550160061556
446,22.4911442135843,7.27090422512199,2.35550160061556
447,22.4203845577517,7.2002425586652,2.35550160061556
448,22.3496249019191,7.12958089220842,2.35550160061556
449,22.2788652460865,7.05891922575164,2.35550160061556
450,22.2081055902539,6.98825755929485,2.35550160061556
451,22.1373459344213,6.91759589283807,2.35550160061556
452,22.1029838484835,7.65863786481498,2.54680579170263
453,22.0469506253074,7.57581107023435,2.54680579170263
454,21.9909174021314,7.49298427565371,2.54680579170263
455,21.9348841789553,7.41015748107308,2.54680579170263
456,21.8788509557792,7.32733068649245,2.54680579170263
457,21.8228177326032,7.24450389191181,2.54680579170263
458,21.7667845094271,7.16167709733118,2.54680579170263
459,21.5232983185892,7.84671596539359,2.85036897453128
460,21.4945858592207,7.7509266409518,2.85036897453128
461,21.4658733998523,7.65513731651001,2.85036897453128
462,21.4371609404838,7.55934799206822,2.85036897453128
463,21.4084484811153,7.46355866762643,2.85036897453128
464,21.3797360217469,7.36776934318464,2.85036897453128
465,21.3510235623784,7.27198001874285,2.85036897453128
466,21.0517794186673,8.01897793714557,2.79232921022791
467,21.0175588373376,7.9250154349787,2.79232921022791
468,20.9833382560079,7.83105293281184,2.79232921022791
469,20.9491176746782,7.73709043064498,2.79232921022791
470,20.9148970933485,7.64312792847812,2.79232921022791
471,20.8806765120188,7.54916542631126,2.79232921022791
472,20.8464559306891,7.4552029241444,2.79232921022791
473,20.5850950158912,8.21380129262168,2.74673976655003
474,20.5466277759025,8.121495976157,2.74673976655003
475,20.5081605359137,8.02919065969232,2.74673976655003
476,20.4696932959249,7.93688534322763,2.74673976655003
477,20.4312260559361,7.84458002676295,2.74673976655003
478,20.3927588159473,7.75227471029826,2.74673976655003
479,20.3542915759586,7.65996939383358,2.74673976655003
480,20.0975301365345,8.40628388180154,2.76569410198828
481,20.0608192875121,8.313266068647,2.76569410198828
482,20.0241084384897,8.22024825549245,2.76569410198828
483,19.9873975894673,8.12723044233791,2.76569410198828
484,19.9506867404449,8.03421262918337,2.76569410198828
485,19.9139758914225,7.94119481602882,2.76569410198828
486,19.8772650424001,7.84817700287428,2.76569410198828
487,19.6188970217168,8.60018430410324,2.75670988293133
488,19.5813519730971,8.50750005881774,2.75670988293133
489,19.5438069244774,8.41481581353223,2.75670988293133
490,19.5062618758577,8.32213156824673,2.75670988293133
491,19.468716827238,8.22944732296123,2.75670988293133
492,19.4311717786183,8.13676307767573,2.75670988293133
493,19.3936267299986,8.04407883239022,2.75670988293133
494,19.1359789478528,8.79373756635102,2.76040127869589
495,19.0987762884882,8.70091535922252,2.76040127869589
496,19.0615736291236,8.60809315209403,2.76040127869589
497,19.0243709697591,8.51527094496553,2.76040127869589
498,18.9871683103946,8.42244873783704,2.76040127869589
499,18.94996565103,8.32962653070854,2.76040127869589
500,18.9127629916654,8.23680432358005,2.76040127869589
501,18.653806538776,8.98654521879217,2.76119608113096
502,18.6166776664706,8.89369347222094,2.76119608113096
503,18.5795487941652,8.8008417256497,2.76119608113096
504,18.5424199218598,8.70798997907846,2.76119608113096
505,18.5052910495544,8.61513823250722,2.76119608113096
506,18.468162177249,8.52228648593599,2.76119608113096
507,18.4310333049436,8.42943473936475,2.76119608113096
508,18.1705120527526,9.17820180525261,2.76405529631343
509,18.1336488149753,9.08524427892704,2.76405529631343
510,18.0967855771979,8.99228675260148,2.76405529631343
511,18.0599223394205,8.89932922627591,2.76405529631343
512,18.0230591016431,8.80637169995034,2.76405529631343
513,17.9861958638657,8.71341417362478,2.76405529631343
514,17.9493326260884,8.62045664729921,2.76405529631343
515,17.6652738968445,9.35030622196894,2.81398075632008
516,17.633095610822,9.25562487265105,2.81398075632008
517,17.6009173247995,9.16094352333317,2.81398075632008
518,17.568739038777,9.06626217401529,2.81398075632008
519,17.5365607527545,8.97158082469741,2.81398075632008
520,17.504382466732,8.87689947537952,2.81398075632008
521,17.4722041807095,8.78221812606164,2.81398075632008
522,17.2575786181641,9.57263657113088,2.65090913389717
523,17.210455731157,9.48443547408486,2.65090913389717
524,17.1633328441499,9.39623437703885,2.65090913389717
525,17.1162099571429,9.30803327999283,2.65090913389717
526,17.0690870701359,9.21983218294681,2.65090913389717
527,17.0219641831288,9.1316310859008,2.65090913389717
528,16.9748412961218,9.04342998885478,2.65090913389717
529,16.793498814492,9.80321699410449,2.68072136250536
530,16.7490259484012,9.71365045916163,2.68072136250536
531,16.7045530823104,9.62408392421876,2.68072136250536
532,16.6600802162196,9.5345173892759,2.68072136250536
533,16.6156073501288,9.44495085433304,2.68072136250536
534,16.571134484038,9.35538431939017,2.68072136250536
535,16.5266616179473,9.26581778444731,2.68072136250536
536,16.2874323774812,9.98302450038847,2.80447217109839
537,16.2543552740059,9.88865339662423,2.80447217109839
538,16.2212781705305,9.79428229285998,2.80447217109839
539,16.1882010670552,9.69991118909573,2.80447217109839
540,16.1551239635799,9.60554008533148,2.80447217109839
541,16.1220468601045,9.51116898156723,2.80447217109839
542,16.0889697566292,9.41679787780299,2.80447217109839
543,15.8299939924752,10.1600210732851,2.7727126054786
544,15.7939368881126,10.0667478980149,2.7727126054786
545,15.75787978375,9.97347472274472,2.7727126054786
546,15.7218226793874,9.88020154747452,2.7727126054786
547,15.6857655750248,9.78692837220432,2.7727126054786
548,15.6497084706622,9.69365519693412,2.7727126054786
549,15.6136513662996,9.60038202166392,2.7727126054786
550,15.3474166844554,10.3488731368706,2.76857849419594
551,15.3109742876282,10.2557498223168,2.76857849419594
552,15.2745318908011,10.1626265077629,2.76857849419594
553,15.2380894939739,10.0695031932091,2.76857849419594
554,15.2016470971468,9.97637987865526,2.76857849419594
555,15.1652047003196,9.88325656410143,2.76857849419594
556,15.1287623034925,9.79013324954759,2.76857849419594
557,14.8405040857886,10.5186847334835,2.81906519518673
558,14.8088076151523,10.4238410001682,2.81906519518673
559,14.7771111445159,10.3289972668528,2.81906519518673
560,14.7454146738796,10.2341535335374,2.81906519518673
561,14.7137182032433,10.139309800222,2.81906519518673
562,14.6820217326069,10.0444660669066,2.81906519518673
563,14.6503252619706,9.94962233359125,2.81906519518673
564,14.5681242283932,10.8040763432744,2.39902231595515
565,14.5005058488251,10.7304030459097,2.39902231595515
566,14.4328874692571,10.656729748545,2.39902231595515
567,14.365269089689,10.5830564511803,2.39902231595515
568,14.2976507101209,10.5093831538156,2.39902231595515
569,14.2300323305529,10.4357098564509,2.39902231595515
570,14.1624139509848,10.3620365590862,2.39902231595515
571,14.1031878980482,11.1215914995807,2.54835075835582
572,14.0472827063303,11.0386782344238,2.54835075835582
573,13.9913775146124,10.9557649692668,2.54835075835582
574,13.9354723228945,10.8728517041099,2.54835075835582
575,13.8795671311766,10.789938438953,2.54835075835582
576,13.8236619394587,10.707025173796,2.54835075835582
577,13.7677567477408,10.6241119086391,2.54835075835582
578,13.71187636074,11.4114073694502,2.50470407136999
579,13.6524066707712,11.331012369761,2.50470407136999
580,13.5929369808024,11.2506173700719,2.50470407136999
581,13.5334672908336,11.1702223703828,2.50470407136999
582,13.4739976008648,11.0898273706937,2.50470407136999
583,13.414527910896,11.0094323710046,2.50470407136999
584,13.3550582209272,10.9290373713154,2.50470407136999
585,13.3467427653993,11.731232092189,2.4242460244609
586,13.2810040120261,11.6558768249217,2.4242460244609
587,13.2152652586528,11.5805215576544,2.4242460244609
588,13.1495265052795,11.5051662903871,2.4242460244609
589,13.0837877519062,11.4298110231198,2.4242460244609
590,13.0180489985329,11.3544557558525,2.4242460244609
591,12.9523102451597,11.2791004885852,2.4242460244609
592,12.7066226155081,11.9041085445011,2.93576131929584
593,12.6861845138642,11.8062194031156,2.93576131929584
594,12.6657464122203,11.7083302617301,2.93576131929584
595,12.6453083105764,11.6104411203446,2.93576131929584
596,12.6248702089325,11.5125519789591,2.93576131929584
597,12.6044321072886,11.4146628375736,2.93576131929584
598,12.5839940056447,11.3167736961881,2.93576131929584
599,12.2596756426705,12.0483168580341,2.83286465285719
600,12.2292909404327,11.9530447746627,2.83286465285719
601,12.198906238195,11.8577726912913,2.83286465285719
602,12.1685215359573,11.7625006079199,2.83286465285719
603,12.1381368337196,11.6672285245485,2.83286465285719
604,12.1077521314819,11.5719564411771,2.83286465285719
605,12.0773674292441,11.4766843578057,2.83286465285719
606,11.8697972770989,12.2793019724603,2.6214764129885
607,11.8200991760679,12.1925258308434,2.6214764129885
608,11.7704010750369,12.1057496892265,2.6214764129885
609,11.7207029740059,12.0189735476096,2.6214764129885
610,11.6710048729749,11.9321974059927,2.6214764129885
611,11.6213067719439,11.8454212643758,2.6214764129885
612,11.5716086709129,11.7586451227589,2.6214764129885
613,11.3126008577668,12.4586919628248,2.84259978332769
614,11.2831450668506,12.3631285996489,2.84259978332769
615,11.2536892759345,12.2675652364729,2.84259978332769
616,11.2242334850183,12.1720018732969,2.84259978332769
617,11.1947776941022,12.0764385101209,2.84259978332769
618,11.165321903186,11.9808751469449,2.84259978332769
619,11.1358661122698,11.885311783769,2.84259978332769
620,10.8405450410947,12.6313644609553,2.79169545992454
621,10.8062649178769,12.5374236649603,2.79169545992454
622,10.7719847946591,12.4434828689653,2.79169545992454
623,10.7377046714413,12.3495420729703,2.79169545992454
624,10.7034245482235,12.2556012769753,2.79169545992454
625,10.6691444250057,12.1616604809803,2.79169545992454
626,10.6348643017879,12.0677196849853,2.79169545992454
627,10.3027299806871,12.7626416982245,2.90569824212912
628,10.2793587086636,12.6654111287311,2.90569824212912
629,10.2559874366401,12.5681805592378,2.90569824212912
630,10.2326161646166,12.4709499897444,2.90569824212912
631,10.2092448925931,12.373719420251,2.90569824212912
632,10.1858736205696,12.2764888507577,2.90569824212912
633,10.1625023485461,12.1792582812643,2.90569824212912
634,9.77636564960584,12.8548134800242,2.9693779225924
635,9.75922917585644,12.7562927143581,2.9693779225924
636,9.74209270210704,12.657771948692,2.9693779225924
637,9.72495622835764,12.5592511830259,2.9693779225924
638,9.70781975460824,12.4607304173598,2.9693779225924
639,9.69068328085884,12.3622096516937,2.9693779225924
640,9.67354680710944,12.2636888860276,2.9693779225924
641,9.24329366737091,12.8883463217365,3.08235096616628
642,9.23737296324212,12.7885217492975,3.08235096616628
643,9.23145225911333,12.6886971768586,3.08235096616628
644,9.22553155498454,12.5888726044196,3.08235096616628
645,9.21961085085575,12.4890480319807,3.08235096616628
646,9.21369014672696,12.3892234595417,3.08235096616628
647,9.20776944259817,12.2893988871028,3.08235096616628
648,8.75218997567154,12.9533661595773,3.01148291998436
649,8.73921568072148,12.854211393325,3.01148291998436
650,8.72624138577142,12.7550566270727,3.01148291998436
651,8.71326709082136,12.6559018608204,3.01148291998436
652,8.7002927958713,12.5567470945681,3.01148291998436
653,8.68731850092124,12.4575923283158,3.01148291998436
654,8.67434420597118,12.3584375620635,3.01148291998436
655,8.22046502976006,12.9679621829572,3.11730408650548
656,8.21803641185564,12.8679916782317,3.11730408650548
657,8.21560779395123,12.7680211735062,3.11730408650548
658,8.21317917604681,12.6680506687807,3.11730408650548
659,8.21075055814239,12.5680801640552,3.11730408650548
660,8.20832194023797,12.4681096593297,3.11730408650548
661,8.20589332233356,12.3681391546042,3.11730408650548
662,7.70736334787729,12.9897510351407,3.09924838901872
663,7.70313018672044,12.8898406735829,3.09924838901872
664,7.6988970255636,12.789930312025,3.09924838901872
665,7.69466386440675,12.6900199504672,3.09924838901872
666,7.69043070324991,12.5901095889094,3.09924838901872
667,7.68619754209306,12.4901992273515,3.09924838901872
668,7.68196438093621,12.3902888657937,3.09924838901872
669,7.19631118237494,12.9932221876878,3.13517947656235
670,7.1956698690683,12.8932242441227,3.13517947656235
671,7.19502855576165,12.7932263005577,3.13517947656235
672,7.19438724245501,12.6932283569926,3.13517947656235
673,7.19374592914837,12.5932304134275,3.13517947656235
674,7.19310461584172,12.4932324698625,3.13517947656235
675,7.19246330253508,12.3932345262974,3.13517947656235
676,6.69282624372247,13.0223302102019,3.08460444686636
677,6.68713050718386,12.922492549045,3.08460444686636
678,6.68143477064524,12.8226548878881,3.08460444686636
679,6.67573903410662,12.7228172267312,3.08460444686636
680,6.670043297568,12.6229795655743,3.08460444686636
681,6.66434756102939,12.5231419044174,3.08460444686636
682,6.65865182449077,12.4233042432605,3.08460444686636
683,6.14483392574857,13.0014883781064,-3.10097403474839
684,6.14889467079934,12.9015708603749,-3.10097403474839
685,6.15295541585012,12.8016533426433,-3.10097403474839
686,6.1570161609009,12.7017358249118,-3.10097403474839
687,6.16107690595168,12.6018183071803,-3.10097403474839
688,6.16513765100246,12.5019007894487,-3.10097403474839
689,6.16919839605324,12.4019832717172,-3.10097403474839
690,5.60273445342717,12.9279109686288,-3.00412017449122
691,5.61643844142277,12.8288544155239,-3.00412017449122
692,5.63014242941837,12.7297978624191,-3.00412017449122
693,5.64384641741396,12.6307413093142,-3.00412017449122
694,5.65755040540956,12.5316847562093,-3.00412017449122
695,5.67125439340515,12.4326282031045,-3.00412017449122
696,5.68495838140075,12.3335716499996,-3.00412017449122
697,5.06672311328741,12.791501118115,-2.88878868111923
698,5.09173509197488,12.694679628134,-2.88878868111923
699,5.11674707066234,12.597858138153,-2.88878868111923
700,5.14175904934981,12.501036648172,-2.88878868111923
701,5.16677102803728,12.404215158191,-2.88878868111923
702,5.19178300672474,12.30739366821,-2.88878868111923
703,5.21679498541221,12.210572178229,-2.88878868111923
704,4.55267086002032,12.6139506405191,-2.80719186119902
705,4.5854911813245,12.5194899264127,-2.80719186119902
706,4.61831150262867,12.4250292123063,-2.80719186119902
707,4.65113182393285,12.3305684981999,-2.80719186119902
708,4.68395214523703,12.2361077840935,-2.80719186119902
709,4.7167724665412,12.1416470699871,-2.80719186119902
710,4.74959278784538,12.0471863558807,-2.80719186119902
711,4.05603568119887,12.3559693943354,-2.65641840686764
712,4.10267193160692,12.2675100242954,-2.65641840686764
713,4.14930818201496,12.1790506542553,-2.65641840686764
714,4.19594443242301,12.0905912842153,-2.65641840686764
715,4.24258068283106,12.0021319141753,-2.65641840686764
716,4.2892169332391,11.9136725441353,-2.65641840686764
717,4.33585318364715,11.8252131740952,-2.65641840686764
718,3.61923274367612,11.928936384751,-2.34368035424098
719,3.6908227450371,11.8591161032768,-2.34368035424098
720,3.76241274639807,11.7892958218026,-2.34368035424098
721,3.83400274775905,11.7194755403284,-2.34368035424098
722,3.90559274912003,11.6496552588542,-2.34368035424098
723,3.977182750481,11.57983497738,-2.34368035424098
724,4.04877275184198,11.5100146959058,-2.34368035424098
725,3.25435358665042,11.5638677600886,-2.35589159295164
726,3.3250856795943,11.4931785032826,-2.35589159295164
727,3.39581777253818,11.4224892464767,-2.35589159295164
728,3.46654986548206,11.3517999896707,-2.35589159295164
729,3.53728195842594,11.2811107328647,-2.35589159295164
730,3.60801405136982,11.2104214760588,-2.35589159295164
731,3.6787461443137,11.1397322192528,-2.35589159295164
732,2.88059776761975,11.2247321410173,-2.4040308124737
733,2.94784630817413,11.1507211026966,-2.4040308124737
734,3.01509484872851,11.0767100643759,-2.4040308124737
735,3.08234338928289,11.0026990260552,-2.4040308124737
736,3.14959192983727,10.9286879877345,-2.4040308124737
737,3.21684047039165,10.8546769494138,-2.4040308124737
738,3.28408901094603,10.7806659110931,-2.4040308124737
739,2.51039332816879,10.8233560283296,-2.31357024894168
740,2.58405285795202,10.7557226514207,-2.31357024894168
741,2.65771238773526,10.6880892745117,-2.31357024894168
742,2.7313719175185,10.6204558976027,-2.31357024894168
743,2.80503144730174,10.5528225206937,-2.31357024894168
744,2.87869097708498,10.4851891437847,-2.31357024894168
745,2.95235050686821,10.4175557668758,-2.31357024894168
746,2.1523440416806,10.4649438493253,-2.3551755378973
747,2.22312673388637,10.3943052587101,-2.3551755378973
748,2.29390942609214,10.3236666680949,-2.3551755378973
749,2.36469211829792,10.2530280774797,-2.3551755378973
750,2.4354748105037,10.1823894868645,-2.3551755378973
751,2.50625750270947,10.1117508962493,-2.3551755378973
752,2.57704019491525,10.0411123056341,-2.3551755378973
753,1.83316050140647,9.98820321732854,-2.14977416250485
754,1.91686273974043,9.93348635248885,-2.14977416250485
755,2.00056497807438,9.87876948764915,-2.14977416250485
756,2.08426721640834,9.82405262280946,-2.14977416250485
757,2.1679694547423,9.76933575796977,-2.14977416250485
758,2.25167169307625,9.71461889313007,-2.14977416250485
759,2.33537393141021,9.65990202829038,-2.14977416250485
760,1.58706026456886,9.48787733134054,-2.02365323279834
761,1.67698034194036,9.44412370651351,-2.02365323279834
762,1.76690041931185,9.40037008168647,-2.02365323279834
763,1.85682049668334,9.35661645685944,-2.02365323279834
764,1.94674057405483,9.31286283203241,-2.02365323279834
765,2.03666065142632,9.26910920720537,-2.02365323279834
766,2.12658072879782,9.22535558237834,-2.02365323279834
767,1.35281911749982,9.06324384058802,-2.07410404758907
768,1.44041831331386,9.01501126971797,-2.07410404758907
769,1.52801750912789,8.96677869884793,-2.07410404758907
770,1.61561670494193,8.91854612797788,-2.07410404758907
771,1.70321590075597,8.87031355710784,-2.07410404758907
772,1.79081509657,8.82208098623779,-2.07410404758907
773,1.87841429238404,8.77384841536774,-2.07410404758907
774,1.11745860724578,8.59051286985929,-2.03224412567355
775,1.20699948835191,8.5459883753564,-2.03224412567355
776,1.29654036945804,8.50146388085351,-2.03224412567355
777,1.38608125056417,8.45693938635062,-2.03224412567355
778,1.4756221316703,8.41241489184773,-2.03224412567355
779,1.56516301277643,8.36789039734484,-2.03224412567355
780,1.65470389388256,8.32336590284195,-2.03224412567355
781,1.06670847411639,7.95273653501649,-1.60877136299427
782,1.16663637761252,7.94893994406287,-1.60877136299427
783,1.26656428110864,7.94514335310926,-1.60877136299427
784,1.36649218460477,7.94134676215564,-1.60877136299427
785,1.4664200881009,7.93755017120202,-1.60877136299427
786,1.56634799159702,7.93375358024841,-1.60877136299427
787,1.66627589509315,7.92995698929479,-1.60877136299427
788,1.09680281524191,7.40535391170694,-1.51338537382297
789,1.19663805962642,7.41109185373206,-1.51338537382297
790,1.29647330401094,7.41682979575717,-1.51338537382297
791,1.39630854839546,7.42256773778229,-1.51338537382297
792,1.49614379277998,7.42830567980741,-1.51338537382297
793,1.5959790371645,7.43404362183253,-1.51338537382297
794,1.69581428154901,7.43978156385764,-1.51338537382297
795,1.11018239032426,6.89528238634541,-1.54429079155425
796,1.21014726521083,6.89793262952556,-1.54429079155425
797,1.31011214009739,6.90058287270572,-1.54429079155425
798,1.41007701498395,6.90323311588587,-1.54429079155425
799,1.51004188987051,6.90588335906602,-1.54429079155425
800,1.61000676475707,6.90853360224618,-1.54429079155425
801,1.70997163964364,6.91118384542633,-1.54429079155425
802,1.16052412488229,6.35897672289149,-1.47590102662132
803,1.26007420676509,6.36845201693061,-1.47590102662132
804,1.35962428864789,6.37792731096973,-1.47590102662132
805,1.45917437053069,6.38740260500884,-1.47590102662132
806,1.55872445241349,6.39687789904796,-1.47590102662132
807,1.65827453429629,6.40635319308707,-1.47590102662132
808,1.75782461617909,6.41582848712619,-1.47590102662132
809,1.16185771723185,5.86602765019882,-1.56564205557506
810,1.2618563889092,5.86654307503862,-1.56564205557506
811,1.36185506058655,5.86705849987843,-1.56564205557506
812,1.4618537322639,5.86757392471823,-1.56564205557506
813,1.56185240394125,5.86808934955803,-1.56564205557506
814,1.6618510756186,5.86860477439784,-1.56564205557506
815,1.76184974729595,5.86912019923764,-1.56564205557506
816,1.12707757180264,5.37000240884728,-1.639169310676
817,1.22684391960205,5.36317043645517,-1.639169310676
818,1.32661026740147,5.35633846406306,-1.639169310676
819,1.42637661520088,5.34950649167095,-1.639169310676
820,1.52614296300029,5.34267451927884,-1.639169310676
821,1.62590931079971,5.33584254688673,-1.639169310676
822,1.72567565859912,5.32901057449462,-1.639169310676
823,1.11109387964196,4.83919345673736,-1.60047634955626
824,1.21104983768761,4.83622589019608,-1.60047634955626
825,1.31100579573325,4.83325832365481,-1.60047634955626
826,1.4109617537789,4.83029075711354,-1.60047634955626
827,1.51091771182455,4.82732319057227,-1.60047634955626
828,1.61087366987019,4.82435562403099,-1.60047634955626
829,1.71082962791584,4.82138805748972,-1.60047634955626
830,1.11810111309716,4.30839438051116,-1.55706333202007
831,1.21809168348809,4.30976763682278,-1.55706333202007
832,1.31808225387901,4.3111408931344,-1.55706333202007
833,1.41807282426994,4.31251414944602,-1.55706333202007
834,1.51806339466087,4.31388740575764,-1.55706333202007
835,1.61805396505179,4.31526066206926,-1.55706333202007
836,1.71804453544272,4.31663391838088,-1.55706333202007
837,1.12868467208256,3.80585599511396,-1.54972316127832
838,1.22866246898899,3.80796315570015,-1.54972316127832
839,1.32864026589543,3.81007031628635,-1.54972316127832
840,1.42861806280186,3.81217747687254,-1.54972316127832
841,1.52859585970829,3.81428463745873,-1.54972316127832
842,1.62857365661473,3.81639179804493,-1.54972316127832
843,1.72855145352116,3.81849895863112,-1.54972316127832
844,1.09816062550951,3.31109852536835,-1.63044261437461
845,1.19798279426001,3.30513743268767,-1.63044261437461
846,1.2978049630105,3.299176340007,-1.63044261437461
847,1.397627131761,3.29321524732632,-1.63044261437461
848,1.4974493005115,3.28725415464564,-1.63044261437461
849,1.59727146926199,3.28129306196497,-1.63044261437461
850,1.69709363801249,3.27533196928429,-1.63044261437461
851,1.07407133242111,2.78820644844707,-1.61677962253715
852,1.17396562787441,2.78360973920153,-1.61677962253715
853,1.27385992332772,2.77901302995598,-1.61677962253715
854,1.37375421878102,2.77441632071044,-1.61677962253715
855,1.47364851423432,2.7698196114649,-1.61677962253715
856,1.57354280968763,2.76522290221935,-1.61677962253715
857,1.67343710514093,2.76062619297381,-1.61677962253715
858,1.06443632216703,2.26096266032797,-1.58884666281652
859,1.16442003187781,2.25915772474194,-1.58884666281652
860,1.2644037415886,2.2573527891559,-1.58884666281652
861,1.36438745129938,2.25554785356987,-1.58884666281652
862,1.46437116101016,2.25374291798384,-1.58884666281652
863,1.56435487072095,2.2519379823978,-1.58884666281652
864,1.66433858043173,2.25013304681177,-1.58884666281652
865,1.1263219396376,1.70786177165562,-1.45451516098501
866,1.22564663559245,1.71946370138633,-1.45451516098501
867,1.3249713315473,1.73106563111704,-1.45451516098501
868,1.42429602750215,1.74266756084775,-1.45451516098501
869,1.523620723457,1.75426949057846,-1.45451516098501
870,1.62294541941185,1.76587142030917,-1.45451516098501
871,1.7222701153667,1.77747335003988,-1.45451516098501
872,1.31591877075167,1.15449966718041,-1.22755143374594
873,1.41008552817133,1.1881541140941,-1.22755143374594
874,1.50425228559099,1.2218085610078,-1.22755143374594
875,1.59841904301065,1.2554630079215,-1.22755143374594
876,1.69258580043031,1.2891174548352,-1.22755143374594
877,1.78675255784997,1.3227719017489,-1.22755143374594
878,1.88091931526963,1.35642634866259,-1.22755143374594
879,1.85362808992208,0.713894123439758,-0.605556576130067
880,1.91055006723958,0.796112664525486,-0.605556576130067
881,1.96747204455709,0.878331205611215,-0.605556576130067
882,2.02439402187459,0.960549746696943,-0.605556576130067
883,2.08131599919209,1.04276828778267,-0.605556576130067
884,2.1382379765096,1.1249868288684,-0.605556576130067
885,2.1951599538271,1.20720536995413,-0.605556576130067
886,2.40810214266968,0.500296582030192,-0.35149779334489
887,2.4425325835198,0.594182388960026,-0.35149779334489
888,2.47696302436993,0.68806819588986,-0.35149779334489
889,2.51139346522005,0.781954002819694,-0.35149779334489
890,2.54582390607017,0.875839809749528,-0.35149779334489
891,2.5802543469203,0.969725616679362,-0.35149779334489
892,2.61468478777042,1.0636114236092,-0.35149779334489
893,2.90666984778493,0.333304697184659,-0.322966559362474
894,2.93840796133853,0.428134503406429,-0.322966559362474
895,2.97014607489214,0.5229643096282,-0.322966559362474
896,3.00188418844574,0.61779411584997,-0.322966559362474
897,3.03362230199934,0.71262392207174,-0.322966559362474
898,3.06536041555295,0.807453728293511,-0.322966559362474
899,3.09709852910655,0.902283534515281,-0.322966559362474
900,3.50940815790086,0.303164671402339,-0.028575923897102
901,3.51226536139601,0.403123845009303,-0.028575923897102
902,3.51512256489117,0.503083018616267,-0.028575923897102
903,3.51797976838633,0.603042192223232,-0.028575923897102
904,3.52083697188149,0.703001365830196,-0.028575923897102
905,3.52369417537665,0.802960539437161,-0.028575923897102
906,3.5265513788718,0.902919713044125,-0.028575923897102
907,4.05964568349039,0.34478330325331,0.078614123550216
908,4.05179236612466,0.444474453343742,0.078614123550216
909,4.04393904875893,0.544165603434175,0.078614123550216
910,4.0360857313932,0.643856753524607,0.078614123550216
911,4.02823241402747,0.743547903615039,0.078614123550216
912,4.02037909666174,0.843239053705472,0.078614123550216
913,4.01252577929601,0.942930203795904,0.078614123550216
914,4.55068031667707,0.336564680447238,-0.014111532541932
915,4.55209142309665,0.436554723844931,-0.014111532541932
916,4.55350252951622,0.536544767242624,-0.014111532541932
917,4.5549136359358,0.636534810640318,-0.014111532541932
918,4.55632474235538,0.736524854038012,-0.014111532541932
919,4.55773584877495,0.836514897435705,-0.014111532541932
920,4.55914695519453,0.936504940833398,-0.014111532541932
