0,0.0
0,0.0
0,-0.27082836627960205
1,-0.04082711413502693
1,0.09046567231416702
1,-0.024406068027019497
2,-0.10646820068359375
2,-0.010400203987956049
2,-0.09003953635692596
3,-0.13928832113742828
3,-0.1417871117591858
3,-0.22058743238449094
4,-0.3198007345199585
4,0.3011784553527832
4,0.2224076688289642
5,0.27096870541572576
5,0.2026066184043884
5,0.0740862712264061
6,0.0
6,0.08763085305690765
6,0.05837615951895714
7,-0.057235345244407654
7,0.03827539086341858
7,0.024857692420482635
8,-0.1228765621781349
8,-0.02747064083814621
8,-0.17205645143985746
9,-0.2541587650775909
9,-0.027603469789028164
9,-0.3033308684825898
10,-0.25415897369384766
10,-0.17541866004467013
10,-0.30332210659980774
11,-0.3033900260925293
11,0.1854703724384308
11,0.23822513222694394
12,0.28739312291145325
12,0.18534368276596067
12,0.05821286141872406
13,-0.0244000181555748
13,0.07037190347909926
13,0.05869413912296295
14,-0.024398081004619602
14,0.020978324115276337
14,0.009110329672694206
15,-0.13926786184310916
15,-0.012005297467112541
15,-0.1380162388086319
16,-0.27054789662361145
16,-0.17630888521671292
16,-0.28566181659698486
17,-0.27054575085639954
17,-0.24216708540916443
17,-0.3021044135093689
18,-0.3197743892669678
18,0.31556487083435064
18,0.18905875086784363
19,0.22179812192916873
19,0.1184680387377739
19,0.07422608882188797
20,-0.007939545437693596
20,0.11829596012830733
20,-0.05704133212566376
21,-0.12279459089040755
21,-0.11162531375885011
21,-0.03967802599072457
22,-0.12278609722852707
22,-0.029734335839748383
22,-0.10628029704093934
23,-0.18841803073883057
23,-0.09557075053453445
23,-0.17045687139034274
24,-0.28684863448143005
24,-0.2270956039428711
24,-0.3018345236778259
25,-0.28681313991546625
25,0.29780054092407227
25,0.19046878814697266
26,0.22194135189056394
26,0.14989067614078525
26,0.0
27,-0.0734049007296562
27,0.018351323902606968
27,-0.006585357245057821
28,-0.10618233680725098
28,-0.031167827546596527
28,-0.040509689599275596
29,-0.18816354870796204
29,-0.09711675345897675
29,-0.1866546869277954
30,-0.3193805813789368
30,-0.22877010703086856
30,-0.23768365383148193
31,-0.31931197643280024
31,-0.2783728539943695
31,-0.31909167766571045
32,-0.3192428946495056
32,0.29554203152656555
32,0.1721814125776291
33,0.22236427664756772
33,0.11455648392438887
33,0.0
34,-0.07295043021440505
34,0.01556544844061136
34,-0.06629316508769989
35,-0.13852208852767944
35,-0.09989649802446364
35,-0.10878556966781615
36,-0.18768849968910217
36,-0.23182326555252072
36,-0.171112522482872
37,-0.31891289353370667
37,-0.23257598280906677
37,-0.23728242516517642
38,-0.31886813044548035
38,-0.26622405648231506
38,-0.3370653986930847
39,-0.3188412487506867
39,0.14310455322265625
39,0.19016677141189575
40,0.2062900960445404
40,0.14205585420131686
40,0.05882595479488373
41,-0.007063505705446005
41,0.10804390162229537
41,-0.06217338517308235
42,-0.1384044587612152
42,-0.05742775276303292
42,0.016682196408510208
43,-0.13851200044155124
43,-0.09177836030721666
43,-0.18642148375511167
44,-0.319193184375763
44,-0.24129754304885864
44,-0.23514610528945926
45,-0.3194420337677002
45,-0.30893751978874207
45,-0.3440246284008026
46,-0.31945645809173584
46,0.2793286144733429
46,0.18043023347854614
47,0.2056470811367035
47,0.14485107362270355
47,-0.003248430322855711
48,-0.07336918264627457
48,0.011307258158922194
48,-0.056221120059490204
49,-0.13924430310726166
49,-0.0561315044760704
49,-0.10774366557598115
50,-0.32018774747848505
50,-0.17014296352863315
50,-0.2461497038602829
51,-0.3206189274787903
51,-0.1818155646324158
51,-0.2538410723209381
52,-0.3210139274597168
52,-0.2733286917209626
52,-0.37062355875968933
53,-0.32139623165130615
53,0.2628464102745056
53,0.15527360141277313
54,0.18687126040458676
54,0.07432858645915985
54,0.05296627432107926
55,-0.026653043925762177
55,0.063855342566967
55,-0.014618279412388802
56,-0.07602005451917648
56,0.0
56,0.0
57,-0.20734474062919614
57,-0.10418182611465454
57,-0.14696921408176425
58,-0.24004489183425906
58,-0.18607228994369507
58,-0.2557850182056427
59,-0.32201921939849854
59,-0.3164016008377075
59,-0.32579755783081055
60,-0.3046526610851288
60,0.11923951655626297
60,0.21889257431030273
61,0.18733018636703488
61,0.12050430476665497
61,-0.031806547194719315
62,-0.10682944208383559
62,-0.009679365903139114
62,-0.08722507208585738
63,-0.17180053889751437
63,-0.1523831933736801
63,-0.14640681445598602
64,-0.2865569591522217
64,-0.20454907417297363
64,-0.21703855693340302
65,-0.2865835726261139
65,-0.2575024366378784
65,-0.2770863175392151
66,-0.31946319341659546
66,-0.308856725692749
66,-0.29693731665611267
67,-0.3195030093193054
67,0.24381777644157407
67,0.3017051517963409
68,0.17267750203609467
68,0.11088481545448302
68,-0.032080400735139854
69,-0.05709141120314599
69,-0.005557743366807699
69,-0.085117407143116
70,-0.22120693325996396
70,-0.13783749938011167
70,-0.13710476458072665
71,-0.22121918201446533
71,-0.13926456868648532
71,-0.27254435420036316
72,-0.22122928500175476
72,-0.13814397156238556
72,-0.2557365596294403
73,-0.2868811190128327
73,-0.3187760412693023
73,-0.32119917869567866
74,-0.3197166621685028
74,0.23810616135597232
74,0.2865411043167114
75,0.17252616584300995
75,0.12320492416620255
75,-0.025206200778484344
76,-0.09005901962518692
76,0.04114850237965584
76,-0.05756889283657074
77,-0.172140970826149
77,-0.08674240857362749
77,-0.10547953844070435
78,-0.22141045331954956
78,-0.12221094220876694
78,-0.271181583404541
79,-0.23784351348876956
79,-0.1223117932677269
79,-0.27112451195716863
80,-0.2870924770832062
80,-0.32001766562461853
80,-0.32031226158142095
81,-0.3199255764484405
81,0.22157582640647888
81,0.3034515678882599
82,0.18878445029258728
82,0.13951274752616882
82,-0.008347986266016962
83,-0.09020695835351943
83,0.02454503625631332
83,-0.040992278605699546
84,-0.1558653116226196
84,-0.05755607783794403
84,-0.057110503315925605
85,-0.20509782433509827
85,-0.1068374514579773
85,-0.1721494048833847
86,-0.22151690721511838
86,-0.27096474170684814
86,-0.2542022168636322
87,-0.22151747345924375
87,-0.27022585272789
87,-0.3199988901615143
88,-0.3199798464775086
88,0.3197871744632721
88,0.18874257802963257
89,0.20514780282974243
89,0.1392504721879959
89,0.0
90,-0.07382716983556747
90,0.024359725415706635
90,0.0
91,-0.07382764667272568
91,0.02434226125478745
91,-0.04099809005856514
92,-0.2051103711128235
92,-0.10626409202814102
92,-0.23792937397956848
93,-0.3199827075004578
93,-0.15554086863994598
93,-0.23793253302574158
94,-0.3199832439422607
94,-0.30385637283325195
94,-0.2707561850547791
95,-0.31998366117477417
95,0.15564304590225223
95,0.18878147006034854
96,0.22155448794364926
96,0.1556255966424942
96,0.0
97,-0.07383055239915848
97,0.024820350110530853
97,0.0
98,-0.07383095473051071
98,0.024317540228366852
98,-0.1067850887775421
99,-0.15588264167308807
99,-0.10660168528556824
99,-0.237932026386261
100,-0.3199855089187622
100,-0.23825564980506897
100,-0.2378017008304596
101,-0.3199857473373413
101,-0.2382703423500061
101,-0.3196601867675781
102,-0.31998601555824285
102,0.28684160113334656
102,0.27111509442329407
103,0.22155225276947016
103,0.13951042294502258
103,0.0
104,-0.07383260875940323
104,0.02429207414388657
104,-0.024600647389888767
105,-0.12306351214647294
105,-0.10696650296449661
105,-0.106650710105896
106,-0.17229448258876798
106,-0.10664677619934082
106,-0.20511418581008914
107,-0.31998696923255915
107,-0.13974834978580475
107,-0.20511472225189212
108,-0.31998708844184875
108,-0.2871614992618561
108,-0.31998747587203974
109,-0.31998720765113836
109,0.2871966660022736
109,0.18872930109500885
110,0.22155109047889707
110,0.2869380712509156
110,0.0
111,-0.07383371144533156
111,0.024377785623073574
111,-0.057122036814689636
112,-0.10665416717529297
112,-0.040402740240097046
112,-0.041008759289979935
113,-0.18870550394058228
113,-0.10689360648393632
113,-0.17188356816768646
114,-0.3199877440929413
114,-0.15611785650253296
114,-0.23742389678955075
115,-0.31998771429061884
115,-0.3038023114204407
115,-0.3199904263019562
116,-0.31998771429061884
116,0.2871919274330139
116,0.17231662571430204
117,0.22155073285102844
117,0.12287651747465135
117,0.1727837473154068
118,-0.008193117566406725
118,0.12308865040540695
118,0.0
119,-0.1230650469660759
119,-0.008392063900828363
119,-0.10632887482643127
120,-0.18870627880096436
120,-0.09037400782108307
120,-0.1722974926233292
121,-0.3199885785579681
121,-0.22120422124862668
121,-0.23734185099601748
122,-0.31998878717422485
122,-0.2708905041217804
122,-0.31941065192222595
123,-0.3199889957904815
123,0.3198784589767456
123,0.18872722983360293
124,0.22154918313026425
124,0.13936893641948697
124,0.0
125,-0.07383564859628677
125,0.024498604238033295
125,0.0
126,-0.07383609563112259
126,0.024516604840755463
126,0.025003455579280853
127,-0.13947729766368866
127,-0.10665887594223024
127,-0.2379427254199982
128,-0.30357998609542847
128,-0.23808145523071292
128,-0.23794299364089966
129,-0.3035803437232971
129,-0.30371034145355225
129,-0.3199945092201233
130,-0.3035808503627777
130,0.27077689766883856
130,0.32068574428558344
131,0.20513689517974854
131,0.18888744711875916
131,0.10667143017053604
132,0.041033972054719925
132,0.1066736876964569
132,-0.0074556446634233
133,-0.07383836060762405
133,-0.04117359593510627
133,0.024619005620479584
134,-0.1394798308610916
134,-0.10683250427246094
134,-0.18872106075286862
135,-0.31999313831329346
135,-0.30358347296714777
135,-0.2543622851371765
136,-0.3199934661388397
136,-0.3037586510181427
136,-0.30359306931495667
137,-0.3199937343597412
137,0.28728318214416504
137,0.18961161375045776
138,0.2215441465377808
138,0.15573845803737638
138,0.10666644573211669
139,0.04103072360157967
139,0.12291529029607773
139,0.0
140,-0.10666513442993165
140,-0.04118921235203744
140,-0.041021544486284256
141,-0.15589793026447296
141,-0.09043342620134354
141,-0.17230801284313202
142,-0.32000046968460083
142,-0.23810577392578122
142,-0.23794910311698914
143,-0.3200005888938904
143,-0.23809584975242615
143,-0.32000046968460083
144,-0.32000076770782476
144,0.23777264356613156
144,0.2879708409309388
145,0.17230524122714996
145,0.2707745134830475
145,0.13948729634284973
146,0.05743326246738434
146,0.07385111600160597
146,0.0
147,-0.07384904474020003
147,0.07367702573537827
147,0.05743868649005889
148,-0.10666987299919128
148,-0.04119409993290901
148,-0.17132772505283356
149,-0.23795223236083984
149,-0.12324900180101395
149,-0.23794803023338318
150,-0.3200037777423859
150,-0.2873426377773285
150,-0.31902283430099493
151,-0.27077317237854004
151,0.2707720398902893
151,0.303590327501297
152,0.2215350866317749
152,0.25419387221336365
152,0.14045248925685883
153,0.024611853063106533
153,0.09025876224040985
153,0.0
154,-0.07384989410638809
154,0.024464897811412808
154,0.024669118225574493
155,-0.18872231245040894
155,-0.10681460052728653
155,-0.2370178699493408
156,-0.3200044333934784
156,-0.17244680225849154
156,-0.23702102899551392
157,-0.3200036287307739
157,-0.27076730132102966
157,-0.2707674503326416
158,-0.32000365853309626
158,0.2870442271232605
158,0.17322729527950287
159,0.27076756954193115
159,0.1393553465604782
159,0.057435885071754456
160,-0.00820681266486645
160,0.07373017817735672
160,-0.0738462284207344
161,-0.15589912235736847
161,-0.05756254494190216
161,-0.05743293464183808
162,-0.20512992143630981
162,-0.09025666862726212
162,-0.18779915571212769
163,-0.3200016617774964
163,-0.23807597160339355
163,-0.2543589174747467
164,-0.3200016617774964
164,-0.2707694470882415
164,-0.32000002264976496
165,-0.3200016617774964
165,0.25435903668403625
165,0.3035902976989746
166,0.1887160241603851
166,0.12307696789503096
166,0.1558979004621506
167,-0.024617351591587063
167,0.09013590961694717
167,-0.024615101516246792
168,-0.09025837481021881
168,-0.057559475302696235
168,-0.057421162724494934
169,-0.22154039144515988
169,-0.1230769380927086
169,-0.2707688808441162
170,-0.22154039144515988
170,-0.1230768635869026
170,-0.27076870203018194
171,-0.28718143701553345
171,-0.27088817954063416
171,-0.3190803527832031
172,-0.3200019598007202
172,0.3034726083278656
172,0.17230923473834991
173,0.28717651963233953
173,0.12295650690793991
173,0.009125379845499992
174,-0.07384911924600603
174,0.0246165320277214
174,-0.05651827156543732
175,-0.10666961222887038
175,-0.04102455452084542
175,-0.09025187790393831
176,-0.320002943277359
176,-0.22153732180595398
176,-0.23794710636138913
177,-0.3200029730796814
177,-0.22165453433990479
177,-0.2379472255706787
178,-0.320002943277359
178,-0.25447496771812445
178,-0.31908294558525085
179,-0.3200029730796814
179,0.25424569845199585
179,0.28809618949890137
180,0.2543548047542572
180,0.23783248662948608
180,0.12307973951101303
181,0.0
181,0.0737300142645836
181,0.0
182,-0.07385037094354631
182,-0.04114148020744324
182,0.024631373584270477
183,-0.18872213363647464
183,-0.10678225755691528
183,-0.12307422608137132
184,-0.188722163438797
184,-0.10677921772003174
184,-0.22153577208518982
185,-0.2871837019920349
185,-0.30370509624481207
185,-0.2698506712913513
186,-0.3200041949748993
186,0.2707712054252625
186,0.32000261545181274
187,0.20512425899505612
187,0.27065315842628473
187,0.15589989721775055
188,0.041021693497896194
188,0.10666859149932861
188,0.041028100997209556
189,-0.05743984878063202
189,0.0245024785399437
189,-0.024610064923763275
190,-0.3200039267539978
190,-0.15601344406604764
190,-0.23794612288475037
191,-0.3200039267539978
191,-0.15589551627635956
191,-0.2871768772602082
192,-0.32000395655632013
192,-0.3201127350330353
192,-0.3199975490570068
193,-0.32000395655632013
193,0.28718101978302
193,0.25436094403266907
194,0.2215350568294525
194,0.28718098998069763
194,0.07384825497865677
195,-0.008208541199564936
195,0.09013912826776505
195,0.008207229897379875
196,-0.07384953647851944
196,0.02461690455675125
196,0.024631313979625702
197,-0.18872138857841492
197,-0.09025488793849944
197,-0.18779915571212769
198,-0.23795211315155032
198,-0.12319093197584152
198,-0.18871599435806272
199,-0.3200034201145172
199,-0.2872934937477112
199,-0.3199980556964875
200,-0.3200034201145172
200,0.23782938718795776
200,0.2707702219486236
201,0.3199978172779083
201,0.20500871539115906
201,0.0902573838829994
202,-0.02461760491132736
202,0.04102605581283569
202,0.02461620420217514
203,-0.04102786257863045
203,0.04092200472950936
203,0.04102932289242744
204,-0.23795095086097717
204,-0.07396262139081955
204,-0.27076825499534607
205,-0.28718170523643494
205,-0.20512780547142032
205,-0.26985317468643183
206,-0.3200022280216217
206,-0.3201164603233337
206,-0.3200010657310486
207,-0.3200022280216217
207,0.22143444418907163
207,0.31999942660331726
208,0.155896320939064
208,0.2215375304222107
208,0.02461493760347366
209,-0.0574369691312313
209,0.04090520739555359
209,-0.04102610424160958
210,-0.12307799607515335
210,-0.024732641875743862
210,-0.09025375545024872
211,-0.22153952717781067
211,-0.15589843690395352
211,-0.28717982769012457
212,-0.30359080433845526
212,-0.20524579286575315
212,-0.32000067830085754
213,-0.3200010657310486
213,-0.32011762261390686
213,-0.32000246644020086
214,-0.3200010359287262
214,0.28718045353889465
214,0.17230902612209323
215,0.22153571248054507
215,0.123077891767025
215,0.0
216,-0.10666943341493605
216,-0.04114176705479622
216,-0.0574345737695694
217,-0.13948994874954224
217,-0.106665700674057
217,-0.10665104538202286
218,-0.18872071802616117
218,-0.05755527317523956
218,-0.17230619490146637
219,-0.32000276446342474
219,-0.23806801438331604
219,-0.1713909059762955
220,-0.32000276446342474
220,-0.23806455731391907
220,-0.320000559091568
221,-0.32000276446342474
221,0.2870642840862274
221,0.3200031220912933
222,0.20512366294860843
222,0.2706540524959564
222,0.15590064227581024
223,0.04102109745144844
223,0.09014151245355607
223,0.008208123967051506
224,-0.05744044482707977
224,0.024503670632839203
224,0.024707801640033722
225,-0.1887224912643433
225,-0.09035659581422807
225,-0.10666385293006897
226,-0.1887224912643433
226,-0.09036798030138014
226,-0.20420977473258972
227,-0.32000455260276794
227,-0.28729093074798584
227,-0.3190838396549225
228,-0.32000452280044556
228,0.28706324100494385
228,0.2051306664943695
229,0.23794493079185483
229,0.15578944981098172
229,0.1723099499940872
230,0.041021872311830514
230,0.106550395488739
230,0.008207452483475208
231,-0.05743969976902008
231,0.024499140679836273
231,0.024618767201900482
232,-0.18872174620628357
232,-0.09036938101053238
232,-0.10574790835380554
233,-0.18872174620628357
233,-0.09037269651889801
233,-0.23703241348266604
234,-0.32000380754470825
234,-0.2872958779335022
234,-0.3190789818763733
235,-0.3200037777423859
235,0.2870652675628662
235,0.18963447213172913
236,0.22153517603874207
236,0.28718090057373047
236,0.15681619942188263
237,0.0574326366186142
237,0.13948847353458405
237,0.0
238,-0.07384944707155228
238,0.008087603375315666
238,0.008208123967051506
239,-0.13949047029018402
239,-0.09037063270807266
239,-0.17139120399951935
240,-0.23795202374458316
240,-0.15600655972957608
240,-0.23794692754745483
241,-0.32000333070755005
241,-0.27076786756515503
241,-0.3190811276435852
242,-0.3200032711029053
242,0.22142779827117917
242,0.2224586009979248
243,0.28717765212059027
243,0.1721881777048111
243,0.05743633210659027
244,-0.0574377328157425
244,0.024615399539470673
244,0.009122936055064201
245,-0.05743776261806488
245,-0.02473517507314682
245,-0.024600319564342495
246,-0.2543608546257019
246,-0.18883450329303741
246,-0.1713922470808029
247,-0.25436082482337957
247,-0.17242427170276642
247,-0.2698512077331543
248,-0.32000184059143066
248,-0.28717952966690063
248,-0.31907945871353155
249,-0.32000181078910833
249,0.23782825469970703
249,0.31999993324279785
250,0.17230631411075592
250,0.07384564727544786
250,0.024615444242954258
251,-0.04102702811360359
251,0.0410250723361969
251,-0.024615339934825897
252,-0.10666808485984802
252,-0.0738467201590538
252,-0.13948412239551544
253,-0.18871936202049258
253,-0.13960787653923035
253,-0.2206189334392548
254,-0.28718090057373047
254,-0.2051287740468979
254,-0.27076929807662964
255,-0.32000139355659485
255,-0.320000559091568
255,-0.3199999630451203
256,-0.3200014531612396
256,0.27076971530914307
256,0.30450883507728577
257,0.18871565163135529
257,0.12310507148504257
257,0.041026491671800606
258,0.008202833123505114
258,0.09025678783655167
258,-0.008204249665141106
259,-0.09025867283344269
259,0.0
259,-0.07384220510721207
260,-0.20513048768043515
260,-0.1231936439871788
260,-0.22061949968338013
261,-0.2707715332508087
261,-0.30370658636093134
261,-0.22062200307846067
262,-0.27077147364616394
262,-0.3035893142223358
262,-0.31908106803894043
263,-0.3200023174285888
263,0.31988939642906195
263,0.320921778678894
264,0.20512542128562927
264,0.1066676676273346
264,-0.008203594014048578
265,-0.07384897023439407
265,0.008206081576645373
265,-0.02461399883031845
266,-0.13948999345302582
266,-0.0575549453496933
266,-0.12306123226881029
267,-0.1887207329273224
267,-0.10666570812463759
267,-0.22061690688133237
268,-0.32000285387039185
268,-0.3037053942680359
268,-0.20512682199478152
269,-0.32000282406806946
269,-0.3035887777805329
269,-0.3199986219406128
270,-0.32000282406806946
270,0.2378365695476532
270,0.30451092123985285
271,0.17230327427387238
271,0.23795107007026672
271,0.05835212767124176
272,0.0
272,0.07384855300188065
272,-0.04102255776524543
273,-0.1394916325807571
273,-0.04102328419685364
273,0.024710528552532196
274,-0.13949160277843478
274,-0.041137415915727615
274,-0.12307383865118027
275,-0.1887224018573761
275,-0.17240782082080844
275,-0.25343573093414307
276,-0.25436344742774963
276,-0.30369648337364197
276,-0.27076655626296997
277,-0.3200044333934784
277,0.25436183810234075
277,0.25436255335807795
278,0.17230255901813507
278,0.22142592072486877
278,0.09025997668504715
279,-0.02462049573659897
279,0.07373375445604324
279,-0.008201432414352892
280,-0.024620525538921356
280,0.040916044265031815
280,-0.05735091865062713
281,-0.27077433466911316
281,-0.1722802370786667
281,-0.12215393036603929
282,-0.27077436447143555
282,-0.17230479419231412
282,-0.3026715815067292
283,-0.27077436447143555
283,-0.2380581796169281
283,-0.31908395886421204
284,-0.3200051486492157
284,0.270658940076828
284,0.23795211315155032
285,0.2051234245300293
285,0.27065601944923395
285,0.15590073168277738
286,0.04102088883519173
286,0.10666930675506592
286,0.024618677794933316
287,-0.057440653443336494
287,0.04102825000882149
287,-0.02460949867963791
288,-0.17231248319149017
288,-0.0902538076043129
288,-0.2042097598314285
289,-0.30359452962875366
289,-0.13960035145282745
289,-0.20512506365776062
290,-0.30359452962875366
290,-0.28717684745788574
290,-0.3199968636035919
291,-0.3200047612190247
291,0.15578468143939977
291,0.18963682651519775
292,0.2215346992015839
292,0.15589924156665802
292,0.009126154705882072
293,-0.0574396401643753
293,0.02450265735387802
293,-0.008202819153666496
294,-0.12308066338300706
294,-0.02461361140012741
294,-0.02450486272573471
295,-0.1887216866016388
295,-0.09022349864244461
295,-0.237030029296875
296,-0.32000371813774114
296,-0.2872956395149231
296,-0.2379463016986847
297,-0.3200037479400635
297,-0.23791766166687012
297,-0.31908118724823
298,-0.3200037479400635
298,0.28706550598144537
298,0.2060447484254837
299,0.22153517603874207
299,0.15589885413646695
299,0.008207021281123161
300,-0.057439222931861884
300,0.02449818700551987
300,-0.007288751658052207
301,-0.12308024615049361
301,-0.04102422669529914
301,-0.04102078080177307
302,-0.18872126936912534
302,-0.0903737023472786
302,-0.17138893902301788
303,-0.3200033009052276
303,-0.28729361295700073
303,-0.18871590495109558
304,-0.32000333070755005
304,-0.2871780395507813
304,-0.3199981153011322
305,-0.3200033009052276
305,0.2870648503303528
305,0.18871980905532837
306,0.22153532505035398
306,0.15578289330005646
306,0.009124008938670157
307,-0.07384929805994034
307,0.024500809609889984
307,0.0
308,-0.10666981339454651
308,-0.057553783059120185
308,-0.040937066078186035
309,-0.12308006733655931
309,-0.09025511890649796
309,-0.17139126360416412
310,-0.3200031220912933
310,-0.23794749379158017
310,-0.23702740669250486
311,-0.3200031518936157
311,-0.2871471643447876
311,-0.31999829411506653
312,-0.3200031518936157
312,0.23795098066329956
312,0.2871822714805603
313,0.17230336368083954
313,0.23784157633781433
313,0.15682071447372437
314,0.0
314,0.07373412698507308
314,0.0
315,-0.07385044544935226
315,0.008207140490412712
315,0.008210478350520134
316,-0.07385047525167467
316,0.02461763471364975
316,-0.12215837091207506
317,-0.18872228264808652
317,-0.17241965234279633
317,-0.25343582034111023
318,-0.2543633282184601
318,-0.3037014305591583
318,-0.31999704241752625
319,-0.3200043439865112
319,0.22142359614372253
319,0.2707706093788147
320,0.31999728083610535
320,0.17230866849422458
320,0.058354541659355164
321,-0.057438626885414124
321,0.041026610881090164
321,0.024616755545139313
322,-0.05743865668773651
322,-0.024730555713176724
322,-0.024489112198352814
323,-0.23795148730278018
323,-0.20524671673774722
323,-0.1887165904045105
324,-0.28718224167823786
324,-0.2052382230758667
324,-0.2862509787082672
325,-0.32000273466110235
325,-0.3035888373851776
325,-0.31999871134757996
326,-0.32000276446342474
326,0.319884330034256
326,0.2051294445991516
327,0.0902538076043129
327,0.15589822828769687
327,0.05743713676929474
328,-0.057438537478446954
328,0.0409100241959095
328,-0.04102440550923347
329,-0.12307956069707872
329,-0.024734459817409515
329,-0.1065697968006134
330,-0.30359235405921936
330,-0.22153761982917783
330,-0.23794734477996826
331,-0.303592324256897
331,-0.22153761982917783
331,-0.3199986219406128
332,-0.32000264525413513
332,-0.30370885133743286
332,-0.3190810978412628
333,-0.32000264525413513
333,0.2543894350528717
333,0.32091888785362244
334,0.20512416958808902
334,0.15589949488639832
334,0.1732264906167984
335,0.05743186175823211
335,0.09014026075601579
335,0.00820766109973192
336,-0.05743993818759918
336,0.04090951755642891
336,0.04109754040837287
337,-0.12308093160390855
337,-0.041023630648851395
337,-0.237030029296875
338,-0.32000404596328735
338,-0.27088201045989996
338,-0.2379460334777832
339,-0.3200040161609649
339,-0.2707671821117401
339,-0.3026734888553619
340,-0.32000404596328735
340,0.28706255555152893
340,0.1887202262878418
341,0.25435540080070496
341,0.1557838469743729
341,0.15681391954421997
342,0.041022080928087234
342,0.10666835308074951
342,0.008207408711314201
343,-0.05743949115276337
343,0.024617008864879608
343,0.024727724492549896
344,-0.18872153759002688
344,-0.09037329256534576
344,-0.23794665932655332
345,-0.3200035989284515
345,-0.15601111948490146
345,-0.23794645071029666
346,-0.32000356912612915
346,-0.23794710636138913
346,-0.254356861114502
347,-0.3200035989284515
347,0.2870651185512542
347,0.18963679671287534
348,0.22153526544570926
348,0.2870619297027588
348,0.17230962216854095
349,0.041022438555955894
349,0.10669741034507751
349,0.0
350,-0.07384932786226273
350,0.024497620761394504
350,0.024631284177303314
351,-0.1887211203575134
351,-0.10678452253341675
351,-0.23794713616371155
352,-0.3200032114982605
352,-0.25447672605514526
352,-0.30358797311782837
353,-0.3200031816959381
353,-0.32011458277702337
353,-0.31999823451042175
354,-0.3200031816959381
354,0.31988218426704407
354,0.20512983202934265
355,0.22153541445732114
355,0.13948839902877808
355,0.07384779304265977
356,-0.008208183571696281
356,0.09013832360506056
356,0.0
357,-0.07384923845529556
357,0.024500556290149685
357,0.024736411869525913
358,-0.18872100114822388
358,-0.07396429032087326
358,-0.18780151009559629
359,-0.32000306248664856
359,-0.1888361871242523
359,-0.30266842246055603
360,-0.32000306248664856
360,-0.32010248303413386
360,-0.3199984431266785
361,-0.32000303268432617
361,0.2870645225048065
361,0.18871967494487762
362,0.22153547406196591
362,0.139372244477272
362,0.07384788244962692
363,-0.00820809416472912
363,0.09013812243938447
363,-0.057434167712926865
364,-0.12307991832494736
364,-0.10678157210350037
364,-0.04102106764912606
365,-0.12307991832494736
365,-0.10678493976593018
365,-0.1723061352968216
366,-0.3200029730796814
366,-0.15601260960102079
366,-0.23702979087829593
367,-0.320002943277359
367,-0.3037048578262329
367,-0.31907862424850464
368,-0.3200029730796814
368,0.2870642840862274
368,0.18871937692165372
369,0.22153553366661072
369,0.1557789295911789
369,0.17230938374996183
370,0.1066637635231018
370,0.12307804077863693
370,0.0
371,-0.07384908944368362
371,0.04090707376599312
371,0.041041452437639236
372,-0.18872088193893433
372,-0.10666555166244508
372,-0.172306165099144
373,-0.320002943277359
373,-0.15600743889808655
373,-0.17138628661632538
374,-0.3200029134750366
374,-0.28728941082954407
374,-0.30358824133872986
375,-0.320002943277359
375,0.2870643138885498
375,0.18871936202049258
376,0.22153562307357785
376,0.1393718272447586
376,0.17230911552906036
377,0.05743306502699853
377,0.1229581460356712
377,0.0
378,-0.07384898513555527
378,0.024616353213787075
378,0.024619840085506443
379,-0.18872076272964478
379,-0.10666564106941223
379,-0.17139120399951935
380,-0.2543618083000183
380,-0.17230673134326938
380,-0.25435757637023926
381,-0.32000282406806946
381,-0.31999897956848145
381,-0.319998413324356
382,-0.32000282406806946
382,0.25435957312583923
382,0.30451092123985285
383,0.18871551752090454
383,0.1229575499892235
383,0.04194192960858345
384,-0.024617813527584072
384,0.05731646716594696
384,-0.008204100653529167
385,-0.09025884419679642
385,0.0
385,-0.09024090319871902
386,-0.18872037529945374
386,-0.12319641560316086
386,-0.2707681953907013
387,-0.2707716226577759
387,-0.1888374239206314
387,-0.27076804637908936
388,-0.3200024366378784
388,-0.3201196789741516
388,-0.3199988305568695
389,-0.3200024366378784
389,0.2870626449584961
389,0.30450263619422907
390,0.23794767260551453
390,0.09025544673204422
390,-0.024615667760372162
391,-0.10666772723197937
391,-0.008206097409129143
391,-0.08934096246957779
392,-0.17230875790119174
392,-0.09037698805332184
392,-0.09024227410554887
393,-0.2707703113555909
393,-0.2708866596221924
393,-0.25344610214233404
394,-0.32000109553337097
394,-0.27088662981987
394,-0.3190792202949524
395,-0.32000109553337097
395,-0.32011762261390686
395,-0.3200024366378784
396,-0.3200010657310486
396,0.2378390431404114
396,0.27077111601829523
397,0.31999644637107855
397,0.23795032501220703
397,0.10758370161056519
398,-0.008208690211176872
398,0.07373154908418654
398,-0.007288215216249227
399,-0.09025997668504715
399,0.0
399,0.0
400,-0.20513176918029788
400,-0.024729751050472263
400,-0.12307470291852951
401,-0.20513176918029788
401,-0.13960467278957367
401,-0.25343990325927734
402,-0.25436255335807795
402,-0.3037037551403045
402,-0.31999775767326355
403,-0.2871830463409424
403,0.27065238356590265
403,0.18871846795082092
404,0.20512439310550692
404,0.1558993011713028
404,0.15589976310729983
405,0.04102185368537903
405,0.10666850209236145
405,0.008207452483475208
406,-0.057439710944890976
406,0.024502061307430267
406,0.02462058514356613
407,-0.18872176110744476
407,-0.0903647392988205
407,-0.23794642090797424
408,-0.32000380754470825
408,-0.15586696565151212
408,-0.23794624209403994
409,-0.32000380754470825
409,-0.30370303988456726
409,-0.31907886266708374
410,-0.32000380754470825
410,0.3035913407802582
410,0.18963444232940674
411,0.23794516921043396
411,0.12296324223279952
411,0.008207363076508045
412,-0.05743944272398949
412,0.024501763284206387
412,0.0
413,-0.10667020827531815
413,-0.041139334440231316
413,0.024620406329631805
414,-0.18872149288654327
414,-0.09037337452173233
414,-0.15589539706707004
415,-0.22154197096824646
415,-0.0902550593018532
415,-0.2379466891288757
416,-0.30359324812889105
416,-0.2707675993442536
416,-0.3190812468528747
417,-0.32000353932380676
417,0.32000139355659485
417,0.3209187984466553
418,0.2543557286262512
418,0.30362048745155334
418,0.2060447037220001
419,0.09025318175554276
419,0.15578314661979675
419,0.1404084414243698
420,0.05743264779448509
420,0.155783012509346
420,0.15590222179889682
421,0.12307367473840714
421,0.22142079472541806
421,0.07384795695543288
422,-0.008208362385630608
422,0.09014702588319777
422,0.008206916041672228
423,-0.05743911489844322
423,-0.02472981065511703
423,-0.17138879001140592
424,-0.23795193433761597
424,0.3198815882205963
424,0.2871761322021484
425,0.28718098998069763
425,0.30346947908401484
425,0.28717401623725897
426,0.15589900314807895
426,0.22153306007385254
426,0.15589381754398346
427,0.041027218103408813
427,0.22153267264366147
427,0.22153675556182864
428,0.22154000401496887
428,0.3034704327583313
428,0.22153517603874207
429,0.1558989733457565
429,0.23782908916473386
429,0.15589408576488492
430,0.09025795012712479
430,0.1065467894077301
430,0.09115789085626602
431,0.024616919457912445
431,0.31988999247550964
431,0.31999534368515015
432,0.3035980761051178
432,0.31989151239395136
432,0.23794403672218323
433,0.23795711994171145
433,0.28716588020324707
433,0.27076447010040283
434,0.3035981357097626
434,0.3198979496955871
434,0.3200047016143799
435,0.17231605947017667
435,0.25425806641578674
435,0.1887132376432419
436,0.10667493939399718
436,0.2050308585166931
436,0.12307213991880418
437,0.04103394225239753
437,0.07375114411115648
437,-0.008209852501749992
438,-0.09024814516305923
438,0.32000210881233215
438,0.2880641222000122
439,0.3199891149997711
439,0.254361093044281
439,0.30448222160339355
440,0.25434812903404236
440,0.25426277518272394
440,0.15590886771678922
441,0.09024558216333389
441,0.15580224990844727
441,0.15591321885585785
442,-0.00821593217551708
442,0.15580002963542938
442,0.07474332302808762
443,-0.00821596197783947
443,0.05743776261806488
443,-0.056539043784141534
444,-0.057446673512458794
444,-0.10666483640670778
444,-0.17229627072811127
445,-0.3200107216835022
445,0.2870785892009735
445,0.28807488083839417
446,0.3199717104434967
446,0.25425857305526733
446,0.2707795202732086
447,0.20509979128837583
447,0.2706753313541413
447,0.2543688714504242
448,0.17227922379970548
448,0.2707771062850952
448,0.07386801391839982
449,0.13945870101451874
449,0.2214463651180267
449,0.10667714476585387
450,0.024586908519268036
450,0.12298510223627092
450,0.04103617742657661
451,-0.041054129600524895
451,0.04103335738182068
451,-0.07383569329977036
452,-0.18874643743038177
452,0.3199272155761719
452,0.3035996854305267
453,0.3199748098850251
453,0.3200068771839142
453,0.32000958919525146
454,0.3199748098850251
454,0.3035966157913208
454,0.32000958919525146
455,0.28715428709983826
455,0.3035107553005218
455,0.30355119705200195
456,0.3035646080970764
456,0.31992748379707336
456,0.3035997152328492
457,0.3199748098850251
457,0.3199212551116944
457,0.3035995662212372
458,0.2379235327243805
458,0.20512405037879947
458,0.13949714601039884
459,0.0
459,0.2870816886425019
459,0.27077421545982355
460,0.31999319791793823
460,0.2870812714099884
460,0.2552517354488373
461,0.3035828769207001
461,0.32000008225440985
461,0.2543639242649078
462,0.1394803076982498
462,0.22154220938682553
462,0.22155281901359558
463,0.0
463,0.09026012569665909
463,-0.007306305225938559
464,-0.10667350888252258
464,0.02451717108488083
464,-0.09025145322084427
465,-0.1723145693540573
465,-0.15599583089351654
465,-0.1887129843235016
466,-0.2543658912181854
466,0.2870604395866394
466,0.2552477419376373
467,0.22153794765472412
467,0.1723063737154007
467,0.10666602849960327
468,0.041025061160326004
468,0.04090573266148567
468,-0.024616234004497528
469,-0.09025696665048599
469,-0.00820651464164257
469,0.04121368005871773
470,-0.17230828106403348
470,-0.07396931201219559
470,-0.22153919935226438
471,-0.2871800363063812
471,-0.15589877963066098
471,-0.23794969916343686
472,-0.320000559091568
472,-0.32000139355659485
472,-0.32000070810317993
473,-0.3035903573036194
473,0.22141626477241513
473,0.320900022983551
474,0.31999871134757996
474,0.22141873836517337
474,0.12307675927877425
475,-0.008206409402191639
475,0.09025592356920242
475,0.008204994723200796
476,-0.057437196373939514
476,0.024614892899990085
476,0.02461793273687363
477,-0.188719242811203
477,-0.05743634328246116
477,-0.12307705730199812
478,-0.23795005679130554
478,-0.15601761639118197
478,-0.30268844962120056
479,-0.3035910725593567
479,-0.25435942411422724
479,-0.31909850239753723
480,-0.3200013339519501
480,0.2871792912483215
480,0.2543592154979706
481,0.2379472255706787
481,0.3199997544288636
481,0.2388513684272766
482,0.05743440613150597
482,0.1230766698718071
482,0.04102572798728943
483,-0.024616919457912445
483,0.05743568763136864
483,0.0
484,-0.2051297128200531
484,-0.1230771765112877
484,-0.20512816309928894
485,-0.28718101978302
485,-0.15601719915866852
485,-0.2215380370616913
486,-0.28718101978302
486,-0.3199884295463562
486,-0.3199999630451203
487,-0.3200015127658844
487,0.2542372941970825
487,0.28717982769012457
488,0.15589565038681027
488,0.2215385437011719
488,0.10666707158088684
489,0.0082032959908247
489,0.10654786229133606
489,0.025521330535411835
490,-0.04102747514843941
490,0.0409039743244648
490,0.041041005402803414
491,-0.23795053362846375
491,-0.13960607349872592
491,-0.2871790230274201
492,-0.28718131780624384
492,-0.2052497565746307
492,-0.2871791422367096
493,-0.2871812880039215
493,-0.3201185464859009
493,-0.3035894036293029
494,-0.32000181078910833
494,0.3034734725952149
494,0.3035909831523895
495,0.17230497300624847
495,0.23794975876808167
495,0.1230781599879265
496,0.024612627923488613
496,0.12295805662870407
496,0.04193054512143135
497,-0.02461817115545273
497,0.057319894433021545
497,0.05757194384932518
498,-0.15590019524097445
498,-0.05743487179279327
498,-0.15589620172977448
499,-0.22154119610786438
499,-0.12319568544626236
499,-0.15589623153209686
500,-0.22154122591018677
500,-0.2544702291488647
500,-0.319998413324356
501,-0.32000273466110235
501,0.32000109553337097
501,0.3209063410758972
502,0.2379458248615265
502,0.23795852065086365
502,0.17230923473834991
503,0.09025353938341142
503,0.17230884730815887
503,0.041026968508958817
504,-0.041028548032045364
504,0.05732057988643646
504,0.12308093160390855
505,-0.09025932103395462
505,-0.008204025216400623
505,-0.1385790854692459
506,-0.2215413749217987
506,-0.12319492548704147
506,-0.20512682199478152
507,-0.28718239068984985
507,-0.3201180100440979
507,-0.3199986219406128
508,-0.3035926818847656
508,0.23794817924499512
508,0.3044969141483307
509,0.2379472553730011
509,0.2378268539905548
509,0.024615399539470673
510,-0.05743737518787384
510,0.04090361669659615
510,-0.04102559760212898
511,-0.1066681444644928
511,-0.024615682661533352
511,-0.024612657725811005
512,-0.23795017600059507
512,-0.13948749005794528
512,-0.28717947006225586
513,-0.30359122157096863
513,-0.20525041222572324
513,-0.28717947006225586
514,-0.3200014531612396
514,-0.28717979788780207
514,-0.30358973145484924
515,-0.320001482963562
515,0.30359047651290894
515,0.2880863547325134
516,0.17230524122714996
516,0.3198941051959991
516,0.041936457157135
517,-0.024617858231067654
517,0.05743668973445892
517,-0.02461438626050949
518,-0.09025888144969939
518,-0.008324575610458849
518,-0.008092967793345451
519,-0.2215409278869629
519,-0.12319628149271013
519,-0.2051272094249725
520,-0.27077171206474304
520,-0.1887171566486359
520,-0.26986283063888544
521,-0.32000246644020086
521,-0.28717896342277527
521,-0.31908747553825384
522,-0.32000246644020086
522,0.25436022877693176
522,0.30359119176864624
523,0.1887149214744568
523,0.2379598021507263
523,0.1239813044667244
524,0.041022647172212594
524,0.12307817488908766
524,-0.00820368342101574
525,-0.09025944024324419
525,-0.008322803303599358
525,-0.008188990876078606
526,-0.20513120293617249
526,-0.12307571619749069
526,-0.2543574869632721
527,-0.2707722485065461
527,-0.18871673941612244
527,-0.25435754656791687
528,-0.32000303268432617
528,-0.3201149106025696
528,-0.27076742053031927
529,-0.3200030028820038
529,0.2706556022167205
529,0.32000184059143066
530,0.20512479543685916
530,0.27077075839042664
530,0.05743803083896636
531,-0.008208541199564936
531,0.07372982054948807
531,-0.007299420889467001
532,-0.07384953647851944
532,0.024616949260234836
532,-0.04100935533642769
533,-0.20513162016868594
533,-0.10678026080131531
533,-0.12217140942811967
534,-0.20513160526752472
534,-0.09024612605571747
534,-0.2534535229206085
535,-0.32000336050987244
535,-0.2543574571609497
535,-0.31999829411506653
536,-0.3200033903121948
536,0.30347397923469543
536,0.27077105641365057
537,0.22153493762016294
537,0.30347406864166265
537,0.17321093380451202
538,0.057432398200035095
538,0.1229638084769249
538,0.009110373444855211
539,-0.07384965568780899
539,0.024617068469524384
539,0.024631671607494354
540,-0.07384968549013136
540,0.0244997963309288
540,-0.057434096932411194
541,-0.12308042496442795
541,-0.041141390800476074
541,-0.10576149821281433
542,-0.1887214481830597
542,-0.10677973181009293
542,-0.20512607693672177
543,-0.28718301653861994
543,0.31988081336021423
543,0.320904552936554
544,0.31999772787094116
544,0.3034732639789581
544,0.2871802151203155
545,0.28717720508575434
545,0.30347046256065374
545,0.32090502977371216
546,0.28717720508575434
546,0.23783209919929504
546,0.2216869592666626
547,0.18871568143367767
547,0.2870627939701081
547,0.13948796689510345
548,0.057433631271123886
548,0.15590840578079226
548,0.1403905600309372
549,0.057433661073446274
549,0.09013960510492325
549,0.024616234004497528
550,-0.057438179850578315
550,0.2214152812957764
550,0.31999239325523376
551,0.3200079500675202
551,0.1721869856119156
551,0.25524073839187617
552,0.1723155528306961
552,0.18860068917274472
552,0.10754257440567015
553,-0.04101787880063056
553,0.20501309633255005
553,0.02462267130613327
554,-0.00819760374724865
554,0.09014280140399933
554,0.07472411543130875
555,-0.008197693154215813
555,0.09024975448846817
555,0.07383937388658524
556,0.0
556,-0.024621985852718353
556,-0.1057826578617096
557,-0.18871065974235535
557,0.3199068009853363
557,0.2871792018413543
558,0.32001224160194397
558,0.27068114280700684
558,0.25435575842857355
559,0.2871931791305542
559,0.319915622472763
559,0.15677902102470398
560,0.20514142513275146
560,0.09024710208177568
560,0.2871859669685363
561,0.10667976737022401
561,0.2051190435886383
561,0.1230766698718071
562,0.041038502007722855
562,0.13941732048988342
562,0.05743568763136864
563,-0.024602793157100677
563,0.008139592595398426
563,-0.07384630292654037
564,-0.13947494328022003
564,0.3035464286804199
564,0.3036019206047058
565,0.2707761228084564
565,0.28714084625244146
565,0.32087671756744385
566,0.23795232176780703
566,0.2871345281600952
566,0.23795899748802188
567,0.1887214481830597
567,0.2379014194011688
567,0.2379554510116577
568,0.12308054417371748
568,0.2050829827785492
568,0.025504149496555332
569,-0.02461179345846176
569,0.04102744534611703
569,0.057448055595159524
570,-0.024611674249172207
570,-0.07389504462480545
570,-0.20511606335639954
571,-0.22153472900390625
571,0.28719100356101984
571,0.28719437122344965
572,0.30356621742248535
572,0.3199391067028045
572,0.23884359002113342
573,0.1722843199968338
573,0.25429630279541016
573,0.22155225276947016
574,0.12305351346731186
574,0.13949845731258392
574,0.13951002061367032
575,0.17228440940380096
575,0.2379598021507263
575,0.15591056644916534
576,0.12305375188589096
576,0.20513921976089478
576,0.09027008712291716
577,0.024592451751232147
577,0.05736495554447175
577,-0.05656079947948456
578,-0.1887408345937729
578,0.28711563348770136
578,0.30360162258148193
579,0.28715047240257263
579,0.28710630536079407
579,0.3036012649536132
580,0.31997096538543707
580,0.3035241663455963
580,0.32086876034736633
581,0.31997096538543707
581,0.31993290781974787
581,0.3199615478515625
582,0.3199710249900818
582,0.3035215437412262
582,0.3208670318126678
583,0.27074018120765686
583,0.3035951256752014
583,0.3208665847778321
584,0.20509922504425052
584,0.12308707088232039
584,0.17231960594654083
585,0.10663768649101257
585,0.27077290415763855
585,0.3208854496479034
586,0.30358347296714777
586,0.27067461609840393
586,0.25436371564865107
587,0.12307063490152358
587,0.20513188838958737
587,0.23883923888206485
588,0.12307062000036241
588,0.18862485885620114
588,0.18885938823223114
589,-0.041031915694475174
589,0.04102929309010506
589,0.025509484112262726
590,-0.05744221433997155
590,-0.024713702499866482
590,-0.024610765278339386
591,-0.09026269614696503
591,-0.1559963971376419
591,-0.3035852313041687
592,-0.32000634074211115
592,0.12307297438383104
592,0.2224216163158417
593,0.23794984817504883
593,0.12295643240213394
593,-0.041028548032045364
594,-0.12307580560445786
594,-0.024734936654567722
594,-0.10666966438293456
595,-0.17230655252933502
595,-0.09037847816944121
595,-0.09024526178836823
596,-0.3035886585712433
596,-0.22165566682815552
596,-0.2379516065120697
597,-0.3035886585712433
597,-0.22166186571121216
597,-0.2862906157970429
598,-0.3199988901615143
598,-0.3035936653614044
598,-0.3200026750564575
599,-0.319998949766159
599,0.12295492738485336
599,0.17230688035488126
600,0.09025566279888152
600,0.12307582050561905
600,0.0410248339176178
601,-0.04102640226483345
601,-0.008206230588257313
601,-0.0738469734787941
602,-0.1066674292087555
602,-0.041145551949739456
602,-0.04102354124188423
603,-0.22153922915458676
603,-0.1231924220919609
603,-0.20512881875038147
604,-0.30359050631523127
604,-0.25448164343833923
604,-0.23704671859741214
605,-0.30359047651290894
605,-0.3201205134391784
605,-0.32000076770782476
606,-0.32000076770782476
606,0.23785212635993958
606,0.3045068979263306
607,0.23794564604759216
607,0.25436040759086614
607,0.05743741616606713
608,0.0
608,0.07372883707284927
608,-0.008203458972275259
609,-0.09025952965021135
609,0.008206544443964956
609,0.008291838690638542
610,-0.13949024677276614
610,-0.05755282938480378
610,-0.12307541817426682
611,-0.2051312625408173
611,-0.1231912598013878
611,-0.2543571889400482
612,-0.2707723379135132
612,-0.22165524959564212
612,-0.2543575167655945
613,-0.32000306248664856
613,0.2706558108329773
613,0.3209066987037659
614,0.2051248550415039
614,0.27078008651733404
614,0.07475056499242784
615,0.041022241115570075
615,0.10666827112436293
615,0.0
616,-0.07384950667619705
616,0.008206737227737902
616,0.008209777064621449
617,-0.1230802908539772
617,-0.041141290217638016
617,-0.057435646653175354
618,-0.18872129917144775
618,-0.09024596959352493
618,-0.17140598595142365
619,-0.23795205354690552
619,-0.27076756954193115
619,-0.3035878539085389
620,-0.32000336050987244
620,0.31988614797592163
620,0.1896195113658905
621,0.2707661390304566
621,0.13937072455883026
621,0.009106723591685297
622,-0.07384920865297318
622,0.02449890226125717
622,0.00820651464164257
623,-0.07384920865297318
623,0.024505697190761566
623,0.024618230760097507
624,-0.12307997792959215
624,-0.041142094880342484
624,-0.05743427574634552
625,-0.1887209713459015
625,-0.10666526108980177
625,-0.23704710602760315
626,-0.3035928010940552
626,-0.3037061989307403
626,-0.2543573677539826
627,-0.32000303268432617
627,0.28718042373657227
627,0.2543605268001556
628,0.2215355932712555
628,0.2870694398880005
628,0.07384759932756424
629,-0.008208004757761954
629,0.02449845522642136
629,-0.057434435933828354
630,-0.12307976931333542
630,-0.04114257171750069
630,-0.041009366512298584
631,-0.1723105758428574
631,-0.04114263132214546
631,-0.2379472851753235
632,-0.32000288367271423
632,-0.23794752359390256
632,-0.2379472851753235
633,-0.32000288367271423
633,-0.23806321620941162
633,-0.30358830094337463
634,-0.32000285387039185
634,0.1394883841276169
634,0.2051293849945068
635,0.22153568267822263
635,0.1394883841276169
635,0.07384756952524185
636,-0.00820794515311718
636,0.02449818700551987
636,0.0
637,-0.07384897023439407
637,0.024505071341991425
637,0.024771086871623993
638,-0.10666945576667786
638,0.0
638,-0.0902549996972084
639,-0.18872077763080594
639,-0.10678377747535707
639,-0.1723062843084335
640,-0.32000282406806946
640,-0.22152841091156003
640,-0.30358830094337463
641,-0.32000279426574707
641,0.287180632352829
641,0.1887190639972687
642,0.22153568267822263
642,0.13948826491832736
642,0.0
643,-0.07384892553091049
643,0.024500690400600437
643,-0.056531950831413255
644,-0.10666943341493605
644,-0.04114295914769173
644,-0.041009414941072464
645,-0.12307967990636827
645,-0.10678145289421083
645,-0.17140580713748932
646,-0.18872067332267764
646,-0.10666581988334656
646,-0.1723062843084335
647,-0.32000273466110235
647,-0.2871783375740051
647,-0.28717836737632746
648,-0.32000276446342474
648,0.1886049509048462
648,0.23885366320610046
649,0.30358803272247314
649,0.1886005699634552
649,0.10756772756576538
650,-0.008206886239349842
650,0.04102565720677376
650,-0.04102553799748421
651,-0.12307860702276228
651,-0.04114584997296333
651,0.04104118421673775
652,-0.04102732613682747
652,0.04102571681141853
652,-0.08935476094484329
653,-0.1723094135522842
653,-0.09025640040636063
653,-0.2871792316436768
654,-0.22154015302658084
654,-0.2051282674074173
654,-0.2871793210506439
655,-0.3200017213821411
655,0.22141614556312564
655,0.2707668244838714
656,0.15589655935764316
656,0.09013391286134721
656,-0.040126312524080276
657,-0.12307780236005784
657,-0.024735398590564728
657,-0.17140816152095795
658,-0.23794960975646973
658,-0.15602017939090732
658,-0.09024179726839067
659,-0.12307774275541304
659,-0.024616323411464688
659,-0.057436659932136536
660,-0.1723085790872574
660,-0.0903768017888069
660,-0.25435975193977356
661,-0.23794955015182495
661,-0.32000100612640386
661,-0.23794946074485776
662,-0.3200008869171143
662,0.23782828450202942
662,0.3200004994869232
663,0.172305628657341
663,0.15577982366085052
663,-0.024614863097667694
664,-0.09025845676660538
664,-0.008318197913467882
664,-0.023707829415798184
665,-0.09025845676660538
665,-0.057556107640266425
665,-0.05742013081908227
666,-0.22154051065444946
666,-0.12307649105787277
666,-0.27076870203018194
667,-0.22154048085212708
667,-0.12307655066251755
667,-0.27076870203018194
668,-0.3200020492076874
668,-0.32011720538139343
668,-0.30358919501304626
669,-0.32000201940536505
669,0.2706532478332519
669,0.3044993579387665
670,0.18871539831161502
670,0.12296106666326521
670,-0.008204130455851555
671,-0.09025896340608597
671,0.0
671,-0.041024476289749146
672,-0.13948969542980194
672,-0.05755425989627838
672,0.024711631238460544
673,-0.09025899320840836
673,0.0
673,-0.13858233392238617
674,-0.20513075590133667
674,-0.10665631294250488
674,-0.2534542977809906
675,-0.2707717716693879
675,-0.28729501366615295
675,-0.25435951352119446
676,-0.32000255584716797
676,0.18859827518463135
676,0.23885282874107364
677,0.12307491153478622
677,0.188718318939209
677,0.073846735060215
678,-0.04102768376469612
678,0.04090601205825806
678,-0.041025061160326004
679,-0.10666871070861816
679,0.02449842542409897
679,0.02461891621351242
680,-0.1723097413778305
680,-0.07396582514047621
680,-0.15589685738086698
681,-0.23795074224472046
681,-0.20524789392948148
681,-0.27076858282089233
682,-0.23795077204704285
682,-0.2051173448562622
682,-0.3190956115722656
683,-0.3200019896030426
683,0.30358910560607916
683,0.3035892844200135
684,0.17230655252933502
684,0.23782676458358765
684,0.041025269776582725
685,0.0
685,-0.024737291038036346
685,-0.023714758455753326
686,-0.10666778683662413
686,-0.008324531838297844
686,-0.13948456943035123
687,-0.22153961658477783
687,-0.10666730999946596
687,-0.2215388715267181
688,-0.287180632352829
688,-0.20525044202804565
688,-0.22063735127449036
689,-0.28718069195747375
689,-0.3201195299625397
689,-0.32000043988227844
690,-0.32000118494033813
690,0.2706459164619446
690,0.3199972510337829
691,0.20512756705284116
691,0.2870630919933319
691,-0.02461638301610947
692,-0.10666725784540175
692,-0.008328644558787344
692,-0.09025739133358002
693,-0.17230828106403348
693,-0.13960818946361542
693,-0.13931359350681305
694,-0.17230834066867828
694,-0.12319790571928024
694,-0.15589849650859833
695,-0.22153910994529724
695,-0.1396082490682602
695,-0.2543599307537079
696,-0.32000064849853516
696,-0.3201211392879486
696,-0.32000070810317993
697,-0.32000064849853516
697,0.18871721625328067
697,0.23885285854339597
698,0.30358871817588806
698,0.18871721625328067
698,0.07384554296731947
699,-0.04102670028805733
699,0.024492435157299042
699,-0.04102610424160958
700,-0.12307798117399214
700,-0.024738483130931858
700,-0.024600528180599216
701,-0.13948823511600494
701,-0.09037943184375763
701,-0.17140360176563263
702,-0.25436002016067505
702,-0.15589816868305206
702,-0.3035903573036194
703,-0.30359080433845526
703,-0.23807179927825928
703,-0.3200006186962127
704,-0.3200010657310486
704,0.303469717502594
704,0.23885303735733032
705,0.20512712001800534
705,0.2706538140773773
705,0.15589703619480133
706,0.10666558891534807
706,0.10654649138450624
706,-0.008205531165003777
707,-0.09025753289461136
707,-0.008327839896082878
707,-0.008190242573618889
708,-0.22153958678245547
708,-0.12319963425397874
708,-0.20422597229480746
709,-0.32000109553337097
709,-0.254359632730484
709,-0.27076977491378784
710,-0.32000112533569336
710,-0.2873021364212036
710,-0.32000041007995605
711,-0.32000112533569336
711,0.23782968521118164
711,0.2880851626396179
712,0.17230610549449923
712,0.23782703280448914
712,0.04102562740445138
713,-0.04102720692753791
713,0.07372728735208511
713,0.04102562740445138
714,-0.041027236729860306
714,-0.008193699643015862
714,-0.008202117867767813
715,-0.10666826367378235
715,-0.008323816582560538
715,-0.15499429404735565
716,-0.22154006361961368
716,-0.13960866630077362
716,-0.2707692086696625
717,-0.28718104958534235
717,-0.3201214373111725
717,-0.3190969824790955
718,-0.32000160217285156
718,0.31988093256950373
718,0.205128014087677
719,0.25435763597488403
719,0.31987807154655457
719,0.041929960250854485
720,-0.07384752482175824
720,0.024500660598278042
720,-0.057436045259237296
721,-0.13948856294155124
721,-0.008326975628733635
721,-0.04101048782467842
722,-0.2543603777885437
722,-0.0738464966416359
722,-0.13858486711978915
723,-0.25436040759086614
723,-0.23794913291931152
723,-0.23704645037651062
724,-0.3200013339519501
724,-0.25435939431190496
724,-0.31999990344047546
725,-0.32000139355659485
725,0.23794806003570557
725,0.15589730441570282
726,0.17230652272701266
726,0.10654703527688979
726,0.12307479232549667
727,-0.008206246420741081
727,0.057435240596532815
727,-0.04012404754757881
728,-0.10666778683662413
728,-0.024737887084484097
728,-0.02460039407014847
729,-0.17230884730815887
729,-0.0575556606054306
729,-0.28717988729476934
730,-0.18871909379959106
730,-0.1396097093820572
730,-0.28627568483352656
731,-0.28718066215515137
731,-0.32012242078781133
731,-0.32000046968460083
732,-0.3200011551380157
732,0.25423881411552435
732,0.17230828106403348
733,0.17230553925037384
733,0.12295951694250107
733,-0.008204517886042597
734,-0.09025851637125015
734,0.0
734,-0.04011579230427742
735,-0.15589959919452664
735,-0.05743535980582238
735,-0.05732949078083038
736,-0.22154060006141665
736,-0.12307643145322798
736,-0.22153785824775696
737,-0.22154062986373904
737,-0.12319398671388627
737,-0.22063529491424563
738,-0.2707713842391968
738,-0.30370670557022095
738,-0.31909283995628357
739,-0.30359190702438354
739,0.2542403638362884
739,0.1732130795717239
740,0.1887153685092926
740,0.12307784706354141
740,-0.00820407085120678
741,-0.09025894105434418
741,0.0
741,-0.02461432665586472
742,-0.13948969542980194
742,-0.05754120647907257
742,-0.05743210017681121
743,-0.09025890380144119
743,0.0
743,-0.13858447968959806
744,-0.20513069629669192
744,-0.12319525331258774
744,-0.253456324338913
745,-0.27077171206474304
745,-0.2215375304222107
745,-0.28717839717864985
746,-0.32000249624252325
746,0.25436004996299744
746,0.3200011551380157
747,0.1887151896953583
747,0.13938252627849582
747,0.05743737518787384
748,0.024612627923488613
748,0.09014145284891129
748,-0.02461426705121994
749,-0.13948993384838104
749,-0.057550892233848565
749,-0.05743172392249108
750,-0.13948991894721982
750,-0.04114332795143128
750,-0.05743478238582612
751,-0.20513091981410977
751,-0.10666555166244508
751,-0.2534546554088593
752,-0.3200027048587799
752,-0.2707681357860565
752,-0.3190957605838775
753,-0.32000273466110235
753,0.12307635694742203
753,0.17321355640888214
754,0.2215372622013092
754,0.12307626754045486
754,-0.008205203339457512
755,-0.09025759249925613
755,0.0
755,-0.07384645193815231
756,-0.12307813018560408
756,-0.05755771696567535
756,-0.12294521182775499
757,-0.20512942969799047
757,-0.12319860607385634
757,-0.20512859523296353
758,-0.3200012147426605
758,-0.2544809579849243
758,-0.25435930490493774
759,-0.32000118494033813
759,-0.3201219141483307
759,-0.3190968930721283
760,-0.3035909235477447
760,0.20500668883323667
760,0.3199999630451203
761,0.17230625450611115
761,0.1065479591488838
761,0.024615339934825897
762,-0.008206618018448353
762,-0.008323876187205313
762,-0.02371124178171158
763,-0.10666817426681519
763,-0.0739675834774971
763,-0.07372336834669115
764,-0.18871945142745972
764,-0.1396058052778244
764,-0.10666677355766298
765,-0.22153994441032412
765,-0.13947628438472748
765,-0.2698650360107422
766,-0.3200014531612396
766,-0.3200002014636993
766,-0.3200000524520874
767,-0.3200015127658844
767,0.1723076552152634
767,0.27076929807662964
768,0.3035881221294403
768,0.17218925058841708
768,0.0738462284207344
769,-0.008206753060221672
769,0.024494178593158722
769,-0.04102559760212898
770,-0.12307854741811752
770,-0.04114394262433052
770,-0.024467609822750088
771,-0.12307854741811752
771,-0.024615429341793057
771,-0.1723076552152634
772,-0.23795035481452942
772,-0.22164615988731382
772,-0.30358937382698054
773,-0.23795032501220703
773,-0.22165676951408386
773,-0.3190913796424866
774,-0.32000160217285156
774,0.15589584410190585
774,0.20512691140174863
775,0.09025604277849197
775,0.07372478395700456
775,0.0410243459045887
776,-0.07384654134511946
776,0.0
776,-0.0738474205136299
777,-0.15589784085750577
777,-0.05755995213985444
777,-0.0574219673871994
778,-0.15589784085750577
778,-0.05756013095378875
778,-0.1887192726135254
779,-0.2707696259021759
779,-0.23806580901145932
779,-0.32000100612640386
780,-0.27076959609985346
780,-0.20512980222702026
780,-0.3200013637542725
781,-0.28717982769012457
781,0.12307625263929368
781,0.1558971852064133
782,0.041024524718523026
782,0.10654378682374956
782,-0.07384643703699112
783,-0.12307804077863693
783,-0.057436808943748474
783,-0.13948757946491241
784,-0.2215396463871002
784,-0.12319677323102952
784,-0.12307437509298325
785,-0.2215396463871002
785,-0.12319699674844742
785,-0.2042256593704224
786,-0.3200011551380157
786,-0.18883812427520752
786,-0.27076956629753113
787,-0.32000118494033813
787,-0.3201198279857636
787,-0.30359023809432983
788,-0.32000118494033813
788,0.20501837134361267
788,0.25436070561408997
789,0.17230267822742462
789,0.20501650869846344
789,-0.007299450691789388
790,-0.0410306341946125
790,0.040914375334978104
790,-0.00820186547935009
791,-0.07385114580392838
791,0.041028518229722984
791,-0.04101993516087532
792,-0.07385117560625078
792,0.00809468049556017
792,-0.10666355490684509
793,-0.270774245262146
793,-0.1722980588674545
793,-0.12307377904653548
794,-0.2707741856575012
794,-0.17230482399463654
794,-0.3199966251850128
795,-0.32000499963760376
795,0.28718212246894836
795,0.23795181512832644
796,0.22153380513191223
796,0.1557886004447937
796,0.025519691407680515
797,-0.05744053423404693
797,0.04091479256749153
797,-0.007305157370865345
798,-0.10667133331298827
798,-0.024720303714275357
798,0.04103109240531922
799,-0.057440575212240226
799,0.040915042161941535
799,-0.04102252796292305
800,-0.17231236398220062
800,-0.09025377780199052
800,-0.205125093460083
801,-0.3035943806171418
801,-0.28728801012039185
801,-0.22153535485267636
802,-0.30359441041946417
802,0.28706806898117065
802,0.3044897615909576
803,0.22153484821319577
803,0.12296303361654282
803,0.0738483741879463
804,0.0
804,0.0410275049507618
804,0.0
805,-0.1066702902317047
805,-0.024726979434490204
805,-0.024503402411937717
806,-0.07384980469942093
806,0.0
806,-0.040125209838151925
807,-0.12308054417371748
807,-0.09037051349878311
807,-0.17140717804431915
808,-0.30359339714050293
808,-0.28729116916656494
808,-0.28717714548110956
809,-0.32000365853309626
809,0.28706371784210205
809,0.25436043739318853
810,0.22153538465499878
810,0.15578158199787143
810,0.07384782284498215
811,0.0
811,0.10655060410499573
811,-0.007341263350099325
812,-0.12308003753423691
812,-0.05743454396724701
812,-0.0573190301656723
813,-0.18872100114822388
813,-0.09036974608898164
813,-0.2379470765590668
814,-0.32000303268432617
814,-0.09036994725465775
814,-0.23704764246940616
815,-0.32000306248664856
815,-0.2708852887153625
815,-0.31999859213829046
816,-0.32000303268432617
816,0.1393706351518631
816,0.2707706391811371
817,0.27076634764671326
817,0.13937728106975555
817,0.07384756952524185
818,-0.008208004757761954
818,0.024498723447322842
818,-0.008203653618693352
819,-0.10666951537132262
819,-0.04113991931080818
819,-0.04102131724357605
820,-0.1230797991156578
820,-0.10678094625473022
820,-0.23794749379158017
821,-0.32000285387039185
821,-0.10678350925445557
821,-0.23704290390014648
822,-0.32000288367271423
822,-0.3037040531635284
822,-0.2543577551841736
823,-0.32000288367271423
823,0.22154894471168518
823,0.18961963057518005
824,0.22153562307357785
824,0.18871915340423584
824,0.00910895876586437
825,-0.07384898513555527
825,0.0246165469288826
825,0.0
826,-0.10666948556900024
826,-0.041024476289749146
826,-0.040902931243181236
827,-0.12307972460985182
827,-0.10666549950838088
827,-0.1723062843084335
828,-0.32000282406806946
828,-0.25435784459114075
828,-0.17230652272701266
829,-0.32000285387039185
829,-0.2544761002063751
829,-0.31999859213829046
830,-0.32000279426574707
830,0.13948827981948853
830,0.2552628815174103
831,0.22153568267822263
831,0.13937245309352875
831,0.0
832,-0.07384892553091049
832,0.024498097598552704
832,-0.05743478238582612
833,-0.10666943341493605
833,-0.024614356458187103
833,-0.024611346423625946
834,-0.1887207329273224
834,-0.10678130388259889
834,-0.1723065823316574
835,-0.32000276446342474
835,-0.3037071228027344
835,-0.1714036613702774
836,-0.32000273466110235
836,-0.303707093000412
836,-0.3026857078075409
837,-0.2871822118759156
837,0.2870646119117737
837,0.17230878770351413
838,0.22153577208518982
838,0.12307798117399214
838,0.07475016266107559
839,-0.008207825943827629
839,0.024497859179973602
839,-0.056533928960561745
840,-0.1066693663597107
840,-0.04114319756627083
840,-0.040928829461336136
841,-0.18872064352035522
841,-0.10666555166244508
841,-0.17140360176563263
842,-0.32000273466110235
842,-0.2872943580150604
842,-0.23794740438461304
843,-0.3200027048587799
843,-0.28717836737632746
843,-0.3199989199638366
844,-0.32000273466110235
844,0.1557799130678177
844,0.18962204456329346
845,0.22153574228286743
845,0.15577985346317294
845,0.0
846,-0.0738489106297493
846,0.008206186816096308
846,-0.05743460357189179
847,-0.1230796203017235
847,-0.057434841990470886
847,-0.057431712746620185
848,-0.12307965010404587
848,-0.1067841649055481
848,-0.1723063737154007
849,-0.32000273466110235
849,-0.10666584968566895
849,-0.17140157520771027
850,-0.32000273466110235
850,-0.2708839774131775
850,-0.3199989199638366
851,-0.32000273466110235
851,0.17219193279743195
851,0.30359166860580444
852,0.23794531822204593
852,0.1721920520067215
852,-0.024613462388515472
853,-0.057439312338829034
853,0.008089510723948477
853,-0.09025449305772781
854,-0.15590082108974457
854,-0.07384449988603592
854,-0.07373414188623428
855,-0.10667005181312562
855,-0.008195249363780022
855,-0.1549937874078751
856,-0.28718289732933044
856,-0.1724230796098709
856,-0.15589572489261627
857,-0.28718289732933044
857,-0.1888334155082703
857,-0.2871777713298797
858,-0.3200034201145172
858,0.27065807580947876
858,0.32000228762626654
859,0.20512419939041138
859,0.15589965879917145
859,0.10756772756576538
860,0.024611376225948334
860,0.09014294296503067
860,0.00820742268115282
861,-0.05743993818759918
861,0.04091237857937813
861,0.04104204848408699
862,-0.057439908385276794
862,0.024617560207843784
862,-0.08935566246509549
863,-0.1559014469385147
863,-0.09036967903375626
863,-0.23704600334167478
864,-0.3200040161609649
864,-0.28729262948036194
864,-0.23794618248939514
865,-0.3200040161609649
865,0.2542414069175721
865,0.17230771481990814
866,0.1887166053056717
866,0.12307658046483994
866,-0.024615369737148285
867,-0.09025780111551283
867,-0.008195547387003899
867,-0.07294238358736038
868,-0.13948856294155124
868,-0.07395986467599869
868,-0.07384339720010756
869,-0.15589883923530581
869,-0.12307735532522203
869,-0.2042236924171448
870,-0.3200013637542725
870,-0.25435933470726013
870,-0.270769327878952
871,-0.3200014233589173
871,-0.30370816588401794
871,-0.3200017809867859
872,-0.3200014233589173
872,0.12295695394277571
872,0.2871799170970917
873,0.17230583727359775
873,0.12307714670896532
873,-0.024615041911602017
874,-0.09025833755731583
874,-0.00832253508269787
874,-0.04102529957890511
875,-0.15589934587478638
875,-0.057553377002477646
875,-0.05729205906391144
876,-0.1558993011713028
876,-0.07384587079286575
876,-0.2707685530185699
877,-0.2215403318405151
877,-0.12318991869688035
877,-0.2707685530185699
878,-0.2871813476085663
878,-0.20524829626083377
878,-0.28627496957778925
879,-0.32000187039375305
879,0.2543599605560303
879,0.17230872809886932
880,0.1887153685092926
880,0.0901406481862068
880,-0.008204100653529167
881,-0.07384873181581497
881,0.0
881,-0.02461426705121994
882,-0.1559000164270401
882,-0.008323353715240955
882,-0.008189020678400995
883,-0.20513075590133667
883,-0.0902554839849472
883,-0.25435799360275263
884,-0.32000258564949036
884,-0.2708846628665924
884,-0.2534564435482025
885,-0.32000255584716797
885,-0.270887404680252
885,-0.31909745931625366
886,-0.32000258564949036
886,0.13949750363826752
886,0.1896246373653412
887,0.20512539148330688
887,0.1394883841276169
887,-0.008203743025660515
888,-0.12307976931333542
888,-0.04114045575261115
888,-0.00730073219165206
889,-0.12307976931333542
889,-0.041143018752336495
889,-0.10665041208267212
890,-0.13949002325534818
890,-0.10678139328956604
890,-0.05743469297885895
891,-0.13948999345302582
891,-0.10678389668464659
891,-0.18781369924545288
892,-0.3035925626754761
892,-0.3035885393619537
892,-0.2707677483558655
893,-0.30359259247779846
893,0.1393701583147049
893,0.18871918320655826
894,0.2215355634689331
894,0.15578041970729825
894,0.008206604048609734
895,-0.07384905964136124
895,0.02450086921453476
895,0.0
896,-0.10666957497596741
896,-0.04101559519767761
896,-0.04102133587002754
897,-0.10666954517364502
897,-0.008319495245814325
897,-0.08935032039880754
898,-0.13949005305767057
898,-0.10678097605705261
898,-0.17140372097492218
899,-0.3200029134750366
899,-0.23806580901145932
899,-0.3035881221294403
900,-0.3200029134750366
900,0.12296216934919359
900,0.2880813181400299
901,0.22153565287590027
901,0.28706222772598267
901,0.0
902,-0.0738489106297493
902,0.024500645697116852
902,-0.05743475258350372
903,-0.10666948556900024
903,-0.041142810136079795
903,-0.040933310985565186
904,-0.10666951537132262
904,-0.041142929345369346
904,-0.05743475258350372
905,-0.10666951537132262
905,-0.04114030674099922
905,-0.17230631411075592
906,-0.32000276446342474
906,-0.28717830777168274
906,-0.30358836054801935
907,-0.32000279426574707
907,0.13936980068683624
907,0.17320965230464938
908,0.057433173060417175
908,0.12307807058095932
908,0.0
909,-0.07384892553091049
909,0.0246165320277214
909,-0.05653183162212372
910,-0.10666939616203308
910,-0.04102453589439392
910,-0.04102142527699471
911,-0.18872074782848358
911,-0.10678401589393616
911,-0.1723065823316574
912,-0.32000279426574707
912,-0.10677111893892288
912,-0.17140166461467743
913,-0.32000276446342474
913,-0.25435787439346313
913,-0.27076786756515503
914,-0.32000273466110235
914,0.1557834893465042
914,0.2051299512386322
915,0.12307380884885788
915,0.15578095614910123
915,-0.04012370109558105
916,-0.07384920865297318
916,-0.00820368342101574
916,-0.10576269030570982
917,-0.1723107844591141
917,-0.090370312333107
917,-0.09013839066028595
918,-0.1723107844591141
918,-0.0739601030945778
918,-0.15499360859394076
919,-0.3035928010940552
919,-0.22153702378273013
919,-0.31999835371971125
920,-0.30359283089637756
920,-0.22165486216545108
920,-0.31909829378128046
921,-0.32000309228897095
921,0.18860468268394473
921,0.27167087793350225
922,0.2051248848438263
922,0.05743750557303429
922,-0.024613492190837864
923,-0.09025976806879042
923,0.024499736726284024
923,-0.023711733520030975
924,-0.09025973826646805
924,0.024499766528606415
924,-0.07382973283529282
925,-0.15590079128742218
925,-0.07384449988603592
925,-0.13948552310466766
926,-0.22154182195663452
926,-0.1560104638338089
926,-0.20512655377388
927,-0.28718283772468567
927,-0.27076756954193115
927,-0.31999835371971125
928,-0.3035930991172791
928,0.20501476526260376
928,0.10666841268539429
929,0.1394839733839035
929,0.10656321048736572
929,-0.024613700807094574
930,-0.09025958925485612
930,-0.008321164175868033
930,-0.07384441047906876
931,-0.15590061247348785
931,-0.05755199491977692
931,-0.05741950497031212
932,-0.12308009713888167
932,-0.05755190551280976
932,-0.13858573138713837
933,-0.2215416133403778
933,-0.18883150815963745
933,-0.2707677483558655
934,-0.28718265891075134
934,-0.3201161026954651
934,-0.30268830060958857
935,-0.3200031816959381
935,0.1557854264974594
935,0.20603168010711673
936,0.13948339223861694
936,0.09025839716196062
936,0.00910639576613903
937,-0.0574396401643753
937,0.041027624160051346
937,-0.023716293275356293
938,-0.12308063358068466
938,-0.008319449611008167
938,-0.008127522654831411
939,-0.12308066338300706
939,-0.024729572236537937
939,-0.10666441917419434
940,-0.1887216866016388
940,-0.09037072211503984
940,-0.2379466891288757
941,-0.3200037479400635
941,-0.2708835005760193
941,-0.3035877048969269
942,-0.32000371813774114
942,0.15589894354343414
942,0.18871952593326569
943,0.22153523564338684
943,0.1557818502187729
943,0.00910614151507616
944,-0.07384938746690749
944,0.024502135813236237
944,-0.10576555132865906
945,-0.1887212097644806
945,-0.057549163699150085
945,-0.05731798708438874
946,-0.1887211799621582
946,-0.09037212282419205
946,-0.23704546689987183
947,-0.3200032413005829
947,-0.09036955982446672
947,-0.23704543709754944
948,-0.3200032413005829
948,-0.2380519211292267
948,-0.254357248544693
949,-0.3200032413005829
949,0.188604086637497
949,0.2543605864048004
950,0.22153547406196591
950,0.13937078416347504
950,0.00820664782077074
951,-0.07384911924600603
951,0.024616725742816925
951,-0.1714063137769699
952,-0.25436195731163025
952,-0.09037301689386368
952,-0.04093377664685249
953,-0.1066696345806122
953,-0.04114222526550293
953,-0.05743431672453881
954,-0.12307988852262498
954,-0.0574345551431179
954,-0.23794719576835632
955,-0.3200030028820038
955,-0.2544754147529602
955,-0.3035898804664612
956,-0.3200030028820038
956,0.1394883394241333
956,0.17320920526981357
957,0.22153562307357785
957,0.12296248227357863
957,0.0
958,-0.07384895533323288
958,0.024500899016857147
958,-0.007301387842744589
959,-0.10666949301958084
959,-0.041135866194963455
959,-0.07384205609560013
960,-0.12307975441217422
960,-0.07396326214075089
960,-0.12217514961957932
961,-0.18872077763080594
961,-0.09037358313798904
961,-0.2215387523174286
962,-0.1887207329273224
962,-0.3035885393619537
962,-0.3035885691642761
963,-0.32000282406806946
963,0.28706222772598267
963,0.1887193322181702
964,0.22153568267822263
964,0.1393725425004959
964,0.0
965,-0.02461817115545273
965,0.024500750005245205
965,-0.05743475258350372
966,-0.10666945576667786
966,-0.041140276938676834
966,-0.04102140665054321
967,-0.0738489106297493
967,0.024616502225399017
967,-0.1221730038523674
968,-0.1887207329273224
968,-0.10666555166244508
968,-0.17230655252933502
969,-0.32000279426574707
969,-0.30370432138443
969,-0.2370447814464569
970,-0.32000279426574707
970,0.28706204891204834
970,0.2543603479862213
971,0.22153577208518982
971,0.1393724083900452
971,0.0738472416996956
972,-0.008207855746150017
972,0.024500571191310886
972,0.0
973,-0.0738488808274269
973,0.024500571191310886
973,-0.057431712746620185
974,-0.12307965010404587
974,-0.1067841649055481
974,-0.1723063737154007
975,-0.23795145750045774
975,-0.13947676122188568
975,-0.2379476428031921
976,-0.32000273466110235
976,-0.2380635738372803
976,-0.3035883903503418
977,-0.32000273466110235
977,0.31987911462783813
977,0.20512813329696658
978,0.31999871134757996
978,0.15577881038188934
978,0.041925687342882156
979,-0.0738474652171135
979,0.024496756494045258
979,-0.05743585526943207
980,-0.1394884884357452
980,-0.041147101670503616
980,-0.008075503632426262
981,-0.13948847353458405
981,-0.008326707407832146
981,-0.18871822953224185
982,-0.2543603181838989
982,-0.20524965226650238
982,-0.1878168880939484
983,-0.25436028838157654
983,-0.23807042837142944
983,-0.3190988004207611
984,-0.3035910725593567
984,0.2706479728221894
984,0.15589739382266998
985,0.20512667298316956
985,0.10654541850090028
985,-0.00820511393249035
986,-0.09025795012712479
986,0.0
986,-0.07302621752023697
987,-0.12307842820882796
987,-0.057436034083366394
987,-0.05742062628269196
988,-0.1558989733457565
988,-0.12319795042276384
988,-0.20512983202934265
989,-0.3200015425682068
989,-0.12319808453321457
989,-0.20512819290161133
990,-0.3200015425682068
990,-0.2544801831245423
990,-0.28717952966690063
991,-0.3200015127658844
991,0.2543592751026154
991,0.32000043988227844
992,0.18871600925922394
992,0.18871822953224185
992,0.1394879072904587
993,0.07384417206048965
993,0.09013638645410539
993,-0.04012288525700569
994,-0.15589937567710876
994,-0.05743561685085297
994,-0.008201670832931995
995,-0.09025834500789641
995,0.0
995,-0.07384573668241501
996,-0.1558993607759476
996,-0.04102535918354988
996,-0.07384567707777023
997,-0.17230968177318576
997,-0.18883801996707916
997,-0.2707687616348266
998,-0.3200019896030426
998,0.32001113891601557
998,0.2880835831165314
999,0.3035881221294403
999,0.3034690022468567
999,0.22244262695312497
1000,0.3035881221294403
1000,0.22153833508491516
1000,0.23794913291931152
1001,0.2051265835762024
1001,0.1885998249053955
1001,0.18872109055519104
1002,0.28717780113220215
1002,0.32000002264976496
1002,0.28808376193046575
1003,0.2543573677539826
1003,0.28717944025993347
1003,0.2707696259021759
1004,0.1887162625789642
1004,0.22142031788825986
1004,0.1394872814416885
1005,0.05743422731757164
1005,0.3198767900466919
1005,0.32088205218315125
1006,0.28718283772468567
1006,0.3034694194793701
1006,0.2871740758419037
1007,0.2707725465297699
1007,0.31999245285987854
1007,0.20512294769287112
1008,0.2871827781200409
1008,0.2871720194816589
1008,0.28718760609626776
1009,0.30359300971031195
1009,0.3034693002700806
1009,0.3035845160484314
1010,0.3200031220912933
1010,0.30346980690956116
1010,0.3035845458507538
1011,0.3035929203033447
1011,0.303470253944397
1011,0.3199949264526367
1012,0.32000303268432617
1012,0.30359137058258057
1012,0.3200114369392395
1013,0.31998953223228455
1013,0.3198961615562439
1013,0.2707805931568145
1014,0.25434866547584534
1014,0.28707477450370783
1014,0.3200114071369171
1015,0.2707590162754059
1015,0.2543606758117676
1015,0.2543434798717499
1016,0.28716933727264404
1016,0.3198970258235931
1016,0.32001021504402155
1017,0.254349023103714
1017,0.3200016617774964
1017,0.30447283387184143
1018,0.3199900686740876
1018,0.30359145998954773
1018,0.2215486466884613
1019,0.13947723805904388
1019,0.31992313265800476
1019,0.28718808293342596
1020,0.2707516849040985
1020,0.3199237585067749
1020,0.30359828472137446
1021,0.30357226729393005
1021,0.30351424217224116
1021,0.22242325544357297
1022,0.1558799594640732
1022,0.18872496485710144
1022,0.20514243841171265
1023,0.17229016125202182
1023,0.2543658912181854
1023,0.18872681260108948
1024,0.15587989985942838
1024,0.2214643955230713
1024,0.12308569997549057
1025,0.05741842091083526
1025,0.024622313678264618
1025,-0.057427093386650085
1026,-0.20514573156833646
1026,0.2870795428752899
1026,0.2552510797977448
1027,0.30358302593231196
1027,0.22154214978218081
1027,0.123970203101635
1028,0.0
1028,0.04092528298497201
1028,0.024620138108730316
1029,-0.05744262039661407
1029,-0.024715863168239594
1029,0.04107870534062385
1030,-0.05744262039661407
1030,-0.00830569677054882
1030,-0.10666191577911376
1031,-0.2379554510116577
1031,-0.15589375793933866
1031,-0.26987069845199585
1032,-0.2379554510116577
1032,-0.2216392457485199
1032,-0.30358499288558954
1033,-0.32000669836997986
1033,0.18872034549713135
1033,0.2379516959190369
1034,0.10666218400001526
1034,0.17231009900569919
1034,0.057438865303993225
1035,-0.04103012755513191
1035,0.05732525885105133
1035,-0.07294704765081406
1036,-0.15590192377567294
1036,-0.04113422706723213
1036,-0.05732330307364463
1037,-0.057440385222435
1037,0.008207527920603752
1037,-0.13948442041873932
1038,-0.2707737088203431
1038,-0.12318796664476395
1038,-0.1385827511548996
1039,-0.2707737088203431
1039,-0.18882682919502258
1039,-0.31999728083610535
1040,-0.32000449299812317
1040,0.13949005305767057
1040,0.22154173254966733
1041,0.25435388088226313
1041,0.13949002325534818
1041,0.025517694652080536
1042,-0.04103078320622444
1042,0.05743871629238129
1042,0.024618647992610935
1043,-0.0902615860104561
1043,-0.008202282711863518
1043,-0.024609781801700596
1044,-0.09026152640581131
1044,-0.00820225290954113
1044,-0.09025315195322037
1045,-0.17231281101703644
1045,-0.07395289093255997
1045,-0.1549970954656601
1046,-0.28718462586402893
1046,-0.27087604999542236
1046,-0.2871762216091156
1047,-0.3200051486492157
1047,0.27077859640121466
1047,0.15590105950832367
1048,0.0902508869767189
1048,0.10666978359222412
1048,0.024619005620479584
1049,-0.057441428303718574
1049,0.09025952965021135
1049,-0.007303026970475912
1050,-0.10667219758033752
1050,-0.008306962437927723
1050,-0.008199421688914297
1051,-0.057441428303718574
1051,0.041028756648302085
1051,-0.09025277197360992
1052,-0.17231322824954984
1052,-0.07384303957223892
1052,-0.22153484821319577
1053,-0.3200055658817291
1053,-0.25446629524230957
1053,-0.28717583417892456
1054,-0.3200055658817291
1054,0.23795196413993835
1054,0.28808343410491943
1055,0.2051224261522293
1055,0.237842321395874
1055,0.12308075278997424
1056,0.008199376054108143
1056,0.09025967866182327
1056,0.024619393050670627
1057,-0.057441677898168564
1057,0.07374177128076553
1057,-0.02461078017950058
1058,-0.05744163691997528
1058,0.041028905659914024
1058,-0.10666283965110779
1059,-0.17231346666812897
1059,-0.13948394358158112
1059,-0.22063675522804263
1060,-0.17231343686580658
1060,-0.15589420497417453
1060,-0.3035859167575836
1061,-0.32000577449798584
1061,0.28706949949264526
1061,0.20603060722351074
1062,0.2215336561203003
1062,0.15578968822956088
1062,0.025517962872982025
1063,0.04102085903286934
1063,0.040915507823228836
1063,0.024618573486804962
1064,0.057431116700172424
1064,0.05743856728076935
1064,0.057452067732810974
1065,-0.05744071304798127
1065,0.040917742997407906
1065,-0.22063770890235898
1066,-0.30359455943107605
1066,-0.09025374799966812
1066,-0.22153547406196591
1067,-0.30359455943107605
1067,-0.23805907368659973
1067,-0.28717631101608276
1068,-0.320004791021347
1068,0.28706601262092585
1068,0.2543613910675049
1069,0.22153455018997192
1069,0.22143158316612244
1069,0.07384840399026871
1070,0.04102172330021858
1070,0.10655313730239867
1070,-0.008202759549021723
1071,-0.12308081239461899
1071,-0.04102369025349617
1071,0.02462022751569748
1072,-0.12308084219694136
1072,-0.041136801242828376
1072,-0.1887155771255493
1073,-0.15590135753154755
1073,-0.09036345034837723
1073,-0.18871562182903287
1074,-0.32000389695167536
1074,-0.2871775329113006
1074,-0.30358740687370295
1075,-0.3200039267539978
1075,0.28706476092338556
1075,0.2871815860271454
1076,0.22153487801551822
1076,0.28718122839927673
1076,0.07475265115499496
1077,-0.008208749815821648
1077,0.12307857722043991
1077,0.07384846359491348
1078,-0.00820872001349926
1078,0.12307868152856827
1078,0.02463173121213913
1079,-0.12308054417371748
1079,-0.090368814766407
1079,-0.23704412579536438
1080,-0.3200036287307739
1080,-0.09036882221698761
1080,-0.23794683814048767
1081,-0.3200035989284515
1081,-0.27076756954193115
1081,-0.3035876154899597
1082,-0.3200036287307739
1082,0.22142544388771057
1082,0.3200017213821411
1083,0.2871760725975037
1083,0.28718104958534235
1083,0.17230938374996183
1084,-0.008208541199564936
1084,0.12296115607023239
1084,0.0
1085,-0.07384956628084183
1085,0.0573331080377102
1085,0.05762170255184174
1086,-0.1066701114177704
1086,-0.04112835600972175
1086,-0.23794662952423098
1087,-0.32000344991683966
1087,-0.07396190613508224
1087,-0.23704582452774048
1088,-0.32000344991683966
1088,-0.27088242769241333
1088,-0.31999829411506653
1089,-0.32000344991683966
1089,0.15589883923530581
1089,0.2871816158294678
1090,0.23794522881507874
1090,0.30348122119903564
1090,0.00911661796271801
1091,-0.057439401745796204
1091,0.024499751627445217
1091,-0.040122676640748985
1092,-0.10667017102241516
1092,-0.02473115175962448
1092,-0.024599038064479828
1093,-0.1887214481830597
1093,-0.09035906940698624
1093,-0.1723055988550186
1094,-0.3035932183265686
1094,-0.0903720036149025
1094,-0.23704576492309568
1095,-0.3035932183265686
1095,-0.28717786073684687
1095,-0.31999823451042175
1096,-0.30359324812889105
1096,0.27066376805305475
1096,0.32090866565704346
1097,0.2543542683124542
1097,0.27065756916999817
1097,0.0738476887345314
1098,0.02461067587137222
1098,0.09014726430177689
1098,-0.02461232990026474
1099,-0.12308163195848465
1099,0.024503968656063083
1099,0.024631552398204803
1100,-0.07385081797838212
1100,0.024617962539196018
1100,-0.024612538516521454
1101,-0.12308160215616226
1101,-0.008314071223139765
1101,-0.07384330779314041
1102,-0.18872268497943878
1102,-0.30370104312896734
1102,-0.23704519867897034
1103,-0.3200047016143799
1103,0.2870691120624542
1103,0.25436183810234075
1104,0.25435477495193476
1104,0.28706908226013184
1104,0.07384876161813735
1105,0.0
1105,0.10655362159013748
1105,0.0738487020134926
1106,0.0
1106,0.10666888952255249
1106,-0.04094507172703744
1107,-0.18872213363647464
1107,-0.09036941826343536
1107,-0.23794612288475037
1108,-0.3200041949748993
1108,-0.09036929905414581
1108,-0.18871554732322693
1109,-0.3200041651725769
1109,-0.28717726469039917
1109,-0.30358716845512396
1110,-0.3200041651725769
1110,0.27077093720436096
1110,0.18872025609016413
1111,0.22153484821319577
1111,0.13937489688396454
1111,0.058342322707176215
1112,0.04102202132344245
1112,0.10655170679092407
1112,0.0
1113,-0.07384977489709854
1113,0.024502940475940704
1113,0.024619989097118374
1114,-0.07384974509477614
1114,0.02450301498174667
1114,-0.23794683814048767
1115,-0.3200036287307739
1115,-0.17242275178432465
1115,-0.23794662952423098
1116,-0.3200036287307739
1116,-0.3037048280239105
1116,-0.26986241340637207
1117,-0.32000365853309626
1117,0.2707691490650177
1117,0.17230801284313202
1118,0.20512655377388
1118,0.12307687848806383
1118,0.0574360154569149
1119,-0.04102729633450508
1119,0.057435736060142524
1119,-0.007301864679902793
1120,-0.09025806933641434
1120,-0.008318958804011345
1120,-0.008203713223338127
1121,-0.09025806933641434
1121,-0.008205173537135124
1121,-0.0729442909359932
1122,-0.1558990627527237
1122,-0.057557269930839546
1122,-0.12307637184858322
1123,-0.18871960043907166
1123,-0.18883952498435974
1123,-0.31999978423118586
1124,-0.3200016617774964
1124,0.30358898639678955
1124,0.32090163230895996
1125,0.3035886585712433
1125,0.30346664786338806
1125,0.23794871568679812
1126,0.3035886287689209
1126,0.28705883026123047
1126,0.2707688510417938
1127,0.2707681059837342
1127,0.28705894947052
1127,0.18872025609016413
1128,0.3199988901615143
1128,0.3034689724445343
1128,0.32000002264976496
1129,0.28717836737632746
1129,0.3034662008285523
1129,0.31999969482421875
1130,0.28717836737632746
1130,0.3034688830375672
1130,0.23794832825660708
1131,0.155896320939064
1131,0.3034664690494537
1131,0.3035820722579956
1132,0.3200083971023559
1132,0.3035825192928314
1132,0.3199929893016815
1133,0.32000818848609924
1133,0.31999289989471436
1133,0.27076196670532227
1134,0.2871876657009125
1134,0.28706464171409607
1134,0.3200069963932037
1135,0.3035978972911835
1135,0.2870664894580841
1135,0.3208773732185364
1136,0.30359768867492676
1136,0.31999304890632624
1136,0.32088363170623774
1137,0.32000780105590815
1137,0.3198913335800171
1137,0.30447572469711304
1138,0.32000744342803955
1138,0.3199234902858734
1138,0.3044807016849518
1139,0.31997090578079224
1139,0.319923460483551
1139,0.3036022484302521
1140,0.2871502637863159
1140,0.27069327235221863
1140,0.3208844363689423
1141,0.27073997259140015
1141,0.27069327235221863
1141,0.3036141395568848
1142,0.20509891211986542
1142,0.2870982587337494
1142,0.2871919274330139
1143,0.18868869543075562
1143,0.28709754347801203
1143,0.22155100107192996
1144,0.1394578069448471
1144,0.17231841385364532
1144,0.07385874539613724
1145,-0.008234439417719843
1145,0.3199130594730377
1145,0.2543657422065735
1146,0.30357968807220465
1146,0.20504069328308103
1146,0.12308358401060104
1147,0.13947714865207672
1147,0.17221985757350922
1147,0.07385284453630447
1148,-0.024625442922115326
1148,0.10667178034782408
1148,0.10667449235916136
1149,-0.1723177582025528
1149,-0.23803722858428955
1149,-0.31999340653419495
1150,-0.32001006603240967
1150,-0.32008880376815796
1150,-0.31999334692955017
