0,1.61332926059478,0.700569766137274,0.003794487352142
0,1.61257036494547,0.900568326325575,0.003794487352142
1,1.71024421224721,0.498978570670422,-0.01614798165498
1,1.71347366822322,0.698952495505884,-0.01614798165498
1,1.71670312419924,0.898926420341346,-0.01614798165498
2,1.8265877320781,0.494924609687875,-0.034540092672719
2,1.8334943771295,0.694805319747986,-0.034540092672719
2,1.8404010221809,0.894686029808096,-0.034540092672719
3,1.92260948738035,0.489629296162969,-0.054669874415014
3,1.93353801650868,0.689330491079503,-0.054669874415014
3,1.94446654563701,0.889031685996036,-0.054669874415014
4,2.0169405806519,0.481843422840189,-0.081585703097815
4,2.03323962552979,0.681178169274594,-0.081585703097815
4,2.04953867040768,0.880512915708999,-0.081585703097815
5,2.13385292478854,0.470775091822675,-0.094254058410455
5,2.15267583763931,0.669887366561859,-0.094254058410455
5,2.17149875049008,0.868999641301043,-0.094254058410455
6,2.25302350188698,0.459418119370128,-0.095012710348899
6,2.27199746621967,0.658516056771553,-0.095012710348899
6,2.29097143055236,0.857613994172978,-0.095012710348899
7,2.37763797942719,0.450878187206868,-0.067832416062229
7,2.39119406126621,0.650418239941084,-0.067832416062229
7,2.40475014310523,0.8499582926753,-0.067832416062229
8,2.50768435958892,0.448615966690699,-0.015270071671994
8,2.51073825523803,0.648592649634897,-0.015270071671994
8,2.51379215088713,0.848569332579096,-0.015270071671994
9,2.63394894935974,0.450619870197745,0.016677506703753
9,2.63061360263913,0.650592056919432,0.016677506703753
9,2.62727825591853,0.850564243641119,0.016677506703753
10,2.73400704107654,0.45232006072665,0.016990497134176
10,2.73060910513953,0.65229119372181,0.016990497134176
10,2.72721116920252,0.85226232671697,0.016990497134176
11,2.85328166006862,0.453925468707954,0.013469343237511
11,2.85058787287543,0.653907326661514,0.013469343237511
11,2.84789408568223,0.853889184615074,0.013469343237511
12,2.95263077725841,0.454936172953856,0.010183772635334
12,2.9505940579362,0.654925802120977,0.010183772635334
12,2.94855733861399,0.854915431288098,0.010183772635334
13,3.07216263003417,0.455858790195322,0.007723499424102
13,3.07061794550682,0.65585282498064,0.007723499424102
13,3.06907326097948,0.855846859765958,0.007723499424102
14,3.19225049261618,0.456793781919672,0.007785742865439
14,3.19069335977486,0.656787720171096,0.007785742865439
14,3.18913622693354,0.85678165842252,0.007785742865439
15,3.31175197447146,0.457432215448784,0.005347398115626
15,3.31068249994523,0.657429355988938,0.005347398115626
15,3.309613025419,0.857426496529091,0.005347398115626
16,3.43178539821624,0.458171500081623,0.006159461303304
16,3.43055351374502,0.658167706197263,0.006159461303304
16,3.42932162927379,0.858163912312902,0.006159461303304
17,3.53163311720091,0.458694574264978,0.005239519058084
17,3.5305852181839,0.658691829015263,0.005239519058084
17,3.52953731916688,0.858689083765547,0.005239519058084
18,3.63128623559432,0.459042335053851,0.003492760661783
18,3.63058768488228,0.659041115117387,0.003492760661783
18,3.62988913417024,0.859039895180923,0.003492760661783
19,3.75129463461585,0.459527066768515,0.004039375252585
19,3.75048676176229,0.659525435115491,0.004039375252585
19,3.74967888890873,0.859523803462466,0.004039375252585
20,3.85126916113478,0.459909500240247,0.00382533632232
20,3.85050409573622,0.659908036922234,0.00382533632232
20,3.84973903033765,0.85990657360422,0.00382533632232
21,3.950579932267,0.459943828557089,0.000357773012171
21,3.95050837766609,0.659943815756937,0.000357773012171
21,3.95043682306518,0.859943802956784,0.000357773012171
22,4.07051137416388,0.459991550159259,0.000397908671684
22,4.07043179243164,0.659991534326128,0.000397908671684
22,4.0703522106994,0.859991518492997,0.000397908671684
23,4.19052239067739,0.460062410332478,0.000590478068932
23,4.19040429507047,0.660062375466045,0.000590478068932
23,4.19028619946354,0.860062340599611,0.000590478068932
24,4.31058822056662,0.460160828137122,0.00081974229386
24,4.31042427212621,0.660160760939383,0.00081974229386
24,4.3102603236858,0.860160693741644,0.00081974229386
25,4.4307014939617,0.460290402546341,0.001078823910273
25,4.4304857292215,0.660290286160249,0.001078823910273
25,4.4302699644813,0.860290169774158,0.001078823910273
26,4.55077481452366,0.460447965912418,0.001312270907868
26,4.55051236041742,0.660447793706949,0.001312270907868
26,4.55024990631117,0.86044762150148,0.001312270907868
27,4.65066669486418,0.460524353127735,0.000764998625036
27,4.6505136951541,0.660524294605448,0.000764998625036
27,4.65036069544402,0.860524236083161,0.000764998625036
28,4.7700224428844,0.460281510680394,-0.002028071494804
28,4.7704280569053,0.660281099373136,-0.002028071494804
28,4.77083367092621,0.860280688065878,-0.002028071494804
29,4.88982493046166,0.45997964768284,-0.002519465314377
29,4.89032882299144,0.659979012912629,-0.002519465314377
29,4.89083271552122,0.859978378142418,-0.002519465314377
30,5.00967576599462,0.459622733312954,-0.002977804083446
30,5.01027132593113,0.659621846581894,-0.002977804083446
30,5.01086688586765,0.859620959850833,-0.002977804083446
31,5.12957108232047,0.459208893647577,-0.003451474155677
31,5.13026137578106,0.659207702381375,-0.003451474155677
31,5.13095166924166,0.859206511115173,-0.003451474155677
32,5.24950537130448,0.458734819808691,-0.003952549903622
32,5.2502958792269,0.658733257545651,-0.003952549903622
32,5.25108638714931,0.858731695282611,-0.003952549903622
33,5.36945049156144,0.458195291886138,-0.004497844916923
33,5.37035005751169,0.658193268828659,-0.004497844916923
33,5.37124962346194,0.85819124577118,-0.004497844916923
34,5.48928944226188,0.457594222815352,-0.005015374748194
34,5.4902925130063,0.657591707422238,-0.005015374748194
34,5.49129558375073,0.857589192029124,-0.005015374748194
35,5.58919327064385,0.457040898458335,-0.005538239823556
35,5.59030091294625,0.65703783125614,-0.005538239823556
35,5.59140855524866,0.857034764053946,-0.005538239823556
36,5.70896837035057,0.456321009604058,-0.006010079931974
36,5.71017037910063,0.656317397508852,-0.006010079931974
36,5.71137238785069,0.856313785413646,-0.006010079931974
37,5.82875607949,0.455529480737982,-0.006607369631587
37,5.830077543801,0.65552511502052,-0.006607369631587
37,5.831399008112,0.855520749303058,-0.006607369631587
38,5.94859589839507,0.454669147023125,-0.007178634860454
38,5.95003161303602,0.65466399376541,-0.007178634860454
38,5.95146732767697,0.854658840507694,-0.007178634860454
39,6.06858028939311,0.453808964869031,-0.007168994244924
39,6.07001407596057,0.653803825443194,-0.007168994244924
39,6.07144786252803,0.853798686017357,-0.007168994244924
40,6.16850231090792,0.453051890961325,-0.00757633620398
40,6.17001756365248,0.653046150901755,-0.00757633620398
40,6.17153281639704,0.853040410842184,-0.00757633620398
41,6.28740280456368,0.451491671681636,-0.013095687299639
41,6.29002186716187,0.651474522224143,-0.013095687299639
41,6.29264092976006,0.85145737276665,-0.013095687299639
42,6.40887722419227,0.450803616627329,-0.005618107866173
42,6.41000083985468,0.650800460322031,-0.005618107866173
42,6.41112445551708,0.850797304016734,-0.005618107866173
43,6.51011697085187,0.450826648626052,0.000261647639704
43,6.51006464132452,0.650826641780103,0.000261647639704
43,6.51001231179718,0.850826634934154,0.000261647639704
44,6.60656352905992,0.449079328455683,-0.017777654758326
44,6.61011887272991,0.649047724787174,-0.017777654758326
44,6.6136742163999,0.849016121118665,-0.017777654758326
45,6.70349565246972,0.445867440094667,-0.032887906550329
45,6.71007204810947,0.64575928840367,-0.032887906550329
45,6.71664844374922,0.845651136712673,-0.032887906550329
46,6.82382118784681,0.442222024678819,-0.030281366235774
46,6.82987653557519,0.642130335571309,-0.030281366235774
46,6.83593188330358,0.842038646463799,-0.030281366235774
47,6.94858281431379,0.441511547968303,-0.005190023753433
47,6.94962081440448,0.641508854339693,-0.005190023753433
47,6.95065881449516,0.841506160711083,-0.005190023753433
48,7.07195539696464,0.443063671068591,0.012843690358529
48,7.06938672951569,0.643047175257153,0.012843690358529
48,7.06681806206674,0.843030679445715,0.012843690358529
49,7.19390527521534,0.445868719895703,0.023083556551419
49,7.18928897389702,0.645815437203436,0.023083556551419
49,7.1846726725787,0.845762154511169,0.023083556551419
50,7.3140187232318,0.448730070746657,0.02381801327156
50,7.30925557096156,0.648673343652875,0.02381801327156
50,7.30449241869132,0.848616616559094,0.02381801327156
51,7.41329024956624,0.450695482825919,0.01981192365944
51,7.4093281240434,0.650656232877876,0.01981192365944
51,7.40536599852056,0.850616982929834,0.01981192365944
52,7.50890609490081,0.450379917433895,-0.002767168418326
52,7.50945952787819,0.650379151712278,-0.002767168418326
52,7.51001296085556,0.850378385990661,-0.002767168418326
53,7.62804553165731,0.449559842429328,-0.006869090047589
53,7.62941933886306,0.649555124008073,-0.006869090047589
53,7.63079314606881,0.849550405586818,-0.006869090047589
54,7.74951454288133,0.449571007036413,0.000132268210583
54,7.74948808923929,0.649571005286925,0.000132268210583
54,7.74946163559725,0.849571003537437,0.000132268210583
55,7.86906608292623,0.449330172435813,-0.002010639682383
55,7.86946821059176,0.649329768168755,-0.002010639682383
55,7.8698703382573,0.849329363901698,-0.002010639682383
56,7.99091439300603,0.450326874022778,0.008266348209245
56,7.98926114219279,0.650320040810418,0.008266348209245
56,7.98760789137956,0.850313207598057,0.008266348209245
57,8.11151029043551,0.451744906345876,0.011768171183096
57,8.10915671052426,0.651731057520404,0.011768171183096
57,8.106803130613,0.851717208694932,0.011768171183096
58,8.21114984950057,0.452732451056219,0.009914295627773
58,8.20916702285847,0.652722621810952,0.009914295627773
58,8.20718419621637,0.852712792565686,0.009914295627773
59,8.33096516290646,0.453847326404592,0.009304990038433
59,8.32910419175374,0.653838668183101,0.009304990038433
59,8.32724322060102,0.853830009961611,0.009304990038433
60,8.45110807487071,0.455060698560017,0.0100995890627
60,8.44908819139717,0.655050498476796,0.0100995890627
60,8.44706830792363,0.855040298393575,0.0100995890627
61,8.57127691806593,0.456347594061797,0.010708960881877
61,8.56913516682676,0.656336125987079,0.010708960881877
61,8.5669934155876,0.856324657912361,0.010708960881877
62,8.69045838375842,0.457082703719117,0.006185079524743
62,8.68922137574051,0.65707887821044,0.006185079524743
62,8.6879843677226,0.857075052701763,0.006185079524743
63,8.81022623731015,0.457720326607711,0.005324391504473
63,8.80916136404065,0.657717491699919,0.005324391504473
63,8.80809649077114,0.857714656792126,0.005324391504473
64,8.90997425970186,0.458119421143802,0.004002756820052
64,8.90917371047559,0.658117818939725,0.004002756820052
64,8.90837316124933,0.858116216735649,0.004002756820052
65,9.01006744911224,0.458562622154972,0.00442803554715
65,9.00918184489689,0.658560661408295,0.00442803554715
65,9.00829624068155,0.858558700661618,0.00442803554715
66,9.11011609973167,0.459030386962193,0.004675400567017
66,9.10918102302497,0.659028201029129,0.004675400567017
66,9.10824594631828,0.859026015096064,0.004675400567017
67,9.2295778763061,0.459325044201457,0.002470604081578
67,9.22908375599246,0.659324433813314,0.002470604081578
67,9.22858963567882,0.859323823425172,0.002470604081578
68,9.3495584813285,0.459680334710747,0.002961424983116
68,9.3489661971976,0.659679457707594,0.002961424983116
68,9.34837391306671,0.859678580704442,0.002961424983116
69,9.44965814657234,0.460018167956014,0.003375126945734
69,9.44898312246478,0.660017028808906,0.003375126945734
69,9.44830809835722,0.860015889661797,0.003375126945734
70,9.56934044248513,0.460268985254813,0.002097054341017
70,9.56892103192433,0.660268545491284,0.002097054341017
70,9.56850162136353,0.860268105727754,0.002097054341017
71,9.68941163207524,0.460572450625134,0.002527527676591
71,9.68890612707815,0.660571811785859,0.002527527676591
71,9.68840062208106,0.860571172946583,0.002527527676591
72,9.80953821459392,0.4609323546949,0.002996214093151
72,9.80893897267188,0.660931456965682,0.002996214093151
72,9.80833973074985,0.860930559236465,0.002996214093151
73,9.92920893580412,0.461039374832562,0.000897967119642
73,9.92902934240433,0.661039294198072,0.000897967119642
73,9.92884974900453,0.861039213563583,0.000897967119642
74,10.0483827631697,0.460669211118101,-0.003092709131701
74,10.04900130401,0.660668254633886,-0.003092709131701
74,10.0496198448503,0.860667298149671,-0.003092709131701
75,10.1482599975977,0.46029408164621,-0.003755448256937
75,10.1490110854836,0.660292671308707,-0.003755448256937
75,10.1497621733695,0.860291260971203,-0.003755448256937
76,10.2461880623916,0.45883544646747,-0.014769992393321
76,10.2491419534676,0.658813631596525,-0.014769992393321
76,10.2520958445437,0.858791816725581,-0.014769992393321
77,10.3642606633665,0.456081412530086,-0.023259665494366
77,10.3689121770181,0.656027313765268,-0.023259665494366
77,10.3735636906697,0.855973215000449,-0.023259665494366
78,10.4868134735396,0.454875863842425,-0.009686333948755
78,10.4887507100355,0.654866481409248,-0.009686333948755
78,10.4906879465314,0.854857098976071,-0.009686333948755
79,10.6055037470839,0.45299188789873,-0.015839812694652
79,10.6086715771511,0.652966798456694,-0.015839812694652
79,10.6118394072182,0.852941709014658,-0.015839812694652
80,10.7256052320489,0.451223230371361,-0.014724258056666
80,10.7285499772522,0.651201550385525,-0.014724258056666
80,10.7314947224555,0.851179870399689,-0.014724258056666
81,10.848749515937,0.45135155182161,0.001249234551265
81,10.8484996690917,0.651351395762933,0.001249234551265
81,10.8482498222464,0.851351239704257,0.001249234551265
82,10.9698908920275,0.452157774706906,0.006679465571548
82,10.9685550088467,0.652153313197462,0.006679465571548
82,10.9672191256659,0.852148851688017,0.006679465571548
83,11.0885996606548,0.452209340366458,0.000466900971707
83,11.0885062804638,0.652209318566807,0.000466900971707
83,11.0884129002729,0.852209296767155,0.000466900971707
84,11.1880715926086,0.451987106275932,-0.002226840220288
84,11.1885169602846,0.6519866103944,-0.002226840220288
84,11.1889623279606,0.851986114512868,-0.002226840220288
85,11.287997855797,0.451727442562493,-0.002598409210898
85,11.2885175370544,0.65172676738983,-0.002598409210898
85,11.2890372183117,0.851726092217167,-0.002598409210898
86,11.4079211851936,0.451459961522864,-0.002230317055642
86,11.408367248235,0.651459464091653,-0.002230317055642
86,11.4088133112763,0.851458966660442,-0.002230317055642
87,11.5285377333257,0.451619927716131,0.001336786054383
87,11.5282703761945,0.651619749016462,0.001336786054383
87,11.5280030190632,0.851619570316793,0.001336786054383
88,11.6485711207665,0.451826332403348,0.001719681073889
88,11.6482271847212,0.651826036673122,0.001719681073889
88,11.647883248676,0.851825740942895,0.001719681073889
89,11.7686485890204,0.452077437117034,0.002091301236024
89,11.7682303290781,0.652076999763108,0.002091301236024
89,11.7678120691358,0.852076562409181,0.002091301236024
90,11.8887801757749,0.452377791927879,0.002500349201128
90,11.8882801064558,0.652377166753592,0.002500349201128
90,11.8877800371366,0.852376541579305,0.002500349201128
91,12.0089075603301,0.452726119460149,0.002899776028863
91,12.0083276059371,0.652725278590637,0.002899776028863
91,12.0077476515441,0.852724437721124,0.002899776028863
92,12.128769236931,0.453021056351599,0.002460799602758
92,12.1282770775071,0.653020450798436,0.002460799602758
92,12.1277849180833,0.853019845245273,0.002460799602758
93,12.2274659850851,0.452604197039929,-0.004178944853635
93,12.2283017716232,0.652602450684461,-0.004178944853635
93,12.2291375581612,0.852600704328994,-0.004178944853635
94,12.3469025972584,0.451857983596218,-0.006244125918731
94,12.3481514143271,0.651854084698037,-0.006244125918731
94,12.3494002313957,0.851850185799856,-0.006244125918731
95,12.4675611409311,0.45155112695582,-0.002531754531839
95,12.4680674912966,0.651550485978061,-0.002531754531839
95,12.468573841662,0.851549845000303,-0.002531754531839
96,12.5876009022894,0.45130740911698,-0.002030096821327
96,12.5880069213748,0.651306996987811,-0.002030096821327
96,12.5884129404602,0.851306584858643,-0.002030096821327
97,12.708384224092,0.451520989677777,0.00178031415371
97,12.7080281614494,0.651520672726012,0.00178031415371
97,12.7076720988067,0.851520355774247,0.00178031415371
98,12.8285310543534,0.451786267043868,0.002208091830375
98,12.8280894363462,0.651785779477113,0.002208091830375
98,12.827647818339,0.851785291910358,0.002208091830375
99,12.9486112809811,0.45209600193515,0.002579508784021
99,12.9480953797964,0.652095336548962,0.002579508784021
99,12.9475794786117,0.852094671162774,0.002579508784021
100,13.068617785983,0.452481884889736,0.003215843312736
100,13.067974618429,0.652480850725806,0.003215843312736
100,13.0673314508751,0.852479816561876,0.003215843312736
101,13.1886253278631,0.452926864369871,0.003708114229961
101,13.1878837067166,0.652925489360333,0.003708114229961
101,13.1871420855702,0.852924114350794,0.003708114229961
102,13.3086959651199,0.453439375568595,0.004268649835256
102,13.3078422377455,0.65343755343422,0.004268649835256
102,13.3069885103711,0.853435731299845,0.004268649835256
103,13.4288183580184,0.45402233556764,0.004853296618402
103,13.4278477025053,0.654019980123457,0.004853296618402
103,13.4268770469922,0.854017624679274,0.004853296618402
104,13.5489905075772,0.454677947235998,0.005455852068797
104,13.5478993425768,0.654674970611202,0.005455852068797
104,13.5468081775763,0.854671993986406,0.005455852068797
105,13.6691482193249,0.455402962395718,0.006034067921657
105,13.6679414130639,0.655399321409197,0.006034067921657
105,13.6667346068029,0.855395680422676,0.006034067921657
106,13.7892136413849,0.456225623955932,0.0068522278076
106,13.7878432065478,0.656220928671711,0.0068522278076
106,13.7864727717107,0.85621623338749,0.0068522278076
107,13.889254016887,0.456930873859409,0.00704957485113
107,13.8878441135947,0.656925904229432,0.00704957485113
107,13.8864342103024,0.856920934599455,0.00704957485113
108,13.9891795214864,0.457596856853202,0.006664844348572
108,13.9878465624851,0.657592414854626,0.006664844348572
108,13.9865136034839,0.85758797285605,0.006664844348572
109,14.0892937953705,0.458320164499032,0.007225008089305
109,14.0878488063243,0.65831494444755,0.007225008089305
109,14.0864038172781,0.858309724396069,0.007225008089305
110,14.1889700369459,0.458872041698089,0.005539491091341
110,14.1878621443938,0.65886897310978,0.005539491091341
110,14.1867542518416,0.858865904521472,0.005539491091341
111,14.3082865212266,0.459192121849891,0.002689416095396
111,14.3077486386559,0.659191398554433,0.002689416095396
111,14.3072107560852,0.859190675258976,0.002689416095396
112,14.4282639390821,0.459563763429914,0.00309772513506
112,14.427644395046,0.65956280384058,0.00309772513506
112,14.4270248510098,0.859561844251246,0.00309772513506
113,14.5267067302486,0.459061451500292,-0.005035340938215
113,14.5277137941806,0.659058916039813,-0.005035340938215
113,14.5287208581126,0.859056380579334,-0.005035340938215
114,14.6458916501583,0.458020261417957,-0.008724281752849
114,14.6476364843745,0.658012650157023,-0.008724281752849
114,14.6493813185908,0.858005038896089,-0.008724281752849
115,14.7657588836965,0.456911620000716,-0.009248418466421
115,14.7676085410217,0.656903066737269,-0.009248418466421
115,14.7694581983468,0.856894513473822,-0.009248418466421
116,14.8856693005234,0.455738975274643,-0.009778793608293
116,14.8876250280754,0.6557294128704,-0.009778793608293
116,14.8895807556273,0.855719850466157,-0.009778793608293
117,15.0062535696363,0.454912483148383,-0.006846826439258
117,15.0076229242251,0.654907795263467,-0.006846826439258
117,15.0089922788139,0.854903107378552,-0.006846826439258
118,15.1282613756748,0.455333617579633,0.003540113236324
118,15.1275533545064,0.655332364340769,0.003540113236324
118,15.126845333338,0.855331111101905,0.003540113236324
119,15.2285214949644,0.455818361629182,0.004836502654208
119,15.2275541982047,0.655816022457949,0.004836502654208
119,15.226586901445,0.855813683286717,0.004836502654208
120,15.3485385120238,0.456481411797322,0.005524973351226
120,15.3474335229753,0.656478359272034,0.005524973351226
120,15.3463285339268,0.856475306746745,0.005524973351226
121,15.4685644217156,0.457216906306021,0.006128024117606
121,15.4673388245628,0.657213151049814,0.006128024117606
121,15.4661132274101,0.857209395793607,0.006128024117606
122,15.5683245457029,0.45770429353529,0.00488709637009
122,15.5673471303196,0.65770190516895,0.00488709637009
122,15.5663697149363,0.857699516802611,0.00488709637009
123,15.6882040627493,0.458252469668825,0.004572776116835
123,15.6872895107132,0.658250378644328,0.004572776116835
123,15.6863749586771,0.85824828761983,0.004572776116835
124,15.8083097200771,0.458871681626655,0.005155797624125
124,15.8072785651207,0.658869023407629,0.005155797624125
124,15.8062474101643,0.858866365188603,0.005155797624125
125,15.9282859293653,0.459438303581837,0.004722907024981
125,15.9273413514719,0.659436073000906,0.004722907024981
125,15.9263967735785,0.859433842419976,0.004722907024981
126,16.0476749952608,0.459601187040608,0.001373702620107
126,16.0474002548232,0.659600998334749,0.001373702620107
126,16.0471255143856,0.859600809628889,0.001373702620107
127,16.1676664355605,0.459799307100444,0.001651180940204
127,16.1673361995225,0.659799034460657,0.001651180940204
127,16.1670059634845,0.859798761820869,0.001651180940204
128,16.2677302892145,0.459995058300048,0.001956353425853
128,16.2673390187789,0.659994675568298,0.001956353425853
128,16.2669477483433,0.859994292836547,0.001956353425853
129,16.3876808891384,0.460270324334768,0.00229491986187
129,16.3872219055689,0.660269797669281,0.00229491986187
129,16.3867629219994,0.860269271003796,0.00229491986187
130,16.5076681851536,0.460590425983481,0.002667905784575
130,16.5071346046296,0.660589714211776,0.002667905784575
130,16.5066010241057,0.86058900244007,0.002667905784575
131,16.6075683397871,0.460799039183127,0.002088549936962
131,16.6071506301034,0.660798602979201,0.002088549936962
131,16.6067329204197,0.860798166775276,0.002088549936962
132,16.7064829420937,0.460461446945867,-0.00338269068646
132,16.7071594789408,0.66046030268733,-0.00338269068646
132,16.7078360157878,0.860459158428793,-0.00338269068646
133,16.8261715131169,0.459905716070183,-0.004641782818477
133,16.8270998663468,0.659903561459279,-0.004641782818477
133,16.8280282195767,0.859901406848374,-0.004641782818477
134,16.9460561857772,0.4592885883345,-0.005147419637143
134,16.9470856651585,0.659285938747458,-0.005147419637143
134,16.9481151445397,0.859283289160417,-0.005147419637143
135,17.0659815717378,0.458607893067379,-0.005675696139726
135,17.0671167048712,0.65860467172336,-0.005675696139726
135,17.0682518380047,0.85860145037934,-0.005675696139726
136,17.1859186488939,0.45786086280013,-0.006228183155551
136,17.1871642774719,0.657856983786127,-0.006228183155551
136,17.1884099060499,0.857853104772124,-0.006228183155551
137,17.3057554761046,0.457056732323734,-0.006709917310091
137,17.3070974494966,0.657052230041595,-0.006709917310091
137,17.3084394228886,0.857047727759456,-0.006709917310091
138,17.4056559372713,0.456334402377517,-0.007230099762131
138,17.4071019446254,0.656329174966032,-0.007230099762131
138,17.4085479519796,0.856323947554546,-0.007230099762131
139,17.5254320585742,0.455415899625795,-0.007668185833279
139,17.526965680711,0.655410019547211,-0.007668185833279
139,17.5284993028477,0.855404139468627,-0.007668185833279
140,17.6452286279933,0.454431429384581,-0.008217413248151
140,17.6468720921467,0.654424676834529,-0.008217413248151
140,17.6485155563002,0.854417924284478,-0.008217413248151
141,17.7659470910412,0.453930083190567,-0.004139219046908
141,17.7667749324866,0.653928369879582,-0.004139219046908
141,17.7676027739321,0.853926656568596,-0.004139219046908
142,17.8668270531818,0.453952584147046,0.000242075099044
142,17.8667786381625,0.653952578287011,0.000242075099044
142,17.8667302231431,0.853952572426975,0.000242075099044
143,17.9643441745634,0.452712347931424,-0.012549673312932
143,17.9668540433431,0.652696598708101,-0.012549673312932
143,17.9693639121228,0.852680849484777,-0.012549673312932
144,18.086209069316,0.452391031254684,-0.00255468209873
144,18.08672000518,0.652390378614977,-0.00255468209873
144,18.087230941044,0.852389725975269,-0.00255468209873
145,18.2072296758564,0.452674428692939,0.002361696864029
145,18.2067573369227,0.65267387093199,0.002361696864029
145,18.206284997989,0.852673313171042,0.002361696864029
146,18.3273654967475,0.453005737248839,0.002757906940004
146,18.3268139160588,0.653004976644252,0.002757906940004
146,18.32626233537,0.853004216039665,0.002757906940004
147,18.4474076148093,0.453396301839297,0.003253756307978
147,18.446756864696,0.65339524314722,0.003253756307978
147,18.4461061145826,0.853394184455143,0.003253756307978
148,18.5475136625107,0.453771620447348,0.0037494380008
148,18.5467637766675,0.653770214620463,0.0037494380008
148,18.5460138908244,0.853768808793578,0.0037494380008
149,18.6675103177132,0.454291412968753,0.00433198079358
149,18.6666439242643,0.654289536365928,0.00433198079358
149,18.6657775308154,0.854287659763103,0.00433198079358
150,18.7674773257876,0.454699244406469,0.004079701367826
150,18.7666613877774,0.654697580012453,0.004079701367826
150,18.7658454497673,0.854695915618436,0.004079701367826
151,18.8871714184972,0.455063806475404,0.003046663787028
151,18.8865620866824,0.655062878260099,0.003046663787028
151,18.8859527548677,0.855061950044794,0.003046663787028
152,19.0072191135434,0.455488693403659,0.003539505219708
152,19.0065112139776,0.655487440595247,0.003539505219708
152,19.0058033144117,0.855486187786835,0.003539505219708
153,19.1273179469955,0.455975540997028,0.004053922714991
153,19.1265071646733,0.655973897570341,0.004053922714991
153,19.1256963823511,0.855972254143653,0.004053922714991
154,19.2474701603697,0.456527812590379,0.004596645730352
154,19.2465508344611,0.656525699678902,0.004596645730352
154,19.2456315085524,0.856523586767425,0.004596645730352
155,19.367624842473,0.457144397261612,0.005131784173885
155,19.3665984901431,0.657141763746511,0.005131784173885
155,19.3655721378132,0.85713913023141,0.005131784173885
156,19.4876837839561,0.457845197624672,0.005837484453413
156,19.4865162936961,0.657841790011875,0.005837484453413
156,19.4853488034361,0.857838382399077,0.005837484453413
157,19.5873071824756,0.458216894011314,0.003735432903215
157,19.5865600976324,0.658215498667039,0.003735432903215
157,19.5858130127891,0.858214103322764,0.003735432903215
158,19.6868716939521,0.458368675613646,0.001529341785893
158,19.6865658257142,0.658368441725062,0.001529341785893
158,19.6862599574762,0.858368207836477,0.001529341785893
159,19.8068146897657,0.458589851542874,0.001844089215986
159,19.8064458721315,0.658589511476467,0.001844089215986
159,19.8060770544974,0.858589171410059,0.001844089215986
160,19.9267862421504,0.45884790072376,0.002150994939192
160,19.9263560434943,0.658847438046015,0.002150994939192
160,19.9259258448382,0.858846975368271,0.002150994939192
161,20.0468157734783,0.459148976758571,0.00250845085769
161,20.0463140838329,0.65914834752633,0.00250845085769
161,20.0458123941875,0.859147718294089,0.00250845085769
162,20.1463781302108,0.459173608738223,0.000252514150794
162,20.1463276273812,0.659173602361884,0.000252514150794
162,20.1462771245516,0.859173595985544,0.000252514150794
163,20.2452250343204,0.45857741647931,-0.005991950727072
163,20.2464234172947,0.658573826142701,-0.005991950727072
163,20.2476218002691,0.858570235806091,-0.005991950727072
164,20.3402982479422,0.455583373852723,-0.030832870206138
164,20.3464638449713,0.65548831479535,-0.030832870206138
164,20.3526294420004,0.855393255737977,-0.030832870206138
165,20.4359715392629,0.450499583963388,-0.052592860573314
165,20.4464852629707,0.650223046815895,-0.052592860573314
165,20.4569989866784,0.849946509668403,-0.052592860573314
166,20.5288360139411,0.442286266735185,-0.086948640840198
166,20.546203839141,0.641530736289114,-0.086948640840198
166,20.5635716643409,0.840775205843043,-0.086948640840198
167,20.6434472719094,0.429546769947256,-0.110229572489792
167,20.6654485684931,0.628332943884571,-0.110229572489792
167,20.6874498650768,0.827119117821885,-0.110229572489792
168,20.7615298771958,0.415928568226286,-0.11480289555447
168,20.7844400539234,0.614612044646223,-0.11480289555447
168,20.8073502306509,0.81329552106616,-0.11480289555447
169,20.8891928159243,0.40645664204986,-0.072672781035563
169,20.9037145818706,0.605928741135928,-0.072672781035563
169,20.9182363478169,0.805400840221996,-0.072672781035563
170,21.018075540672,0.402772638975004,-0.026955638504578
170,21.0234660155253,0.602699982729819,-0.026955638504578
170,21.0288564903786,0.802627326484635,-0.026955638504578
171,21.1423362102078,0.402139771444514,-0.004694226267772
171,21.1432750520133,0.602137567872535,-0.004694226267772
171,21.1442138938189,0.802135364300556,-0.004694226267772
172,21.2650675934509,0.403308421203179,0.00969030569451
172,21.2631295626432,0.603299031074214,0.00969030569451
172,21.2611915318355,0.803289640945248,0.00969030569451
173,21.364671237905,0.404056553056425,0.007515695517555
173,21.3631681129524,0.604050904515102,0.007515695517555
173,21.3616649879998,0.80404525597378,0.007515695517555
174,21.4639909322079,0.40445472392674,0.004021255202892
174,21.4631866833349,0.604453106879578,0.004021255202892
174,21.4623824344618,0.804451489832416,0.004021255202892
175,21.5634701076757,0.404583348868189,0.001300424536479
175,21.5632100228417,0.604583179757815,0.001300424536479
175,21.5629499380077,0.804583010647442,0.001300424536479
176,21.6630054290773,0.404462465779055,-0.001208151372736
176,21.6632470592931,0.604462319816099,-0.001208151372736
176,21.6634886895088,0.804462173853143,-0.001208151372736
177,21.7595736191375,0.402564495567592,-0.019312332210808
177,21.7634358454892,0.602527200109233,-0.019312332210808
177,21.767298071841,0.802489904650875,-0.019312332210808
178,21.8546191480876,0.398338090011182,-0.043807270703546
178,21.8633778001797,0.598146213003039,-0.043807270703546
178,21.8721364522718,0.797954335994896,-0.043807270703546
179,21.9762119264678,0.39411872599723,-0.034617446623255
179,21.983134033061,0.593998901203055,-0.034617446623255
179,21.9900561396543,0.79387907640888,-0.034617446623255
180,22.1019905595937,0.393514072198428,-0.004065184915684
180,22.1028035943375,0.593512419627864,-0.004065184915684
180,22.1036166290813,0.7935107670573,-0.004065184915684
181,22.2272799193923,0.396366854313732,0.023366007150476
181,22.2226071431887,0.596312259768701,0.023366007150476
181,22.2179343669852,0.79625766522367,0.023366007150476
182,22.3500309199203,0.400950001837103,0.037481820836881
182,22.3425363108869,0.600809529594568,0.037481820836881
182,22.3350417018535,0.800669057352033,0.037481820836881
183,22.469510655316,0.405116786059801,0.034865996569394
183,22.4625388687302,0.604995234602417,0.034865996569394
183,22.4555670821445,0.804873683145032,0.034865996569394
184,22.5675703762777,0.40757249736062,0.025134332292376
184,22.5625440390768,0.607509327220311,0.025134332292376
184,22.5575177018759,0.807446157080001,0.025134332292376
185,22.688506145267,0.4113014139585,0.030851105206181
185,22.6823369029723,0.611206242438229,0.030851105206181
185,22.6761676606777,0.811111070917958,0.030851105206181
186,22.8142751213377,0.419023364355224,0.062095596230595
186,22.8018639816236,0.618637901929511,0.062095596230595
186,22.7894528419094,0.818252439503797,0.062095596230595
187,22.9354222866417,0.427507110590857,0.069965292896541
187,22.9214406416038,0.627017796024077,0.069965292896541
187,22.9074589965659,0.826528481457297,0.069965292896541
188,23.0338568341795,0.433707594405804,0.062957605782533
188,23.0212736294597,0.633311359297601,0.062957605782533
188,23.0086904247399,0.832915124189397,0.062957605782533
189,23.1524941933162,0.44056033141703,0.057721013186393
189,23.140956399944,0.640227252373158,0.057721013186393
189,23.1294186065718,0.839894173329287,0.057721013186393
190,23.2516405999654,0.445925610547671,0.054075365861522
190,23.2408307968299,0.64563326727663,0.054075365861522
190,23.2300209936944,0.845340924005588,0.054075365861522
191,23.3489894122744,0.449879869907128,0.040778640345063
191,23.3408359443741,0.649713603198579,0.040778640345063
191,23.3326824764738,0.84954733649003,0.040778640345063
192,23.4466061896826,0.452687263150786,0.028895989425119
192,23.4408277960147,0.652603771140043,0.028895989425119
192,23.4350494023468,0.852520279129301,0.028895989425119
193,23.5457048092379,0.455105647677772,0.024419191656335
193,23.5408214562618,0.655046020948682,0.024419191656335
193,23.5359381032857,0.854986394219591,0.024419191656335
194,23.6650004237745,0.457657705862776,0.021397115654137
194,23.6607213271823,0.657611923953703,0.021397115654137
194,23.6564422305901,0.857566142044631,0.021397115654137
195,23.7641564493015,0.459350466819473,0.01708874934839
195,23.7607388657744,0.659321264994693,0.01708874934839
195,23.7573212822472,0.859292063169914,0.01708874934839
196,23.8608854922455,0.459341377906506,0.000200874930335
196,23.8608453172597,0.659341373871432,0.000200874930335
196,23.860805142274,0.859341369836358,0.000200874930335
197,23.9578330801027,0.457845917036007,-0.015180240345829
197,23.9608690115689,0.657822873508828,-0.015180240345829
197,23.9639049430351,0.857799829981649,-0.015180240345829
198,24.0761360043756,0.455100238013566,-0.023151030327221
198,24.0807657968434,0.65504664338687,-0.023151030327221
198,24.0853955893111,0.854993048760173,-0.023151030327221
199,24.1959122232405,0.45223094924318,-0.023950298843754
199,24.2007018250793,0.652173590303625,-0.023950298843754
199,24.205491426918,0.852116231364071,-0.023950298843754
200,24.317305997883,0.450174883862637,-0.016894533234408
200,24.3206847437946,0.650146342016206,-0.016894533234408
200,24.3240634897062,0.850117800169775,-0.016894533234408
201,24.4423900783285,0.451215066370412,0.008845302256379
201,24.4406210409455,0.651207242484223,0.008845302256379
201,24.4388520035625,0.851199418598034,0.008845302256379
202,24.563973520436,0.453319117497355,0.017363348752073
202,24.5605010251765,0.653288969666807,0.017363348752073
202,24.5570285299169,0.853258821836259,0.017363348752073
203,24.6634276575159,0.454766013389421,0.01455527452823
203,24.6605167053965,0.654744828161784,0.01455527452823
203,24.6576057532772,0.854723642934147,0.01455527452823
204,24.7855961914661,0.458040835303848,0.026924544039415
204,24.7802119332492,0.657968346575945,0.026924544039415
204,24.7748276750324,0.857895857848042,0.026924544039415
205,24.9160558164185,0.468797345904802,0.0848251399147
205,24.8991111258741,0.66807824680189,0.0848251399147
205,24.8821664353297,0.867359147698978,0.0848251399147
206,25.0460297687442,0.487270418887048,0.143835155317026
206,25.0173618264943,0.685205128039217,0.143835155317026
206,24.9886938842443,0.883139837191385,0.143835155317026
207,25.1770407783145,0.515790050323436,0.218500787041326
207,25.1336875182594,0.711034755354298,0.218500787041326
207,25.0903342582042,0.906279460385161,0.218500787041326
208,25.3090862071391,0.557985074899515,0.316170093953832
208,25.2469004511431,0.748071717647508,0.316170093953832
208,25.184714695147,0.938158360395501,0.316170093953832
209,25.4347465317589,0.610573935143648,0.401722078419751
209,25.3565457510859,0.794651739080256,0.401722078419751
209,25.2783449704128,0.978729543016863,0.401722078419751
210,25.5586366887007,0.679352966568339,0.516004191250712
210,25.4599549805226,0.853312503447046,0.516004191250712
210,25.3612732723445,1.02727204032575,0.516004191250712
211,25.6711440728646,0.755192918483586,0.598086172817568
211,25.5585316947531,0.920475864657945,0.598086172817568
211,25.4459193166416,1.0857588108323,0.598086172817568
212,25.7779516772898,0.843340153268911,0.697037140523311
212,25.6495619286921,0.99668966404422,0.697037140523311
212,25.5211721800944,1.15003917481953,0.697037140523311
213,25.8767565779775,0.946608607040362,0.817649724804818
213,25.7308484971228,1.08339615011828,0.817649724804818
213,25.5849404162681,1.22018369319621,0.817649724804818
214,25.9623675089019,1.05887882607551,0.927919162696348
214,25.802292666688,1.17877897157241,0.927919162696348
214,25.642217824474,1.29867911706931,0.927919162696348
215,26.035008052226,1.17802949073523,1.03090270590814
215,25.8634553782578,1.28083844002627,1.03090270590814
215,25.6919027042895,1.38364738931732,1.03090270590814
216,26.0953839591541,1.30223667138708,1.12470480782366
216,25.914955904183,1.38852523945578,1.12470480782366
216,25.7345278492119,1.47481380752449,1.12470480782366
217,26.1442719331007,1.42908962860465,1.20805433340971
217,25.9572864585027,1.50005745433829,1.20805433340971
217,25.7703009839047,1.57102528007192,1.20805433340971
218,26.1833119023185,1.55620606252845,1.27632410747697
218,25.9919208111324,1.61425302812179,1.27632410747697
218,25.8005297199463,1.67229999371512,1.27632410747697
219,26.2164179847363,1.6772540094545,1.30446004261902
219,26.0234696539136,1.72989374380712,1.30446004261902
219,25.8305213230908,1.78253347815973,1.30446004261902
220,26.2481002963566,1.79243520745592,1.30237336903682
220,26.0552622274655,1.84547744709891,1.30237336903682
220,25.8624241585744,1.8985196867419,1.30237336903682
221,26.2743361385462,1.89035444101401,1.30905563539412
221,26.081147935272,1.94210691067193,1.30905563539412
221,25.8879597319978,1.99385938032986,1.30905563539412
222,26.3011457535728,2.01823813751948,1.36668985320476
222,26.1052972563142,2.05877658990182,1.36668985320476
222,25.9094487590556,2.09931504228416,1.36668985320476
223,26.3189035279367,2.15176273187857,1.4428880123351
223,26.1205373522839,2.17727469685308,1.4428880123351
223,25.922171176631,2.20278666182759,1.4428880123351
224,26.3259353450463,2.28702100197406,1.52367062312042
224,26.1261573871432,2.29644265448737,1.52367062312042
224,25.9263794292402,2.30586430700069,1.52367062312042
225,26.322980107584,2.420926457248,1.59685991842641
225,26.1230480348194,2.41571432907763,1.59685991842641
225,25.9231159620548,2.41050220090727,1.59685991842641
226,26.3115633029672,2.5525759316708,1.66035064092435
226,26.1123647646283,2.53468900002574,1.66035064092435
226,25.9131662262895,2.51680206838067,1.66035064092435
227,26.2927852629729,2.68207907419829,1.71726841641739
227,26.094926837375,2.65288929139852,1.71726841641739
227,25.897068411777,2.62369950859874,1.71726841641739
228,26.266581747784,2.81046701717191,1.77463873067617
228,26.0707225523767,2.76998028385805,1.77463873067617
228,25.8748633569695,2.72949355054419,1.77463873067617
229,26.2368215934414,2.93366425638659,1.8087379906954
229,26.0424565556919,2.88652369953106,1.8087379906954
229,25.8480915179424,2.83938314267553,1.8087379906954
230,26.2049956488756,3.05351293708018,1.83074752868559
230,26.0117151444699,3.00210625836372,1.83074752868559
230,25.8184346400641,2.95069957964726,1.83074752868559
231,26.1644916524441,3.17814045745048,1.88748442938257
231,25.9744372479564,3.11585624327998,1.88748442938257
231,25.7843828434688,3.05357202910948,1.88748442938257
232,26.1209725344062,3.29701387625238,1.92271885358367
232,25.9332301850019,3.22807324788151,1.92271885358367
232,25.7454878355977,3.15913261951063,1.92271885358367
233,26.0712370988841,3.4157808119503,1.96904014434995
233,25.886888406294,3.33822077365542,1.96904014434995
233,25.7025397137039,3.26066073536055,1.96904014434995
234,26.0171521660358,3.53142754759906,2.00953430629311
234,25.8360944686523,3.44646808539403,2.00953430629311
234,25.6550367712687,3.36150862318901,2.00953430629311
235,25.9648160737438,3.64080391546817,2.01714046832143
235,25.7844098229683,3.55446976995704,2.01714046832143
235,25.6040035721928,3.46813562444592,2.01714046832143
236,25.907881520193,3.75208552751484,2.04429101292858
236,25.7298854898502,3.66088567454244,2.04429101292858
236,25.5518894595073,3.56968582157005,2.04429101292858
237,25.843041386777,3.86438581375032,2.09652200012654
237,25.6700493873964,3.76401765071901,2.09652200012654
237,25.4970573880157,3.66364948768771,2.09652200012654
238,25.7709952712849,3.97398467371204,2.15492977001882
238,25.6041572143014,3.86368933046516,2.15492977001882
238,25.4373191573178,3.75339398721829,2.15492977001882
239,25.6948743657625,4.07832780482398,2.202840958817
239,25.5335101185772,3.96016867597516,2.202840958817
239,25.3721458713918,3.84200954712635,2.202840958817
240,25.6164186491941,4.17809472706343,2.23816636119902
240,25.4593282241853,4.05431024350207,2.23816636119902
240,25.3022377991765,3.9305257599407,2.23816636119902
241,25.5384627131496,4.27358638082281,2.25568485320346
241,25.383564799427,4.14706904476017,2.25568485320346
241,25.2286668857044,4.02055170869753,2.25568485320346
242,25.4584172359968,4.36783317249604,2.27520225818255
242,25.306017957216,4.23831691935738,2.27520225818255
242,25.1536186784351,4.10880066621873,2.27520225818255
243,25.3787066558131,4.45986722186419,2.2846357376928
243,25.2275359288277,4.32891909739227,2.2846357376928
243,25.0763652018423,4.19797097292036,2.2846357376928
244,25.3024020181832,4.54930715738042,2.27715710940687
244,25.1502562154396,4.41949323398423,2.27715710940687
244,24.9981104126961,4.28967931058804,2.27715710940687
245,25.2199303300278,4.63998104933501,2.30972335338305
245,25.0720920047273,4.50528201603364,2.30972335338305
245,24.9242536794267,4.37058298273228,2.30972335338305
246,25.1310473889502,4.73081099710382,2.34642049040261
246,24.9882505574278,4.59077862617783,2.34642049040261
246,24.8454537259053,4.45074625525185,2.34642049040261
247,25.0637518764607,4.80126082973125,2.33347096010127
247,24.9191537148446,4.66308929989515,2.33347096010127
247,24.7745555532285,4.52491777005904,2.33347096010127
248,24.984259323991,4.88707991435355,2.31814364490375
248,24.8375604313501,4.75114082910601,2.31814364490375
248,24.6908615387092,4.61520174385848,2.31814364490375
249,24.921699027216,4.95838928874582,2.29167083786847
249,24.7714532667084,4.82638091230896,2.29167083786847
249,24.6212075062008,4.6943725358721,2.29167083786847
250,24.8641241060232,5.02996263418729,2.25010617199445
250,24.7085228064119,4.90431138843425,2.25010617199445
250,24.5529215068007,4.77866014268121,2.25010617199445
251,24.8073828274945,5.10492016742395,2.21973043575566
251,24.6480371457007,4.98405266271873,2.21973043575566
251,24.4886914639069,4.86318515801352,2.21973043575566
252,24.7511985501638,5.1824524325518,2.19835658089661
252,24.5893060570521,5.06501810761202,2.19835658089661
252,24.4274135639403,4.94758378267224,2.19835658089661
253,24.693901257778,5.26266952158178,2.19109412937626
253,24.5311601804171,5.14641401960696,2.19109412937626
253,24.3684191030562,5.03015851763214,2.19109412937626
254,24.6389444465803,5.34233757575171,2.17492898973842
254,24.4743454272559,5.22872788057817,2.17492898973842
254,24.3097464079314,5.11511818540462,2.17492898973842
255,24.570753340381,5.44105640063127,2.17529472607155
255,24.4061958832576,5.32738651321569,2.17529472607155
255,24.2416384261341,5.21371662580012,2.17529472607155
256,24.5024830839593,5.53985606328532,2.17545434361167
256,24.3379437726398,5.42615991106137,2.17545434361167
256,24.1734044613204,5.31246375883742,2.17545434361167
257,24.4275471756062,5.64119849889255,2.20835892933075
257,24.2668373803041,5.52215077025422,2.20835892933075
257,24.106127585002,5.40310304161589,2.20835892933075
258,24.3395443174575,5.74337550755456,2.28630495127515
258,24.1885923813601,5.61217522939772,2.28630495127515
258,24.0376404452626,5.48097495124089,2.28630495127515
259,24.2466130982998,5.83781820917185,2.35131677883586
259,24.1045036145924,5.69708834510449,2.35131677883586
259,23.962394130885,5.55635848103714,2.35131677883586
260,24.1481818749685,5.9257877935135,2.41536660901862
260,24.0153713474328,5.77625062831473,2.41536660901862
260,23.882560819897,5.62671346311597,2.41536660901862
261,24.0416706378103,6.00781654366758,2.48940006666509
261,23.9202845512967,5.84886555121732,2.48940006666509
261,23.7988984647832,5.68991455876707,2.48940006666509
262,23.942949585171,6.08083125989216,2.50497427740279
262,23.8240536560027,5.92000912824605,2.50497427740279
262,23.7051577268343,5.75918699659995,2.50497427740279
263,23.8400164919247,6.1525928093436,2.53341520076423
263,23.725741959463,5.98845466255658,2.53341520076423
263,23.6114674270014,5.82431651576956,2.53341520076423
264,23.7400941935228,6.22127040439968,2.53946451772345
264,23.6268146695685,6.05644398220744,2.53946451772345
264,23.5135351456143,5.8916175600152,2.53946451772345
265,23.6366074284142,6.28927760038489,2.56056101465502
265,23.5268301139241,6.12209823197082,2.56056101465502
265,23.4170527994339,5.95491886355675,2.56056101465502
266,23.5225394673094,6.35494099999206,2.62214992250496
266,23.4232601768967,6.18132181183833,2.62214992250496
266,23.3239808864841,6.00770262368459,2.62214992250496
267,23.4051861063253,6.41368995953148,2.68000196251646
267,23.3161115288427,6.23462092355291,2.68000196251646
267,23.2270369513601,6.05555188757435,2.68000196251646
268,23.2965055361594,6.46701442694752,2.6854751654239
268,23.2084123691054,6.28746055225138,2.6854751654239
268,23.1203192020514,6.10790667755524,2.6854751654239
269,23.1894244764133,6.51981395744149,2.68349961101063
269,23.1009767630461,6.34043446585979,2.68349961101063
269,23.0125290496789,6.16105497427809,2.68349961101063
270,23.0818698297967,6.57282318531448,2.68367452905854
270,22.9934534944929,6.39342822537567,2.68367452905854
270,22.9050371591891,6.21403326543686,2.68367452905854
271,22.9744368699644,6.62583667491003,2.68319374743292
271,22.8859342950823,6.44648424465266,2.68319374743292
271,22.7974317202001,6.26713181439529,2.68319374743292
272,22.8717422598402,6.67921187426397,2.66263773729391
272,22.7795718719215,6.501716467025,2.66263773729391
272,22.6874014840029,6.32422105978603,2.66263773729391
273,22.7963201985786,6.72479976108296,2.60207733403777
273,22.6935761552482,6.55320820662847,2.60207733403777
273,22.5908321119177,6.38161665217398,2.60207733403777
274,22.7138683156826,6.77593102089967,2.586742143611
274,22.6085050671464,6.60593518019204,2.586742143611
274,22.5031418186102,6.4359393394844,2.586742143611
275,22.6175409281394,6.83901032746931,2.56233768245661
275,22.5080608089526,6.67163618519267,2.56233768245661
275,22.3985806897658,6.50426204291602,2.56233768245661
276,22.5117573666766,6.90458071795413,2.58719880157225
276,22.4064717590778,6.73453678000707,2.58719880157225
276,22.301186151479,6.56449284206001,2.58719880157225
277,22.4018908982486,6.96762869575418,2.62154677368154
277,22.3025069076916,6.79406941936435,2.62154677368154
277,22.2031229171346,6.62051014297452,2.62154677368154
278,22.2986893005256,7.02716761998392,2.6183263734434
278,22.1987468959538,6.85392929925665,2.6183263734434
278,22.098804491382,6.68069097852937,2.6183263734434
279,22.1946466098467,7.08709218485192,2.61903664084268
279,22.0948272760055,6.91378292199645,2.61903664084268
279,21.9950079421643,6.74047365914099,2.61903664084268
280,22.091417191471,7.14699581473698,2.61579611428176
280,21.9910367694448,6.97401092847856,2.61579611428176
280,21.8906563474186,6.80102604222014,2.61579611428176
281,21.9867369412215,7.20706693837499,2.62063989683863
281,21.8871955946654,7.03359786238218,2.62063989683863
281,21.7876542481093,6.86012878638938,2.62063989683863
282,21.8780256949523,7.26651523881025,2.64152630067276
282,21.78212894141,7.09100508907514,2.64152630067276
282,21.6862321878676,6.91549493934003,2.64152630067276
283,21.7757059736886,7.32413466012768,2.62886049253792
283,21.6775939936046,7.14985316551626,2.62886049253792
283,21.5794820135206,6.97557167090484,2.62886049253792
284,21.6764778065663,7.38303664051633,2.60633112281179
284,21.5744646048235,7.21100958836991,2.60633112281179
284,21.4724514030807,7.03898253622349,2.60633112281179
285,21.5746064566839,7.4442076327127,2.60085072868313
285,21.471652015579,7.27274223370525,2.60085072868313
285,21.3686975744742,7.1012768346978,2.60085072868313
286,21.4680403244902,7.50589048979442,2.61710510331532
286,21.3678864237169,7.33277435490256,2.61710510331532
286,21.2677325229437,7.1596582200107,2.61710510331532
287,21.354261267804,7.56532343047573,2.66177652393245
287,21.2619380526688,7.3879074674197,2.66177652393245
287,21.1696148375336,7.21049150436367,2.66177652393245
288,21.2440727847618,7.62034954469903,2.67867154246381
288,21.154760049145,7.44139917376721,2.67867154246381
288,21.0654473135281,7.26244880283539,2.67867154246381
289,21.1600419816211,7.66504169448094,2.65345551445018
289,21.0662456997853,7.48840008694246,2.65345551445018
289,20.9724494179495,7.31175847940398,2.65345551445018
290,21.0767416577311,7.71178497316337,2.63077422862765
290,20.9789633858914,7.53731603737238,2.63077422862765
290,20.8811851140517,7.36284710158139,2.63077422862765
291,20.9737172406336,7.77042128454452,2.62420260960257
291,20.8747945449958,7.59659867298962,2.62420260960257
291,20.7758718493581,7.42277606143471,2.62420260960257
292,20.8663749222222,7.8295200290777,2.63848347734872
292,20.7699445670696,7.65430248827445,2.63848347734872
292,20.673514211917,7.4790849474712,2.63848347734872
293,20.759669983354,7.88722064916529,2.64592509609181
293,20.6645461883355,7.71129036859577,2.64592509609181
293,20.5694223933169,7.53536008802624,2.64592509609181
294,20.6598770382056,7.94445214145419,2.62140711527861
294,20.5604688096065,7.77090674656631,2.62140711527861
294,20.4610605810074,7.59736135167842,2.62140711527861
295,20.5508599379529,8.00374582643946,2.6438559423998
295,20.4553723200358,7.8280127480947,2.6438559423998
295,20.3598847021188,7.65227966974994,2.6438559423998
296,20.4399967256887,8.06068457694022,2.66758016913694
296,20.3487047189011,7.88273579358755,2.66758016913694
296,20.2574127121136,7.70478701023487,2.66758016913694
297,20.3373082043314,8.11562727005292,2.65055471843304
297,20.2429999165723,7.93925848919889,2.65055471843304
297,20.1486916288131,7.76288970834487,2.65055471843304
298,20.2364367349661,8.17225635896172,2.63039178112177
298,20.1385917450695,7.99782483098546,2.63039178112177
298,20.0407467551729,7.82339330300919,2.63039178112177
299,20.1293180379086,8.23073901695303,2.64196524643162
299,20.033498333038,8.05518679065409,2.64196524643162
299,19.9376786281674,7.87963456435514,2.64196524643162
300,20.0209939525221,8.28807446786023,2.65492119296264
300,19.9274566711494,8.11129557490804,2.65492119296264
300,19.8339193897767,7.93451668195586,2.65492119296264
301,19.9105410314134,8.34365662221465,2.67572201519542
301,19.8207008660603,8.16497045965769,2.67572201519542
301,19.7308607007073,7.98628429710072,2.67572201519542
302,19.8011696548271,8.39738727558717,2.68502608283286
302,19.7129958621397,8.2178729801032,2.68502608283286
302,19.6248220694522,8.03835868461922,2.68502608283286
303,19.698480976088,8.45047089511054,2.66483961054272
303,19.6067016336748,8.27277297079458,2.66483961054272
303,19.5149222912616,8.09507504647862,2.66483961054272
304,19.5881276970789,8.50511379716124,2.68206271041795
304,19.4994223246108,8.32586158128845,2.68206271041795
304,19.4107169521428,8.14660936541567,2.68206271041795
305,19.4782935142616,8.55794798128977,2.69333536217117
305,19.3916143827594,8.3777072307309,2.69333536217117
305,19.3049352512572,8.19746648017203,2.69333536217117
306,19.3670680232615,8.60950072039126,2.70774031459697
306,19.2829941543247,8.42803010414167,2.70774031459697
306,19.198920285388,8.24655948789208,2.70774031459697
307,19.2579836964059,8.65987118711239,2.70900595030148
307,19.1741395704352,8.47829430934372,2.70900595030148
307,19.0902954444646,8.29671743157506,2.70900595030148
308,19.153084881133,8.7105366459074,2.6918938324211
308,19.0661460173766,8.53042103312285,2.6918938324211
308,18.9792071536203,8.35030542033831,2.6918938324211
309,19.0433704849957,8.76212407941734,2.7021569009876
309,18.9582847062923,8.58112570853398,2.7021569009876
309,18.8731989275888,8.40012733765062,2.7021569009876
310,18.9351686601014,8.81315003623757,2.70093860682699
310,18.849862435338,8.63225545915847,2.70093860682699
310,18.7645562105747,8.45136088207937,2.70093860682699
311,18.8276007380761,8.864442974517,2.6966575958106
311,18.7415208857057,8.68391525084031,2.6966575958106
311,18.6554410333353,8.50338752716362,2.6966575958106
312,18.7218255261687,8.9161887564354,2.68670229579583
312,18.6339527613999,8.73652691515603,2.68670229579583
312,18.5460799966312,8.55686507387667,2.68670229579583
313,18.6121526968373,8.96842466990705,2.69718393640607
313,18.5261678754556,8.78785166391789,2.69718393640607
313,18.4401830540739,8.60727865792874,2.69718393640607
314,18.4979381052722,9.01911711337005,2.72447320481545
314,18.4169123921682,8.8362651682998,2.72447320481545
314,18.3358866790641,8.65341322322955,2.72447320481545
315,18.4112634319893,9.05981169213134,2.70311023321368
315,18.3263502435044,8.87873228849494,2.70311023321368
315,18.2414370550194,8.69765288485853,2.70311023321368
316,18.308441188383,9.11128312653751,2.678023205279
316,18.2190124513655,8.9323906979793,2.678023205279
316,18.129583714348,8.7534982694211,2.678023205279
317,18.1992408312464,9.16450374481207,2.6881877111009
317,18.1116350357721,8.98471157423919,2.6881877111009
317,18.0240292402977,8.80491940366631,2.6881877111009
318,18.0824633984482,9.21604714881114,2.72711594479108
318,18.0019211978711,9.03298171262451,2.72711594479108
318,17.9213789972941,8.84991627643787,2.72711594479108
319,17.971193314012,9.26410750537631,2.73390900118429
319,17.8918965360299,9.08049916950437,2.73390900118429
319,17.8125997580478,8.89689083363244,2.73390900118429
320,17.8796528398205,9.30388149019746,2.73171108401484
320,17.7999526977845,9.12044788542606,2.73171108401484
320,17.7202525557484,8.93701428065467,2.73171108401484
321,17.7733980896613,9.3519764933278,2.71673881661015
321,17.690960566228,9.16975669547318,2.71673881661015
321,17.6085230427946,8.98753689761857,2.71673881661015
322,17.6603056681691,9.40093859951179,2.7332378530693
322,17.580885679667,9.21738352487117,2.7332378530693
322,17.5014656911649,9.03382845023056,2.7332378530693
323,17.5469891362077,9.44794998873729,2.74852571231009
323,17.4703844833272,9.26320224948981,2.74852571231009
323,17.3937798304467,9.07845451024233,2.74852571231009
324,17.4331334511693,9.49327928302017,2.76286775777749
324,17.3591862463633,9.30745191447243,2.76286775777749
324,17.2852390415573,9.12162454592468,2.76286775777749
325,17.3251915800544,9.53815583629434,2.74777979627945
325,17.2484491421974,9.35346528907613,2.74777979627945
325,17.1717067043404,9.16877474185792,2.74777979627945
326,17.2401551880588,9.57692731862123,2.71496238060918
326,17.1573940930617,9.39485425319174,2.71496238060918
326,17.0746329980647,9.21278118776226,2.71496238060918
327,17.1311590711664,9.62646314931658,2.71502492083996
327,17.0484093632227,9.44438490834519,2.71502492083996
327,16.965659655279,9.26230666737379,2.71502492083996
328,17.0326476542472,9.66747464746645,2.74813066567119
328,16.9559700233727,9.48275718504487,2.74813066567119
328,16.8792923924981,9.29803972262329,2.74813066567119
329,16.9225655821416,9.71357798224642,2.74498600352476
329,16.845307457341,9.52910255799622,2.74498600352476
329,16.7680493325404,9.34462713374602,2.74498600352476
330,16.8028485444697,9.75814646267082,2.78655996472716
330,16.7333243413402,9.57061943747388,2.78655996472716
330,16.6638001382108,9.38309241227694,2.78655996472716
331,16.6876812931322,9.79931386227625,2.79840438176807
331,16.6203830630874,9.61097653662665,2.79840438176807
331,16.5530848330427,9.42263921097706,2.79840438176807
332,16.5753958793329,9.83966133422076,2.7966333200422
332,16.5077641979793,9.65144349320327,2.7966333200422
332,16.4401325166257,9.46322565218578,2.7966333200422
333,16.4544793455136,9.87817446258491,2.83436351986254
333,16.3939956095581,9.68753942465937,2.83436351986254
333,16.3335118736026,9.49690438673384,2.83436351986254
334,16.3533914742827,9.90742985404293,2.86053445135116
334,16.2979169773506,9.71527736202126,2.86053445135116
334,16.2424424804186,9.52312486999959,2.86053445135116
335,16.2613932450177,9.93588146680149,2.84201597094016
335,16.2023700910809,9.74478916633034,2.84201597094016
335,16.1433469371441,9.55369686585919,2.84201597094016
336,16.148126200211,9.97160556593797,2.83610006965788
336,16.0879736025227,9.78086578248587,2.83610006965788
336,16.0278210048345,9.59012599903376,2.83610006965788
337,16.0371902462264,10.0085036999642,2.82069835696531
337,15.9741071796777,9.81871295541952,2.82069835696531
337,15.9110241131291,9.62892221087486,2.82069835696531
338,15.922920791946,10.0462533579021,2.82252640676226
338,15.8601847775405,9.85634761155276,2.82252640676226
338,15.797448763135,9.66644186520338,2.82252640676226
339,15.8300924667255,10.0779427274398,2.81271923253016
339,15.7654970604045,9.88866136680908,2.81271923253016
339,15.7009016540836,9.69938000617833,2.81271923253016
340,15.7215512008052,10.1176229690787,2.7914979756091
340,15.6529538520392,9.92975492032563,2.7914979756091
340,15.5843565032732,9.74188687157259,2.7914979756091
341,15.6020005980341,10.1572211786821,2.82250362800135
341,15.5392602578273,9.96731686143065,2.82250362800135
341,15.4765199176205,9.77741254417921,2.82250362800135
342,15.5117286160917,10.1892653064104,2.80097801390656
342,15.4449153193836,10.0007554037979,2.80097801390656
342,15.3781020226754,9.81224550118533,2.80097801390656
343,15.4234307374719,10.223328723879,2.77416561238816
343,15.3515876579124,10.036677787853,2.77416561238816
343,15.279744578353,9.85002685182687,2.77416561238816
344,15.3130810124487,10.2665681551311,2.76817085273905
344,15.240120303005,10.0803512523606,2.76817085273905
344,15.1671595935612,9.89413434958998,2.76817085273905
345,15.193275895992,10.3084803196248,2.80620326877998
345,15.1274485191981,10.119623875561,2.80620326877998
345,15.0616211424042,9.93076743149714,2.80620326877998
346,15.0753116864408,10.3469175165754,2.82695011004251
346,15.0134163698127,10.1567361037625,2.82695011004251
346,14.9515210531845,9.9665546909496,2.82695011004251
347,14.9633022209581,10.3845101161153,2.81785565469986
347,14.8996798914421,10.1948994645502,2.81785565469986
347,14.8360575619262,10.005288812985,2.81785565469986
348,14.8501111519539,10.4227661920435,2.81567185189775
348,14.7860749022021,10.2332949311153,2.81567185189775
348,14.7220386524503,10.0438236701871,2.81567185189775
349,14.7375858312158,10.4614491571115,2.81050009180032
349,14.6725705423155,10.2723116087262,2.81050009180032
349,14.6075552534153,10.0831740603409,2.81050009180032
350,14.6493867162696,10.4947477856375,2.78149025265157
350,14.5789127026415,10.3075756365257,2.78149025265157
350,14.5084386890133,10.1204034874139,2.78149025265157
351,14.5629409354323,10.5306283579962,2.74927614651039
351,14.4864749451307,10.3458231840232,2.74927614651039
351,14.4100089548292,10.1610180100502,2.74927614651039
352,14.4768983191213,10.5692822518913,2.72026224826049
352,14.3951033450753,10.3867731227476,2.72026224826049
352,14.3133083710293,10.2042639936038,2.72026224826049
353,14.3960846475744,10.6104454660909,2.67295287881538
353,14.3057500209525,10.432008767979,2.67295287881538
353,14.2154153943307,10.253572069867,2.67295287881538
354,14.3148684004614,10.6554857272017,2.63666385738683
354,14.218119375791,10.4804439429748,2.63666385738683
354,14.1213703511207,10.3054021587479,2.63666385738683
355,14.2408553988414,10.7030849696537,2.57446425495232
355,14.133412954213,10.5343955476609,2.57446425495232
355,14.0259705095845,10.3657061256681,2.57446425495232
356,14.169396734617,10.7552392705373,2.51509414075859
356,14.0521343637777,10.5932221838299,2.51509414075859
356,13.9348719929385,10.4312050971225,2.51509414075859
357,14.0994511928748,10.8118966665231,2.46370410367958
357,13.9740212293543,10.6561169366119,2.46370410367958
357,13.8485912658337,10.5003372067006,2.46370410367958
358,14.0310542969849,10.8723929418876,2.41954863774867
358,13.8988702977316,10.7223016685191,2.41954863774867
358,13.7666862984782,10.5722103951506,2.41954863774867
359,13.9464061071331,10.950579129058,2.3963261657566
359,13.8107725714606,10.8035976880494,2.3963261657566
359,13.6751390357882,10.6566162470407,2.3963261657566
360,13.8783470994642,11.016834784354,2.37033138666692
360,13.7389390671313,10.8734283670602,2.37033138666692
360,13.5995310347984,10.7300219497663,2.37033138666692
361,13.8167784975882,11.0831361448464,2.32180154779428
361,13.6705778372444,10.9466613599408,2.32180154779428
361,13.5243771769006,10.8101865750352,2.32180154779428
362,13.7541904633197,11.154050086517,2.2946869871242
362,13.6043435425788,11.0215891475785,2.2946869871242
362,13.454496621838,10.8891282086399,2.2946869871242
363,13.6938669648445,11.2266006152245,2.26534557057779
363,13.5401985085498,11.0985927813236,2.26534557057779
363,13.3865300522551,10.9705849474227,2.26534557057779
364,13.6168979988704,11.3182500427687,2.26936373786698
364,13.4637451386209,11.1896257783495,2.26936373786698
364,13.3105922783713,11.0610015139303,2.26936373786698
365,13.535968423268,11.4113105984128,2.28683233318718
365,13.3850857008131,11.2800307291844,2.28683233318718
365,13.2342029783583,11.1487508599561,2.28683233318718
366,13.451587092545,11.5030054172915,2.31533428154363
366,13.304506877033,11.3674789984466,2.31533428154363
366,13.1574266615209,11.2319525796017,2.31533428154363
367,13.3366221855492,11.597663411704,2.46848723152035
367,13.2119387683609,11.441285518515,2.46848723152035
367,13.0872553511725,11.284907625326,2.46848723152035
368,13.2126933924701,11.6739073163245,2.60235214314446
368,13.1099965079404,11.5022875333509,2.60235214314446
368,13.0072996234108,11.3306677503773,2.60235214314446
369,13.0860813222017,11.7337844240453,2.707772193173
369,13.0020132383325,11.5523111277327,2.707772193173
369,12.9179451544633,11.3708378314201,2.707772193173
370,12.9579710940402,11.7810750490878,2.7933259102801
370,12.8897172702065,11.5930819227984,2.7933259102801
370,12.8214634463728,11.4050887965089,2.7933259102801
371,12.8355270414439,11.8198756393803,2.83614588920053
371,12.7753831834284,11.6291330999639,2.83614588920053
371,12.715239325413,11.4383905605475,2.83614588920053
372,12.7179454665734,11.8550042618689,2.85146548410263
372,12.6607306501385,11.6633627611956,2.85146548410263
372,12.6035158337036,11.4717212605223,2.85146548410263
373,12.6006191874545,11.8885911775984,2.86288680036894
373,12.5455968533167,11.6963087219608,2.86288680036894
373,12.490574519179,11.5040262663232,2.86288680036894
374,12.4802370361856,11.9200955973122,2.88606127765945
374,12.4296851229892,11.7265897729239,2.88606127765945
374,12.3791332097928,11.5330839485357,2.88606127765945
375,12.3843869529094,11.9455863343118,2.88168455661814
375,12.3329886055812,11.7523036142048,2.88168455661814
375,12.281590258253,11.5590208940979,2.88168455661814
376,12.2681162112863,11.9762404878341,2.88381759125079
376,12.2171302593083,11.7828485730577,2.88381759125079
376,12.1661443073304,11.5894566582812,2.88381759125079
377,12.1469918740335,12.0052140488946,2.90723987994923
377,12.1005491740594,11.8106810809454,2.90723987994923
377,12.0541064740853,11.6161481129962,2.90723987994923
378,12.0284788243347,12.0325137916183,2.9152424363663
378,11.983594355904,11.8376153963101,2.9152424363663
378,11.9387098874733,11.642717001002,2.9152424363663
379,11.9117473111827,12.0594935785564,2.9144548125148
379,11.8667093500652,11.8646305957752,2.9144548125148
379,11.8216713889477,11.669767612994,2.9144548125148
380,11.7896015206827,12.0845333801004,2.93991456581512
380,11.7495387830744,11.8885870174004,2.93991456581512
380,11.709476045466,11.6926406547005,2.93991456581512
381,11.6621257592569,12.1045726247542,2.98741655693825
381,11.6314125550616,11.906944946814,2.98741655693825
381,11.6006993508662,11.7093172688737,2.98741655693825
382,11.5340146549446,12.1185495782219,3.03465331191542
382,11.5126675286647,11.9196920910619,3.03465331191542
382,11.4913204023848,11.7208346039019,3.03465331191542
383,11.407456531899,12.12768399314,3.07055779811502
383,11.3932615057359,11.9281883760648,3.07055779811502
383,11.3790664795728,11.7286927589896,3.07055779811502
384,11.2842158938389,12.1342594430038,3.08855095714643
384,11.2736125281389,11.9345407192049,3.08855095714643
384,11.263009162439,11.7348219954061,3.08855095714643
385,11.1853595385172,12.1400833243299,3.0827817149462
385,11.1736041299811,11.9404290973019,3.0827817149462
385,11.161848721445,11.7407748702739,3.0827817149462
386,11.0646215484322,12.1465343566194,3.08823802039079
386,11.053955683923,11.9468189607826,3.08823802039079
386,11.0432898194138,11.7471035649457,3.08823802039079
387,10.9692823007065,12.1538516822299,3.0655316008256
387,10.9540847537371,11.9544299317458,3.0655316008256
387,10.9388872067677,11.7550081812618,3.0655316008256
388,10.8543343509764,12.1651760313352,3.04380115356719
388,10.8348072093185,11.966131587206,3.04380115356719
388,10.8152800676607,11.7670871430769,3.04380115356719
389,10.7309719792161,12.1748045908689,3.06403024843567
389,10.7154750471655,11.9754058820039,3.06403024843567
389,10.699978115115,11.7760071731389,3.06403024843567
390,10.6065937850795,12.1815096567857,3.08820527027961
390,10.5959213798746,11.9817946103642,3.08820527027961
390,10.5852489746697,11.7820795639427,3.08820527027961
391,10.4872431622674,12.1880834354242,3.08657093599068
391,10.4762443703127,11.9883860979969,3.08657093599068
391,10.465245578358,11.7886887605697,3.08657093599068
392,10.3648023806127,12.1930625978353,3.1011219457844
392,10.356710448407,11.9932263633001,3.1011219457844
392,10.3486185162013,11.793390128765,3.1011219457844
393,10.240156661364,12.1950996078188,3.12573774856417
393,10.2369858132097,11.9951247450936,3.12573774856417
393,10.2338149650554,11.7951498823683,3.12573774856417
394,10.1397299181408,12.1965127000926,3.12752588942581
394,10.1369166580885,11.9965324871517,3.12752588942581
394,10.1341033980363,11.7965522742109,3.12752588942581
395,10.0230518553583,12.2000312208612,3.11166158459255
395,10.0170665353293,12.0001208010623,3.11166158459255
395,10.0110812153002,11.8002103812635,3.11166158459255
396,9.90371479852226,12.203937528667,3.10887742751634
396,9.89717292040008,12.0040445477231,3.10887742751634
396,9.8906310422779,11.8041515667792,3.10887742751634
397,9.78320608694616,12.207398276389,3.11289611827232
397,9.77746756756165,12.007480619852,3.11289611827232
397,9.77172904817714,11.8075629633149,3.11289611827232
398,9.65947905627074,12.208492088773,3.13308164922172
398,9.65777687594749,12.0084993324488,3.13308164922172
398,9.65607469562425,11.8085065761246,3.13308164922172
399,9.53744990631969,12.2082450670526,-3.13947581212738
399,9.53787327429599,12.0082455151542,-3.13947581212738
399,9.53829664227228,11.8082459632558,-3.13947581212738
400,9.44088598118147,12.2097589126673,3.12623305082504
400,9.43781418141368,12.0097825039432,3.12623305082504
400,9.43474238164588,11.8098060952191,3.12623305082504
401,9.32395094623564,12.2132980740987,3.11152085526111
401,9.31793749300624,12.0133884985896,3.11152085526111
401,9.31192403977684,11.8134789230804,3.11152085526111
402,9.20574942545797,12.2177542779494,3.10395878873369
402,9.19822442906546,12.0178958920125,3.10395878873369
402,9.19069943267295,11.8180375060756,3.10395878873369
403,9.08933918691493,12.2241501842923,3.08695306989341
403,9.07841670688432,12.0244486584344,3.08695306989341
403,9.06749422685371,11.8247471325764,3.08695306989341
404,8.9747725801276,12.2333912475026,3.06166231310563
404,8.95880352871738,12.034029793362,3.06166231310563
404,8.94283447730717,11.8346683392214,3.06166231310563
405,8.85707039232296,12.2439268589027,3.05239253108622
405,8.83925401625257,12.0447219976576,3.05239253108622
405,8.82143764018217,11.8455171364124,3.05239253108622
406,8.76314232701117,12.2549998107487,3.02503780812734
406,8.73988410212286,12.0563567767026,3.02503780812734
406,8.71662587723455,11.8577137426565,3.02503780812734
407,8.66860256808295,12.2683125714029,3.00224031840834
407,8.64082221661124,12.070251338265,3.00224031840834
407,8.61304186513954,11.8721901051271,3.00224031840834
408,8.55475727400287,12.2869779755192,2.97953136636431
408,8.52248670886342,12.0895986183777,2.97953136636431
408,8.49021614372398,11.8922192612362,2.97953136636431
409,8.43824389592293,12.3070285103466,2.97123226568511
409,8.40433638974259,12.1099237640196,2.97123226568511
409,8.37042888356226,11.9128190176926,2.97123226568511
410,8.31997574691836,12.3273047963247,2.97180030574577
410,8.28618020959452,12.1301808209767,2.97180030574577
410,8.25238467227068,11.9330568456287,2.97180030574577
411,8.19098575501156,12.3425460012982,3.02626303162352
411,8.16797092963233,12.1438746198343,3.02626303162352
411,8.14495610425309,11.9452032383705,3.02626303162352
412,8.06079442099014,12.3508815903716,3.07985529404105
412,8.04845479132046,12.1512626194805,3.07985529404105
412,8.03611516165078,11.9516436485894,3.07985529404105
413,7.94187611730087,12.3586982144241,3.07596870690709
413,7.92876074625886,12.1591287101345,3.07596870690709
413,7.91564537521684,11.9595592058448,3.07596870690709
414,7.82251725012634,12.3666615460035,3.07497465457739
414,7.80920350306623,12.1671051776781,3.07497465457739
414,7.79588975600612,11.9675488093527,3.07497465457739
415,7.70078919781018,12.3734846968804,3.08569306389687
415,7.6896151013964,12.1737970919338,3.08569306389687
415,7.67844100498262,11.9741094869871,3.08569306389687
416,7.57822178256164,12.3785223036656,3.10069862181212
416,7.57004525561491,12.1786895125449,3.10069862181212
416,7.56186872866818,11.9788567214242,3.10069862181212
417,7.45557556883219,12.3817404607814,3.11553882300552
417,7.45036539220848,12.1818083371506,3.11553882300552
417,7.44515521558477,11.9818762135197,3.11553882300552
418,7.33575108401597,12.3848581413713,3.11557979667896
418,7.33054909935017,12.1849258044282,3.11557979667896
418,7.32534711468438,11.9849934674851,3.11557979667896
419,7.21517385629161,12.3875400537191,3.11936592684162
419,7.21072887695332,12.1875894544234,3.11936592684162
419,7.20628389761504,11.9876388551278,3.11936592684162
420,7.0930742179589,12.3889305086462,3.13030324065065
420,7.09081638333227,12.1889432535953,3.13030324065065
420,7.08855854870564,11.9889559985443,3.13030324065065
421,6.97261056684849,12.3899883991781,3.13281629817179
421,6.97085531829793,12.1899961015701,3.13281629817179
421,6.96910006974736,11.9900038039621,3.13281629817179
422,6.85287254367911,12.3911152048007,3.13218267515935
422,6.85099057576729,12.1911240595048,3.13218267515935
422,6.84910860785548,11.9911329142089,3.13218267515935
423,6.73325465801154,12.3923342697085,3.13140218929928
423,6.73121660042774,12.1923446541748,3.13140218929928
423,6.72917854284394,11.9923550386412,3.13140218929928
424,6.61357596374175,12.3936549802108,3.13055822779848
424,6.61136912336774,12.1936671559425,3.13055822779848
424,6.60916228299373,11.9936793316742,3.13055822779848
425,6.49275108801789,12.3943941650883,3.1354950809667
425,6.49153158105027,12.194397883116,3.1354950809667
425,6.49031207408264,11.9944016011437,3.1354950809667
426,6.3711182729219,12.3941557854533,-3.13957873231135
426,6.37152105690531,12.194156191041,-3.13957873231135
426,6.37192384088872,11.9941565966288,-3.13957873231135
427,6.25109477012261,12.3939151535012,-3.13958778260838
427,6.25149574405027,12.1939155554518,-3.13958778260838
427,6.25189671797793,11.9939159574025,-3.13958778260838
428,6.1311225263892,12.393662354484,-3.13948550212433
428,6.13154395637043,12.1936627984925,-3.13948550212433
428,6.13196538635166,11.9936632425011,-3.13948550212433
429,6.01122828655123,12.3934015336124,-3.13941722859338
429,6.01166337120734,12.1934020068596,-3.13941722859338
429,6.01209845586345,11.9934024801068,-3.13941722859338
430,5.89132805566432,12.3931398028737,-3.13940975263395
430,5.89176463550877,12.1931402793791,-3.13940975263395
430,5.89220121535321,11.9931407558846,-3.13940975263395
431,5.7713766376765,12.3928751492912,-3.13938631695432
431,5.77181790464558,12.1928756360831,-3.13938631695432
431,5.77225917161467,11.992876122875,-3.13938631695432
432,5.65175061273964,12.3928360377329,-3.1412627616514
432,5.65181659112612,12.1928360486157,-3.1412627616514
432,5.6518825695126,11.9928360594986,-3.1412627616514
433,5.5318473457551,12.3928691591048,3.1413167255846
433,5.53179216015476,12.1928691667184,3.1413167255846
433,5.53173697455442,11.992869174332,3.1413167255846
434,5.41189918784525,12.3929263230043,3.1411161154605
434,5.411803880223,12.1929263457132,3.1411161154605
434,5.41170857260075,11.992926368422,3.1411161154605
435,5.29216435889029,12.3929700596033,3.14122738510956
435,5.29209130519587,12.1929700729455,3.14122738510956
435,5.29201825150144,11.9929700862876,3.14122738510956
436,5.16859234395155,12.3906435650387,-3.12246026619147
436,5.17241858798959,12.1906801687469,-3.12246026619147
436,5.17624483202763,11.9907167724551,-3.12246026619147
437,5.04738351928604,12.3874347740806,-3.11508067663015
437,5.0526852935375,12.1875050584558,-3.11508067663015
437,5.05798706778896,11.9875753428311,-3.11508067663015
438,4.92250608712247,12.3809550341823,-3.08921536208163
438,4.93297675638609,12.1812293095368,-3.08921536208163
438,4.94344742564972,11.9815035848913,-3.08921536208163
439,4.80049426224313,12.3732019716992,-3.07803214396407
439,4.81319780654566,12.1736058295467,-3.07803214396407
439,4.82590135084818,11.9740096873942,-3.07803214396407
440,4.68067678306391,12.3655466647166,-3.07778792476075
440,4.69342907219793,12.1659536309658,-3.07778792476075
440,4.70618136133196,11.966360597215,-3.07778792476075
441,4.55888066082577,12.3563805398503,-3.06636957312788
441,4.57391109257549,12.1569461242611,-3.06636957312788
441,4.58894152432522,11.9575117086718,-3.06636957312788
442,4.43345445331085,12.3422083746549,-3.0279058697578
442,4.45614286285769,12.143499451674,-3.0279058697578
442,4.47883127240454,11.9447905286931,-3.0279058697578
443,4.28145811235087,12.2965820618982,-2.82381022476867
443,4.34395027070624,12.1065959304462,-2.82381022476867
443,4.40644242906162,11.9166097989942,-2.82381022476867
444,4.14679243508431,12.2299245202169,-2.66527169809018
444,4.23849498787201,12.0521869557793,-2.66527169809018
444,4.3301975406597,11.8744493913417,-2.66527169809018
445,4.02811354838011,12.1517030367035,-2.54941192880543
445,4.13974789868132,11.9857579499042,-2.54941192880543
445,4.25138224898254,11.8198128631049,-2.54941192880543
446,3.92178796170204,12.0680342891057,-2.47025540220184
446,4.04619468132173,11.9114361789209,-2.47025540220184
446,4.17060140094142,11.754838068736,-2.47025540220184
447,3.82457116731229,11.9836712556379,-2.4252949022272
447,3.95589052483688,11.8328229001967,-2.4252949022272
447,4.08720988236148,11.6819745447554,-2.4252949022272
448,3.73270464561259,11.9001315662564,-2.40323882544937
448,3.8673189160919,11.7522160559699,-2.40323882544937
448,4.00193318657121,11.6043005456834,-2.40323882544937
449,3.64308426847692,11.8159577350721,-2.38731711435862
449,3.78003644541831,11.6702041717159,-2.38731711435862
449,3.91698862235969,11.5244506083598,-2.38731711435862
450,3.55488633606028,11.7309288708267,-2.37434952088204
450,3.69371701831387,11.5869634525312,-2.37434952088204
450,3.83254770056746,11.4429980342357,-2.37434952088204
451,3.46856299751112,11.6478685419604,-2.37545510342999
451,3.60723442929591,11.5037497229022,-2.37545510342999
451,3.7459058610807,11.3596309038439,-2.37545510342999
452,3.39739148382334,11.5810814571496,-2.38780820682002
452,3.53427206577691,11.4352606551903,-2.38780820682002
452,3.67115264773048,11.289439853231,-2.38780820682002
453,3.32564942124407,11.5158680638425,-2.40357214153309
453,3.46021438162789,11.367907692672,-2.40357214153309
453,3.59477934201171,11.2199473215016,-2.40357214153309
454,3.25448742669715,11.4557055028931,-2.4384516645121
454,3.38381079997337,11.3031425154929,-2.4384516645121
454,3.51313417324959,11.1505795280928,-2.4384516645121
455,3.17897939495943,11.3934149250618,-2.45164280867118
455,3.30627909486238,11.2391593371416,-2.45164280867118
455,3.43357879476532,11.0849037492213,-2.45164280867118
456,3.08596582466792,11.3157482664712,-2.44584173132504
456,3.21415822617803,11.16223374535,-2.44584173132504
456,3.34235062768813,11.0087192242288,-2.44584173132504
457,3.0132545238401,11.2605052962007,-2.48976357934306
457,3.13458282163394,11.1015101888721,-2.48976357934306
457,3.25591111942779,10.9425150815434,-2.48976357934306
458,2.91975423944182,11.1922866027993,-2.5108843053737
458,3.03769763442875,11.0307646056009,-2.5108843053737
458,3.15564102941569,10.8692426084025,-2.5108843053737
459,2.82423946484587,11.124511732148,-2.52431552820196
459,2.94000284892171,10.9614202274419,-2.52431552820196
459,3.05576623299755,10.7983287227358,-2.52431552820196
460,2.74494371095842,11.0707587978976,-2.54540351974361
460,2.85724233843555,10.9052625191879,-2.54540351974361
460,2.96954096591268,10.7397662404782,-2.54540351974361
461,2.64709365005724,11.0064021995897,-2.55964588820589
461,2.75702390882098,10.8393233612884,-2.55964588820589
461,2.86695416758472,10.672244522987,-2.55964588820589
462,2.5480598152751,10.9427824456744,-2.57047606940951
462,2.6561741683657,10.7745228645036,-2.57047606940951
462,2.7642885214563,10.6062632833327,-2.57047606940951
463,2.44701880180885,10.8774183246466,-2.56738704333215
463,2.55565239648925,10.7094935137733,-2.56738704333215
463,2.66428599116965,10.5415687029001,-2.56738704333215
464,2.34343224539634,10.805683137736,-2.53507993949322
464,2.4574333725067,10.6413549812394,-2.53507993949322
464,2.57143449961706,10.4770268247428,-2.53507993949322
465,2.24002927403367,10.7246519370051,-2.47407194671645
465,2.36383742539208,10.5675801646932,-2.47407194671645
465,2.48764557675049,10.4105083923812,-2.47407194671645
466,2.13926576943911,10.6298766781669,-2.38048188249194
466,2.27721099880642,10.4850626122244,-2.38048188249194
466,2.41515622817372,10.3402485462819,-2.38048188249194
467,2.04924942315623,10.5319639897921,-2.31052323095238
467,2.19697995843916,10.3971467470335,-2.31052323095238
467,2.34471049372209,10.262329504275,-2.31052323095238
468,1.96530061357839,10.4182770548512,-2.19787586471487
468,2.12724954056254,10.3009205678184,-2.19787586471487
468,2.2891984675467,10.1835640807856,-2.19787586471487
469,1.89458320900587,10.2966160443136,-2.08889517855045
469,2.06833565972654,10.1975701667186,-2.08889517855045
469,2.24208811044721,10.0985242891237,-2.08889517855045
470,1.83767289150109,10.1661792773657,-1.97273266340262
470,2.02173393605507,10.0879390583112,-1.97273266340262
470,2.20579498060905,10.0096988392567,-1.97273266340262
471,1.79421866309702,10.0380922029942,-1.89319214324293
471,1.98391447325488,9.97472423309969,-1.89319214324293
471,2.17361028341274,9.91135626320517,-1.89319214324293
472,1.75935325381849,9.91277003090788,-1.83996330847739
472,1.95215180464311,9.85958432982267,-1.83996330847739
472,2.14495035546774,9.80639862873746,-1.83996330847739
473,1.73182515718618,9.78394212988018,-1.77843915282516
473,1.92752907186989,9.74271134311262,-1.77843915282516
473,2.1232329865536,9.70148055634505,-1.77843915282516
474,1.70965391283733,9.65957282813462,-1.74640001023978
474,1.90657816349278,9.62463231434635,-1.74640001023978
474,2.10350241414824,9.58969180055808,-1.74640001023978
475,1.6888256192937,9.54147728911285,-1.74536830679133
475,1.88578581338706,9.50673996131257,-1.74536830679133
475,2.08274600748043,9.4720026335123,-1.74536830679133
476,1.66754340547938,9.42460238221821,-1.75089108528246
476,1.86430875023927,9.38877782218576,-1.75089108528246
476,2.06107409499917,9.35295326215331,-1.75089108528246
477,1.6455763358033,9.30802968371312,-1.75702143106165
477,1.84211836767704,9.27099956479701,-1.75702143106165
477,2.03866039955078,9.2339694458809,-1.75702143106165
478,1.62385321142058,9.18900923954535,-1.75129806731799
478,1.82060395993296,9.15310460252147,-1.75129806731799
478,2.01735470844535,9.11719996549759,-1.75129806731799
479,1.60235780518772,9.07099196235092,-1.75095909561072
479,1.79912071305248,9.03515402032565,-1.75095909561072
479,1.99588362091723,8.99931607830038,-1.75095909561072
480,1.58076039418134,8.9533942738356,-1.75242555336466
480,1.77747053566785,8.91726782595653,-1.75242555336466
480,1.97418067715435,8.88114137807746,-1.75242555336466
481,1.55863120203946,8.83677134781877,-1.7582879535924
481,1.75512617681134,8.79949233375722,-1.7582879535924
481,1.95162115158321,8.76221331969567,-1.7582879535924
482,1.53490513554607,8.72292106846519,-1.77598356711071
482,1.73070970582167,8.68217097326055,-1.77598356711071
482,1.92651427609727,8.6414208780559,-1.77598356711071
483,1.5134704323373,8.62910503604729,-1.79503939038945
483,1.70846297336233,8.58463134781928,-1.79503939038945
483,1.90345551438736,8.54015765959127,-1.79503939038945
484,1.4859948653423,8.51478882164406,-1.80655662688351
484,1.68046227128694,8.46807235746748,-1.80655662688351
484,1.87492967723159,8.4213558932909,-1.80655662688351
485,1.45774491766075,8.39897156038162,-1.81003274648932
485,1.65204875700212,8.35157938785068,-1.81003274648932
485,1.84635259634349,8.30418721531973,-1.81003274648932
486,1.42892742127484,8.2835115796422,-1.81536388142113
486,1.62297584659837,8.23508422549751,-1.81536388142113
486,1.81702427192191,8.18665687135282,-1.81536388142113
487,1.39913350054704,8.16984499983805,-1.82703030412597
487,1.59260375933126,8.11915714166699,-1.82703030412597
487,1.78607401811547,8.06846928349593,-1.82703030412597
488,1.37024153515752,8.04999853153893,-1.80703297076847
488,1.5646866659383,8.00318943930627,-1.80703297076847
488,1.75913179671908,7.95638034707361,-1.80703297076847
489,1.35074146225722,7.91167915120326,-1.70313026787653
489,1.54899278923353,7.88528954430712,-1.70313026787653
489,1.74724411620983,7.85889993741098,-1.70313026787653
490,1.34114243445233,7.77971519166024,-1.64043877097213
490,1.54065762344404,7.76579795911913,-1.64043877097213
490,1.74017281243575,7.75188072657803,-1.64043877097213
491,1.33391000671306,7.65787318071019,-1.62999648475246
491,1.53355964318616,7.64604006378518,-1.62999648475246
491,1.73320927965925,7.63420694686017,-1.62999648475246
492,1.32759359689521,7.53673069985165,-1.62284735864386
492,1.5273227270677,7.526325193591,-1.62284735864386
492,1.72705185724019,7.51591968733035,-1.62284735864386
493,1.32293250914633,7.41410441330865,-1.6086236858269
493,1.52278943529889,7.40654074562357,-1.6086236858269
493,1.72264636145145,7.39897707793848,-1.6086236858269
494,1.31965703609682,7.29205144082877,-1.59752549670591
494,1.51958559549794,7.28670624337769,-1.59752549670591
494,1.71951415489907,7.28136104592662,-1.59752549670591
495,1.3164312758683,7.17224046661745,-1.59771354047599
495,1.51635882660357,7.16685767394104,-1.59771354047599
495,1.71628637733883,7.16147488126464,-1.59771354047599
496,1.31392959187537,7.05118633139063,-1.59142656961318
496,1.51388703269299,7.04706057549988,-1.59142656961318
496,1.7138444735106,7.04293481960913,-1.59142656961318
497,1.31185996407955,6.93058078994833,-1.58794489750432
497,1.51183055745247,6.92715124390197,-1.58794489750432
497,1.71180115082538,6.92372169785561,-1.58794489750432
498,1.30971570328461,6.81078134149046,-1.58869270254588
498,1.50968367611293,6.80720225739906,-1.58869270254588
498,1.70965164894124,6.80362317330767,-1.58869270254588
499,1.30796176710281,6.69017195236107,-1.58532820284016
499,1.50794064993229,6.68726567944344,-1.58532820284016
499,1.70791953276177,6.68435940652581,-1.58532820284016
500,1.30591159015478,6.57078831069216,-1.58796184386499
500,1.50588212538066,6.56735537587249,-1.58796184386499
500,1.70585266060654,6.56392244105282,-1.58796184386499
501,1.30336254674351,6.47249948214561,-1.5966479913787
501,1.50329571960922,6.4673297251059,-1.5966479913787
501,1.70322889247493,6.46215996806619,-1.5966479913787
502,1.29920860074243,6.37586879594894,-1.61346532479651
502,1.49902656402457,6.36733758561388,-1.61346532479651
502,1.6988445273067,6.35880637527881,-1.61346532479651
503,1.29310471904562,6.25805757558789,-1.62249167698731
503,1.49283753763193,6.24772310997182,-1.62249167698731
503,1.69257035621823,6.23738864435575,-1.62249167698731
504,1.28844760875147,6.13563304177919,-1.60866255625892
504,1.48830424075001,6.12806160557476,-1.60866255625892
504,1.68816087274856,6.12049016937033,-1.60866255625892
505,1.28314109268533,6.01725427360339,-1.61555285903827
505,1.48294081140357,6.00830595531946,-1.61555285903827
505,1.68274053012182,5.99935763703553,-1.61555285903827
506,1.28101720566733,5.89191859794593,-1.58709425321831
506,1.48099064401471,5.88865915696248,-1.58709425321831
506,1.6809640823621,5.88539971597902,-1.58709425321831
507,1.28289031600727,5.76573926992675,-1.55514371082964
507,1.48286581606884,5.76886966528938,-1.55514371082964
507,1.68284131613041,5.77200006065201,-1.55514371082964
508,1.28531617997469,5.66401578336776,-1.54688620535841
508,1.48525901330755,5.66879735202572,-1.54688620535841
508,1.6852018466404,5.67357892068369,-1.54688620535841
509,1.29116607047305,5.53958935061733,-1.52337221348383
509,1.49094120796931,5.54907061837808,-1.52337221348383
509,1.69071634546557,5.55855188613884,-1.52337221348383
510,1.29502928898136,5.44122957473649,-1.53147342605351
510,1.49487467985318,5.44909212822051,-1.53147342605351
510,1.694720070725,5.45695468170452,-1.53147342605351
511,1.29742205922304,5.3440877450765,-1.5459538060451
511,1.49736034731322,5.34905573818948,-1.5459538060451
511,1.69729863540339,5.35402373130246,-1.5459538060451
512,1.29856811158042,5.22715581290613,-1.56080696120382
512,1.49855813292091,5.22915365279741,-1.56080696120382
512,1.6985481542614,5.23115149268868,-1.56080696120382
513,1.29790944707551,5.13035975194258,-1.57731921752245
513,1.49790519228025,5.12905518304827,-1.57731921752245
513,1.69790093748499,5.12775061415396,-1.57731921752245
514,1.2953582435785,5.03431159364131,-1.59695069707948
514,1.4952898423693,5.02908131592817,-1.59695069707948
514,1.69522144116009,5.02385103821504,-1.59695069707948
515,1.29091903118481,4.91670529107905,-1.60841315917282
515,1.49077754526203,4.90918369877122,-1.60841315917282
515,1.69063605933925,4.9016621064634,-1.60841315917282
516,1.28595934125909,4.79776156758008,-1.61245624012405
516,1.48578581152085,4.78943199479829,-1.61245624012405
516,1.68561228178261,4.78110242201649,-1.61245624012405
517,1.28152579661016,4.67698403706271,-1.60746761720163
517,1.48139133332583,4.66965142270243,-1.60746761720163
517,1.6812568700415,4.66231880834215,-1.60746761720163
518,1.27716339210114,4.55706695827845,-1.60715872111246
518,1.47703118429741,4.54979608194967,-1.60715872111246
518,1.67689897649368,4.54252520562088,-1.60715872111246
519,1.27272361611025,4.43730831305979,-1.60785165327177
519,1.47258632209913,4.42989894366684,-1.60785165327177
519,1.67244902808801,4.42248957427389,-1.60785165327177
520,1.2683293327896,4.31731349191069,-1.60740040823339
520,1.46819536187131,4.30999431032346,-1.60740040823339
520,1.66806139095303,4.30267512873624,-1.60740040823339
521,1.26530931061066,4.19511864973472,-1.59538805561986
521,1.46524883834566,4.19020079968557,-1.59538805561986
521,1.66518836608066,4.18528294963642,-1.59538805561986
522,1.26373773026034,4.07286399756923,-1.58353569701743
522,1.46372150132446,4.07031619244057,-1.58353569701743
522,1.66370527238858,4.06776838731191,-1.58353569701743
523,1.26258300270207,3.95269872999522,-1.58039733007705
523,1.46257378484647,3.95077855883911,-1.58039733007705
523,1.66256456699088,3.94885838768299,-1.58039733007705
524,1.26522199192403,3.82653953195854,-1.54910553691278
524,1.46517494473211,3.83087734976604,-1.54910553691278
524,1.66512789754018,3.83521516757354,-1.54910553691278
525,1.2674354585278,3.70720364859619,-1.55224200491316
525,1.46740103322938,3.7109143000574,-1.55224200491316
525,1.66736660793096,3.71462495151862,-1.55224200491316
526,1.26786401672834,3.5900958669946,-1.56695205359981
526,1.46786253888652,3.59086471973987,-1.56695205359981
526,1.6678610610447,3.59163357248514,-1.56695205359981
527,1.26654583573677,3.49351913489425,-1.58413871736431
527,1.46652803406225,3.49085073595313,-1.58413871736431
527,1.66651023238773,3.48818233701202,-1.58413871736431
528,1.26381835520481,3.37542452742539,-1.59380878546734
528,1.46376540021642,3.37082244190623,-1.59380878546734
528,1.66371244522803,3.36622035638707,-1.59380878546734
529,1.26035499868928,3.25676754514382,-1.59994430097625
529,1.46027004426445,3.25093877574739,-1.59994430097625
529,1.66018508983963,3.24511000635096,-1.59994430097625
530,1.25673219560619,3.1583056686103,-1.60751552464487
530,1.4565973808057,3.15096347921158,-1.60751552464487
530,1.65646256600521,3.14362128981286,-1.60751552464487
531,1.25161333231898,3.06154671955589,-1.62339023102017
531,1.45133678419871,3.05103278740636,-1.62339023102017
531,1.65106023607844,3.04051885525683,-1.62339023102017
532,1.24554263974252,2.96357313566401,-1.63259346957133
532,1.44516087257399,2.95122157214999,-1.63259346957133
532,1.64477910540546,2.93887000863598,-1.63259346957133
533,1.23771103130023,2.8447428802706,-1.63659356163839
533,1.43727825985499,2.83159292639332,-1.63659356163839
533,1.63684548840974,2.81844297251605,-1.63659356163839
534,1.2297791195523,2.72522658259477,-1.63706573804867
534,1.42934011676246,2.71198239924931,-1.63706573804867
534,1.62890111397261,2.69873821590384,-1.63706573804867
535,1.22293840406924,2.60373079829213,-1.62695710913537
535,1.42262308361261,2.59250454532588,-1.62695710913537
535,1.62230776315598,2.58127829235963,-1.62695710913537
536,1.22225600021008,2.47353888838637,-1.57387398010436
536,1.42225505301584,2.47292335869619,-1.57387398010436
536,1.6222541058216,2.47230782900601,-1.57387398010436
537,1.22656024964358,2.3462728991104,-1.53585323501102
537,1.42643816010081,2.35326009534726,-1.53585323501102
537,1.62631607055804,2.36024729158413,-1.53585323501102
538,1.23636416128385,2.2184534763011,-1.49279920510587
538,1.43575611453542,2.23403708880037,-1.49279920510587
538,1.63514806778698,2.24962070129965,-1.49279920510587
539,1.24955723311965,2.09371739629399,-1.46479502843924
539,1.44843465731604,2.1148779762721,-1.46479502843924
539,1.64731208151243,2.1360385562502,-1.46479502843924
540,1.26231366946298,1.97437897988344,-1.4643075255385
540,1.46118075418315,1.99563651066439,-1.4643075255385
540,1.66004783890331,2.01689404144534,-1.4643075255385
541,1.27907256429005,1.85009131828191,-1.43613221270166
541,1.47726186074924,1.87694281300776,-1.43613221270166
541,1.67545115720842,1.90379430773361,-1.43613221270166
542,1.3035016385451,1.72167924119833,-1.38042999583221
542,1.49988863541836,1.75952296536893,-1.38042999583221
542,1.69627563229163,1.79736668953952,-1.38042999583221
543,1.33479158990729,1.59521727343051,-1.32596547112367
543,1.52882725753159,1.64369571904911,-1.32596547112367
543,1.72286292515588,1.6921741646677,-1.32596547112367
544,1.37624569628725,1.46790095868556,-1.25193069585683
544,1.56616402465633,1.53059887371861,-1.25193069585683
544,1.75608235302542,1.59329678875166,-1.25193069585683
545,1.42181493044344,1.34767143084472,-1.20693256092384
545,1.60872067765508,1.41884896704301,-1.20693256092384
545,1.79562642486672,1.4900265032413,-1.20693256092384
546,1.48197751615937,1.22401456555738,-1.11134452734411
546,1.66123666325274,1.31270593031945,-1.11134452734411
546,1.84049581034611,1.40139729508152,-1.11134452734411
547,1.55837513989234,1.10404951541112,-0.994075328481338
547,1.72602616416248,1.21310516203784,-0.994075328481338
547,1.89367718843262,1.32216080866456,-0.994075328481338
548,1.6455357823985,0.994677387571788,-0.8902340115554
548,1.80097958558571,1.12052342068645,-0.8902340115554
548,1.95642338877292,1.24636945380111,-0.8902340115554
549,1.74554941222222,0.894834859354039,-0.775186238444849
549,1.88551923539691,1.03769300088068,-0.775186238444849
549,2.0254890585716,1.18055114240733,-0.775186238444849
550,1.85251278516071,0.807355484321539,-0.67881054692746
550,1.9780863237946,0.963019501984468,-0.67881054692746
550,2.10365986242848,1.1186835196474,-0.67881054692746
551,1.96548560275314,0.73053534344616,-0.591605360816219
551,2.07702445575806,0.896544633157147,-0.591605360816219
551,2.18856330876298,1.06255392286813,-0.591605360816219
552,2.07272119996351,0.663369003451304,-0.558709862381733
552,2.17873973605659,0.832956945253426,-0.558709862381733
552,2.28475827214967,1.00254488705555,-0.558709862381733
553,2.17972805091816,0.600138919593906,-0.533175058634403
553,2.28138210121879,0.772378444841383,-0.533175058634403
553,2.38303615151943,0.94461797008886,-0.533175058634403
554,2.31911524598245,0.543041767320652,-0.371454193926899
554,2.39170941276257,0.729401867528556,-0.371454193926899
554,2.46430357954269,0.915761967736461,-0.371454193926899
555,2.45770244008111,0.506163140447768,-0.249763650485171
555,2.50713743015426,0.699957314138485,-0.249763650485171
555,2.5565724202274,0.893751487829202,-0.249763650485171
556,2.59215874605742,0.483076801274228,-0.164748624115947
556,2.62495961886091,0.680368723925232,-0.164748624115947
556,2.6577604916644,0.877660646576235,-0.164748624115947
557,2.72267436646584,0.46888626132288,-0.1056409261817
557,2.74376327518175,0.667771298289395,-0.1056409261817
557,2.76485218389766,0.86665633525591,-0.1056409261817
558,2.85200602208971,0.461466892011743,-0.055352428455355
558,2.86307085551922,0.661160581098748,-0.055352428455355
558,2.87413568894872,0.860854270185753,-0.055352428455355
559,2.97963603353146,0.459295348120999,-0.015786499745734
559,2.98279320234191,0.659270427281134,-0.015786499745734
559,2.98595037115236,0.85924550644127,-0.015786499745734
560,3.10086383696209,0.458159637181609,-0.009333784218912
560,3.10273056670083,0.658150925292073,-0.009333784218912
560,3.10459729643957,0.858142213402537,-0.009333784218912
561,3.22061612218936,0.456963131051477,-0.009990816854744
561,3.22261425231888,0.656953149492361,-0.009990816854744
561,3.22461238244841,0.856943167933246,-0.009990816854744
562,3.3404472358585,0.45574156067392,-0.010193712728407
562,3.34248594309614,0.655731169585981,-0.010193712728407
562,3.34452465033377,0.855720778498042,-0.010193712728407
563,3.46171795681179,0.455411231662566,-0.002677304130524
563,3.4622534169982,0.655410514867254,-0.002677304130524
563,3.46278887718461,0.855409798071941,-0.002677304130524
564,3.58208932891733,0.455377447011849,-0.000275879267734
564,3.58214450477018,0.655377439400912,-0.000275879267734
564,3.58219968062302,0.855377431789975,-0.000275879267734
565,3.70153541427148,0.45505761468217,-0.002672812906482
565,3.7020699762163,0.655056900289712,-0.002672812906482
565,3.70260453816112,0.855056185897254,-0.002672812906482
566,3.82128398675816,0.45460530487923,-0.003776127873839
566,3.82203921053812,0.654603878966753,-0.003776127873839
566,3.82279443431807,0.854602453054275,-0.003776127873839
567,3.94110169164575,0.454086455001136,-0.004330044157243
567,3.94196769777103,0.654084580075825,-0.004330044157243
567,3.94283370389631,0.854082705150514,-0.004330044157243
568,4.06088891029179,0.453495058318203,-0.004936712618111
568,4.06187624880498,0.653492621210006,-0.004936712618111
568,4.06286358731816,0.853490184101808,-0.004936712618111
