0,1.60131441489848,0.700305019816642,0.001872670230427
0,1.60075261415771,1.00030449378273,0.001872670230427
1,1.69785205496095,0.399146710686654,-0.011782264661457
1,1.70138665257822,0.699125887663463,-0.011782264661457
1,1.70492125019549,0.999105064640273,-0.011782264661457
2,1.79493768402579,0.397044665672852,-0.021502138841562
2,1.80138782862269,0.696975317048598,-0.021502138841562
2,1.80783797321958,0.996905968424344,-0.021502138841562
3,1.91121852421862,0.393102894001434,-0.033694109018574
3,1.92132484439848,0.692932616164567,-0.033694109018574
3,1.93143116457834,0.992762338327701,-0.033694109018574
4,2.02954197472836,0.38846835855562,-0.039111175817583
4,2.04127233631528,0.688238935192221,-0.039111175817583
4,2.0530026979022,0.988009511828822,-0.039111175817583
5,2.14877966765844,0.383541610335535,-0.041289262294395
5,2.16116292714346,0.683285926185772,-0.041289262294395
5,2.17354618662849,0.983030242036008,-0.041289262294395
6,2.26888699831177,0.378720719130163,-0.040114937624679
6,2.2809182521945,0.678479370264721,-0.040114937624679
6,2.29294950607722,0.978238021399278,-0.040114937624679
7,2.39029516238068,0.374517967982736,-0.034564857418709
7,2.40066255494712,0.674338776418997,-0.034564857418709
7,2.41102994751356,0.974159584855259,-0.034564857418709
8,2.51174221099443,0.370978355292318,-0.029100200805044
8,2.52047103915405,0.670851341002868,-0.029100200805044
8,2.52919986731368,0.970724326713418,-0.029100200805044
9,2.63314684740548,0.368044344758208,-0.024132012318827
9,2.64038574845287,0.667956995894545,-0.024132012318827
9,2.64762464950027,0.967869647030881,-0.024132012318827
10,2.7532333414497,0.365190280906415,-0.023762090450391
10,2.76036129775605,0.66510558935014,-0.023762090450391
10,2.7674892540624,0.965020897793865,-0.023762090450391
11,2.87334837321683,0.362394088197888,-0.023274790113519
11,2.88033017985182,0.662312834487799,-0.023274790113519
11,2.88731198648681,0.962231580777709,-0.023274790113519
12,2.99465587406025,0.360115714195658,-0.018754335125629
12,3.00028184478523,0.660062956979121,-0.018754335125629
12,3.00590781551021,0.960010199762584,-0.018754335125629
13,3.11648294194282,0.358639891821699,-0.012058281977235
13,3.12010033887161,0.658618081761333,-0.012058281977235
13,3.12371773580041,0.958596271700968,-0.012058281977235
14,3.2375784274382,0.357667657200931,-0.008008170577379
14,3.23998085293297,0.65765803763294,-0.008008170577379
14,3.24238327842775,0.95764841806495,-0.008008170577379
15,3.35781239609682,0.356816668083316,-0.007076575282831
15,3.3599353509627,0.656809156427004,-0.007076575282831
15,3.36205830582859,0.956801644770691,-0.007076575282831
16,3.47763902461459,0.355899724090263,-0.00765169223833
16,3.47993450988644,0.655890941873995,-0.00765169223833
16,3.48222999515829,0.955882159657727,-0.00765169223833
17,3.59831767620483,0.355246642082349,-0.005405419884198
17,3.59993929427317,0.655242259308402,-0.005405419884198
17,3.60156091234151,0.955237876534455,-0.005405419884198
18,3.71856055456845,0.35467972505134,-0.004714134904878
18,3.71997478980179,0.654676391597328,-0.004714134904878
18,3.72138902503513,0.954673058143316,-0.004714134904878
19,3.83832224624923,0.3540642595574,-0.005138813712011
19,3.8398638835777,0.654060298455162,-0.005138813712011
19,3.84140552090618,0.954056337352923,-0.005138813712011
20,3.95896008983282,0.353749125265067,-0.002604240600433
20,3.95974136112984,0.653748107955277,-0.002604240600433
20,3.96052263242687,0.953747090645486,-0.002604240600433
21,4.07921306168513,0.353560490256484,-0.001567309041194
21,4.07968325420499,0.653560121787915,-0.001567309041194
21,4.08015344672485,0.953559753319346,-0.001567309041194
22,4.19907688320272,0.353322269565495,-0.001987204542169
22,4.199673044173,0.653321677218406,-0.001987204542169
22,4.20026920514328,0.953321084871317,-0.001987204542169
23,4.31898766337327,0.353033683860379,-0.002406445718561
23,4.31970959639206,0.653032815213649,-0.002406445718561
23,4.32043152941084,0.953031946566919,-0.002406445718561
24,4.43890552162223,0.352690864570071,-0.002858520872025
24,4.43976307671597,0.652689638899669,-0.002858520872025
24,4.44062063180971,0.952688413229268,-0.002858520872025
25,4.55881761593372,0.352343630906274,-0.002895725302945
25,4.55968633231054,0.652342373123398,-0.002895725302945
25,4.56055504868736,0.952341115340523,-0.002895725302945
26,4.65908814128316,0.352141574664657,-0.002013945147161
26,4.65969232441888,0.652140966268604,-0.002013945147161
26,4.6602965075546,0.952140357872551,-0.002013945147161
27,4.7788825633186,0.3518638959239,-0.002317840729828
27,4.77957791491493,0.651863090066413,-0.002317840729828
27,4.78027326651127,0.951862284208927,-0.002317840729828
28,4.89904094113226,0.351688954198135,-0.001454995733453
28,4.89947743969828,0.651688636646304,-0.001454995733453
28,4.8999139382643,0.951688319094472,-0.001454995733453
29,5.01926839139477,0.351621828424209,-0.000557317758715
29,5.01943558671373,0.651621781833748,-0.000557317758715
29,5.01960278203269,0.951621735243286,-0.000557317758715
30,5.13913995183079,0.351501353480572,-0.001004782693421
30,5.13944138658809,0.651501202042345,-0.001004782693421
30,5.1397428213454,0.951501050604119,-0.001004782693421
31,5.25905487982414,0.351327137885255,-0.00145257473806
31,5.25949065209231,0.651326821389305,-0.00145257473806
31,5.25992642436049,0.951326504893355,-0.00145257473806
32,5.379100397459,0.35116707030729,-0.001333372164737
32,5.37950040898989,0.65116680362513,-0.001333372164737
32,5.37990042052078,0.95116653694297,-0.001333372164737
33,5.49975979424693,0.351310353624621,0.001195451785927
33,5.49940115879657,0.651310139258901,0.001195451785927
33,5.49904252334622,0.951309924893181,0.001195451785927
34,5.59987058342802,0.351465519448047,0.001550128310201
34,5.5994055451212,0.651465159013453,0.001550128310201
34,5.59894050681438,0.951464798578858,0.001550128310201
35,5.70000169952412,0.351662874573877,0.001971230092351
35,5.6994103308794,0.651662291711854,0.001971230092351
35,5.69881896223468,0.951661708849831,0.001971230092351
36,5.80013392352577,0.351897052651594,0.002338886694683
36,5.7994322581571,0.651896232093323,0.002338886694683
36,5.79873059278842,0.951895411535051,0.002338886694683
37,5.92012477044885,0.352220045427195,0.002691961119803
37,5.9193171830883,0.65221895842965,0.002691961119803
37,5.91850959572774,0.952217871432106,0.002691961119803
38,6.02019782034595,0.352512301788853,0.0029205002303
38,6.01932167152235,0.652511022391523,0.0029205002303
38,6.01844552269876,0.952509742994193,0.0029205002303
39,6.1203481196147,0.352854182415419,0.003414027079025
39,6.11932391348062,0.652852434079983,0.003414027079025
39,6.11829970734653,0.952850685744547,0.003414027079025
40,6.22036294738516,0.353199343609404,0.003451088577763
40,6.21932762286695,0.653197557109321,0.003451088577763
40,6.21829229834875,0.953195770609238,0.003451088577763
41,6.32039028020755,0.353547769158432,0.003483290872192
41,6.31934529505908,0.653545949162977,0.003483290872192
41,6.31830030991061,0.953544129167522,0.003483290872192
42,6.4204286507871,0.353905829568098,0.003579229241699
42,6.41935488430724,0.653903907937855,0.003579229241699
42,6.41828111782738,0.953901986307612,0.003579229241699
43,6.54039308487967,0.354370215495091,0.003871117224299
43,6.53923175261292,0.654367967665614,0.003871117224299
43,6.53807042034617,0.954365719836136,0.003871117224299
44,6.64038406498633,0.35475212754433,0.003819450435558
44,6.6392382326416,0.654749939316746,0.003819450435558
44,6.63809240029688,0.954747751089162,0.003819450435558
45,6.74025771193333,0.35508861712327,0.003369444209926
45,6.73924688058304,0.655086914151738,0.003369444209926
45,6.73823604923276,0.955085211180207,0.003369444209926
46,6.83992766532563,0.355310997901649,0.002233111275457
46,6.8392577324998,0.655310249884064,0.002233111275457
46,6.83858779967396,0.95530950186648,0.002233111275457
47,6.93992870550834,0.355528936034249,0.002179359540159
47,6.93927489816385,0.655528223593331,0.002179359540159
47,6.93862109081935,0.955527511152412,0.002179359540159
48,7.05999846014251,0.355863830794217,0.002789626381617
48,7.05916157331347,0.655862663492672,0.002789626381617
48,7.05832468648443,0.955861496191126,0.002789626381617
49,7.16020302052248,0.356211714044737,0.003472414639497
49,7.15916129822409,0.65620990539704,0.003472414639497
49,7.1581195759257,0.956208096749343,0.003472414639497
50,7.25989104633594,0.356450256688699,0.002394634938047
50,7.2591726565411,0.656449396547637,0.002394634938047
50,7.25845426674626,0.956448536406575,0.002394634938047
51,7.35982434758463,0.356663355661607,0.002132511920388
51,7.3591845944934,0.656662673520801,0.002132511920388
51,7.35854484140218,0.956661991379996,0.002132511920388
52,7.48049273024529,0.357242525075612,0.004808543151964
52,7.47905017285887,0.657239056769208,0.004808543151964
52,7.47760761547245,0.957235588462805,0.004808543151964
53,7.58092520659582,0.357870106245109,0.006251816879848
53,7.57904967374952,0.65786424348206,0.006251816879848
53,7.57717414090322,0.95785838071901,0.006251816879848
54,7.70220672676193,0.359191834308076,0.010924588993753
54,7.69892941525407,0.659173932489418,0.010924588993753
54,7.6956521037462,0.95915603067076,0.010924588993753
55,7.80149229137314,0.360035228054497,0.008503278838378
55,7.79894133846331,0.660024382257198,0.008503278838378
55,7.79639038555349,0.960013536459898,0.008503278838378
56,7.90067731423398,0.3606066728458,0.005772614773808
56,7.89894553941989,0.660601674397481,0.005772614773808
56,7.8972137646058,0.960596675949162,0.005772614773808
57,8.00028125453402,0.361047677724597,0.004430269292293
57,7.99895217809404,0.661044733636512,0.004430269292293
57,7.99762310165406,0.961041789548427,0.004430269292293
58,8.0998341412817,0.361335588601321,0.002895580153694
58,8.09896546844947,0.661334330944536,0.002895580153694
58,8.09809679561724,0.961333073287751,0.002895580153694
59,8.19931470342554,0.361447620273293,0.001130861712525
59,8.19897544498409,0.661447428446081,0.001130861712525
59,8.19863618654265,0.961447236618869,0.001130861712525
60,8.29883015232492,0.361396500020397,-0.000509635083227
60,8.29898304284327,0.66139646106121,-0.000509635083227
60,8.29913593336162,0.961396422102023,-0.000509635083227
61,8.39836826966977,0.361187320511939,-0.002097698001874
61,8.3989975786088,0.661186660461645,-0.002097698001874
61,8.39962688754783,0.961186000411351,-0.002097698001874
62,8.5178771948032,0.360780757072855,-0.003399809241651
62,8.51889713561083,0.660779023269093,-0.003399809241651
62,8.51991707641845,0.960777289465331,-0.003399809241651
63,8.63766822529033,0.360314719822981,-0.003890097944804
63,8.63883525173036,0.66031244989654,-0.003890097944804
63,8.64000227817039,0.9603101799701,-0.003890097944804
64,8.75750046244596,0.359787691373316,-0.004397701447537
64,8.7588197686277,0.659784790411289,-0.004397701447537
64,8.76013907480943,0.959781889449261,-0.004397701447537
65,8.87677820458225,0.358938474633771,-0.007110284689039
65,8.87891127201558,0.658930891243467,-0.007110284689039
65,8.8810443394489,0.958923307853162,-0.007110284689039
66,8.99349151756277,0.356825860848599,-0.017947976735976
66,8.99887562150925,0.656777542665343,-0.017947976735976
66,9.00425972545573,0.956729224482088,-0.017947976735976
67,9.11509356244664,0.355325938239239,-0.012294636062766
67,9.1187818603445,0.655303264813459,-0.012294636062766
67,9.12247015824235,0.95528059138768,-0.012294636062766
68,9.23636232656633,0.354404969740715,-0.007566646031982
68,9.2386322987149,0.654396381661864,-0.007566646031982
68,9.24090227086347,0.954387793583013,-0.007566646031982
69,9.35724067515515,0.353878588781855,-0.004341700668925
69,9.3585431812637,0.653875761231591,-0.004341700668925
69,9.35984568737225,0.953872933681328,-0.004341700668925
70,9.47718433006034,0.353348399073615,-0.004420286585192
70,9.47851041171752,0.653345468238363,-0.004420286585192
70,9.4798364933747,0.953342537403111,-0.004420286585192
71,9.59745224378704,0.352917893118892,-0.003578659118998
71,9.59852583923118,0.652915972100778,-0.003578659118998
71,9.59959943467533,0.952914051082665,-0.003578659118998
72,9.71759534290935,0.352532396304277,-0.003208465055821
72,9.71855788077466,0.6525308521684,-0.003208465055821
72,9.71952041863997,0.952529308032522,-0.003208465055821
73,9.83770651977717,0.352182959361942,-0.002909159064386
73,9.83857926626545,0.652181689881868,-0.002909159064386
73,9.83945201275372,0.952180420401794,-0.002909159064386
74,9.95786688603121,0.351952839177883,-0.001913869939934
74,9.95844104666267,0.651952289743329,-0.001913869939934
74,9.95901520729414,0.951951740308774,-0.001913869939934
75,10.0585543483908,0.35198937478935,0.000370636562792
75,10.0584431574245,0.651989354183631,0.000370636562792
75,10.0583319664582,0.951989333577912,0.000370636562792
76,10.1785248705726,0.352062224797319,0.000607302521526
76,10.1783426798274,0.652062169474867,0.000607302521526
76,10.1781604890821,0.952062114152416,0.000607302521526
77,10.2762458133604,0.351327174332742,-0.00742281529608
77,10.2784726375001,0.651318909642652,-0.00742281529608
77,10.2806994616398,0.951310644952561,-0.00742281529608
78,10.3713538412336,0.349017741449094,-0.023851875911405
78,10.3785087255455,0.648932408697104,-0.023851875911405
78,10.3856636098573,0.948847075945113,-0.023851875911405
79,10.4684174570428,0.345753869880299,-0.033470547393225
79,10.4784567465506,0.645585843936065,-0.033470547393225
79,10.4884960360585,0.945417817991831,-0.033470547393225
80,10.5866266183792,0.341160584667427,-0.038801692947674
80,10.5982642055474,0.640934777293978,-0.038801692947674
80,10.6099017927157,0.94070896992053,-0.038801692947674
81,10.7086222146955,0.337362244412681,-0.031051181914811
81,10.7179360724021,0.637217629648001,-0.031051181914811
81,10.7272499301086,0.937073014883321,-0.031051181914811
82,10.8390591055465,0.337730475986453,0.004256506037635
82,10.8377821575911,0.637727758314009,0.004256506037635
82,10.8365052096358,0.937725040641565,0.004256506037635
83,10.9635821598586,0.340082432592392,0.019152718479304
83,10.9578366955947,0.640027410280621,0.019152718479304
83,10.9520912313308,0.939972387968851,0.019152718479304
84,11.0838491552039,0.342481389373726,0.019945063379233
84,11.0778660328951,0.642421720518835,0.019945063379233
84,11.0718829105863,0.942362051663944,0.019945063379233
85,11.2034250456599,0.344762359519574,0.019074140200085
85,11.197703150574,0.644707787750486,0.019074140200085
85,11.191981255488,0.944653215981398,0.019074140200085
86,11.3030053006557,0.346524400206787,0.017695694740466
86,11.2976968692886,0.646477430790612,0.017695694740466
86,11.2923884379215,0.946430461374436,0.017695694740466
87,11.4026468983163,0.348159836783809,0.016414189315182
87,11.3977228626389,0.648119423849547,0.016414189315182
87,11.3927988269615,0.948079010915284,0.016414189315182
88,11.5020794361574,0.349603351445878,0.014521909496362
88,11.4977230164302,0.649571719123472,0.014521909496362
88,11.4933665967029,0.949540086801065,0.014521909496362
89,11.62152225365,0.351175715102442,0.013165703403159
89,11.6175726567324,0.651149715116091,0.013165703403159
89,11.6136230598148,0.95112371512974,0.013165703403159
90,11.7210596441968,0.35232992160825,0.011598887452621
90,11.7175800559829,0.652309741705972,0.011598887452621
90,11.7141004677689,0.952289561803693,0.011598887452621
91,11.8406075628211,0.353577917361277,0.010440597124535
91,11.8374754405879,0.653561566599558,0.010440597124535
91,11.8343433183546,0.953545215837839,0.010440597124535
92,11.9601664791348,0.354672366962633,0.009155875881695
92,11.9574197547471,0.654659792541002,0.009155875881695
92,11.9546730303593,0.954647218119372,0.009155875881695
93,12.079846200056,0.355640413717699,0.008089892582003
93,12.077419258754,0.655630596816941,0.008089892582003
93,12.074992317452,0.955620779916183,0.008089892582003
94,12.1994221692281,0.356415179510287,0.006482427362727
94,12.1974774546395,0.656408876252683,0.006482427362727
94,12.1955327400508,0.956402572995079,0.006482427362727
95,12.3189287274143,0.356962094609812,0.004580950418596
95,12.3175544470953,0.656958946849306,0.004580950418596
95,12.3161801667763,0.9569557990888,0.004580950418596
96,12.4382161230839,0.357243258192131,0.002363207072664
96,12.437507161622,0.657242420480371,0.002363207072664
96,12.4367982001601,0.95724158276861,0.002363207072664
97,12.537880468506,0.357361431908143,0.001187795883063
97,12.5375241298249,0.657361220279308,0.001187795883063
97,12.5371677911438,0.957361008650474,0.001187795883063
98,12.6376603543433,0.357405781010647,0.000445298114339
98,12.6375267649134,0.657405751267086,0.000445298114339
98,12.6373931754835,0.957405721523525,0.000445298114339
99,12.7573880349643,0.3573944898388,-9.3942809547518E-05
99,12.7574162178071,0.657394488515013,-9.3942809547518E-05
99,12.7574444006499,0.957394487191225,-9.3942809547518E-05
100,12.8570884399081,0.357285363338415,-0.001093041970096
100,12.8574163524338,0.65728518412732,-0.001093041970096
100,12.8577442649596,0.957285004916226,-0.001093041970096
101,12.9768506437239,0.35709810529326,-0.001563303902949
101,12.9773196347037,0.657097738705471,-0.001563303902949
101,12.9777886256836,0.957097372117681,-0.001563303902949
102,13.0966562442132,0.356854638933098,-0.002031900734502
102,13.0972658140141,0.656854019640222,-0.002031900734502
102,13.097875383815,0.956853400347345,-0.002031900734502
103,13.2165116531315,0.356556010769629,-0.002491300901926
103,13.217259042629,0.656555079783083,-0.002491300901926
103,13.2180064321264,0.956554148796537,-0.002491300901926
104,13.3364088636318,0.356200744209264,-0.002962805988075
104,13.3372977041278,0.656199427477329,-0.002962805988075
104,13.3381865446238,0.956198110745394,-0.002962805988075
105,13.4563116448519,0.355784445224932,-0.003471633199856
105,13.4573531327198,0.655782637391187,-0.003471633199856
105,13.4583946205878,0.955780829557441,-0.003471633199856
106,13.5761058421997,0.355311896910711,-0.003944367526068
106,13.5772891493892,0.655309563208459,-0.003944367526068
106,13.5784724565787,0.955307229506208,-0.003944367526068
107,13.6759682314628,0.35486855259093,-0.004439155606483
107,13.6772999737709,0.654865596680409,-0.004439155606483
107,13.6786317160789,0.954862640769889,-0.004439155606483
108,13.7957101712178,0.354283518880003,-0.004885499383381
108,13.7971758152024,0.65427993867149,-0.004885499383381
108,13.798641459187,0.954276358462978,-0.004885499383381
109,13.9157006261699,0.353730562159396,-0.004608210488818
109,13.9170830844236,0.653727376824446,-0.004608210488818
109,13.9184655426774,0.953724191489496,-0.004608210488818
110,14.0357899477966,0.353236908712751,-0.004110386213886
110,14.0370230601885,0.653234374425095,-0.004110386213886
110,14.0382561725803,0.953231840137439,-0.004110386213886
111,14.1567767005569,0.353135581551122,-0.00082411671198
111,14.1570239355425,0.653135479675875,-0.00082411671198
111,14.1572711705281,0.953135377800627,-0.00082411671198
112,14.2767892830672,0.3530202265659,-0.00096116698657
112,14.2770776331188,0.653020087989614,-0.00096116698657
112,14.2773659831704,0.953019949413328,-0.00096116698657
113,14.3966553768203,0.352838690414107,-0.001514107500185
113,14.3971096088968,0.652838346535945,-0.001514107500185
113,14.3975638409733,0.952838002657782,-0.001514107500185
114,14.516443131573,0.352614104442361,-0.001874700840348
114,14.5170055414956,0.65261357726703,-0.001874700840348
114,14.5175679514183,0.952613050091698,-0.001874700840348
115,14.6362022634056,0.352331633134709,-0.00235836457743
115,14.636909772123,0.652330798852574,-0.00235836457743
115,14.6376172808404,0.952329964570438,-0.00235836457743
116,14.756022912673,0.351998529806711,-0.002779786560495
116,14.7568568475672,0.651997370725459,-0.002779786560495
116,14.7576907824613,0.951996211644207,-0.002779786560495
117,14.8765794867031,0.351899307206795,-0.000818250144544
117,14.8768249617191,0.651899206776806,-0.000818250144544
117,14.8770704367351,0.951899106346817,-0.000818250144544
118,14.99695956046,0.351934817927342,0.000296536884334
118,14.996870599396,0.651934804737224,0.000296536884334
118,14.996781638332,0.951934791547106,0.000296536884334
119,15.117066036739,0.351989788828435,0.000457717150801
119,15.1169287215986,0.651989757402687,0.000457717150801
119,15.1167914064581,0.951989725976939,0.000457717150801
120,15.2370805456161,0.352077004247672,0.000726797662601
120,15.2368625063365,0.652076925012449,0.000726797662601
120,15.2366444670569,0.952076845777226,0.000726797662601
121,15.3371788118445,0.352179545706187,0.001024540425278
121,15.3368714497707,0.652179388253738,0.001024540425278
121,15.3365640876969,0.95217923080129,0.001024540425278
122,15.4609020683618,0.353936108116197,0.0144138823343
122,15.4565780533913,0.653904944655154,0.0144138823343
122,15.4522540384209,0.953873781194111,0.0144138823343
123,15.5872013204362,0.358461572809041,0.03638910429827
123,15.5762869982496,0.658262969689054,0.03638910429827
123,15.5653726760631,0.958064366569067,0.03638910429827
124,15.7147079419175,0.36640561340305,0.063057539738763
124,15.6958032141412,0.665809373011552,0.063057539738763
124,15.676898486365,0.965213132620054,0.063057539738763
125,15.8383547521424,0.375860953268516,0.076541950657193
125,15.8154145820804,0.674982581703382,0.076541950657193
125,15.7924744120184,0.974104210138249,0.076541950657193
126,15.9564466719368,0.384254845046964,0.070998893400957
126,15.9351648941201,0.683499036190184,0.070998893400957
126,15.9138831163034,0.982743227333405,0.070998893400957
127,16.0520701222735,0.389669747066237,0.056879163919174
127,16.0350155724948,0.689184591993573,0.056879163919174
127,16.0179610227161,0.988699436920908,0.056879163919174
128,16.1684643693505,0.394885617666212,0.044964888350812
128,16.1549794479789,0.694582392583131,0.044964888350812
128,16.1414945266073,0.994279167500049,0.044964888350812
129,16.2654692855301,0.398278489946349,0.035112060284835
129,16.2549378317183,0.698093580428149,0.035112060284835
129,16.2444063779065,0.997908670909949,0.035112060284835
130,16.3631458024441,0.400947803867881,0.027412313145539
130,16.3549231383902,0.700835095689086,0.027412313145539
130,16.3467004743363,1.00072238751029,0.027412313145539
131,16.4611541501073,0.402980528842664,0.020804169585862
131,16.454913349438,0.7029156091634,0.020804169585862
131,16.4486725487688,1.00285068948414,0.020804169585862
132,16.5792302532474,0.404656897355303,0.01425095235526
132,16.5749551122503,0.704626434424412,0.01425095235526
132,16.5706799712533,1.00459597149352,0.01425095235526
133,16.6783531242214,0.405779808514691,0.011340807375416
133,16.6749509549376,0.705760516634671,0.011340807375416
133,16.6715487856538,1.00574122475465,0.011340807375416
134,16.7753118879067,0.405860231090837,0.000995037963457
134,16.7750133765669,0.705860082575768,0.000995037963457
134,16.7747148652271,1.0058599340607,0.000995037963457
135,16.8720618758273,0.404874596938224,-0.009999676879928
135,16.8750617288963,0.704859598032552,-0.009999676879928
135,16.8780615819654,1.00484459912688,-0.009999676879928
136,16.967494880448,0.402435019327587,-0.025194891613097
136,16.9750525482934,0.702339806979832,-0.025194891613097
136,16.9826102161388,1.00224459463208,-0.025194891613097
137,17.0841525157551,0.398216189074448,-0.035998471029874
137,17.0949497247124,0.698021826577702,-0.035998471029874
137,17.1057469336697,0.997827464080955,-0.035998471029874
138,17.2021176884107,0.393268904919977,-0.041870152590737
138,17.2146750643611,0.693005976883456,-0.041870152590737
138,17.2272324403116,0.992743048846935,-0.041870152590737
139,17.3212548198121,0.388038623132963,-0.043868164495106
139,17.3344110485372,0.687750007043773,-0.043868164495106
139,17.3475672772623,0.987461390954582,-0.043868164495106
140,17.4408658192704,0.382723197483921,-0.044409684861806
140,17.4541843458771,0.682427413084948,-0.044409684861806
140,17.4675028724838,0.982131628685975,-0.044409684861806
141,17.5618798346824,0.377827595895055,-0.040413000320294
141,17.5740004349009,0.677582647646217,-0.040413000320294
141,17.5861210351195,0.977337699397379,-0.040413000320294
142,17.6829445931398,0.373404893962042,-0.036496473131641
142,17.6938911045896,0.673205117255952,-0.036496473131641
142,17.7048376160395,0.973005340549861,-0.036496473131641
143,17.8049542089851,0.3698039996184,-0.029443507381379
143,17.8137859849964,0.669673970993472,-0.029443507381379
143,17.8226177610077,0.969543942368544,-0.029443507381379
144,17.9265600557805,0.366953734199182,-0.023389062291295
144,17.9335761347381,0.666871680704656,-0.023389062291295
144,17.9405922136958,0.96678962721013,-0.023389062291295
145,18.0475596364896,0.364590427332558,-0.019510400227594
145,18.0534123852277,0.664533330786213,-0.019510400227594
145,18.0592651339657,0.964476234239869,-0.019510400227594
146,18.1684791763394,0.362644510642607,-0.016076643744001
146,18.1733019617081,0.662605742706499,-0.016076643744001
146,18.1781247470767,0.962566974770391,-0.016076643744001
147,18.2890178160175,0.360935654754063,-0.014171364177141
147,18.2932690829721,0.66090553112381,-0.014171364177141
147,18.2975203499266,0.960875407493557,-0.014171364177141
148,18.4100001153365,0.359616804918876,-0.010887377879497
148,18.413266264174,0.659599024844943,-0.010887377879497
148,18.4165324130115,0.959581244771011,-0.010887377879497
149,18.5301730696342,0.358360043004225,-0.010457331008625
149,18.5333102117586,0.658343639787935,-0.010457331008625
149,18.536447353883,0.958327236571644,-0.010457331008625
150,18.6505958367818,0.357312169263453,-0.008697547907868
150,18.6532050682569,0.657300822234043,-0.008697547907868
150,18.6558142997321,0.957289475204633,-0.008697547907868
151,18.7510879431348,0.356600299716574,-0.007079810689212
151,18.7532118685983,0.656592781190069,-0.007079810689212
151,18.7553357940618,0.956585262663565,-0.007079810689212
152,18.8708046059741,0.35569190709735,-0.007587386089354
152,18.8730807999613,0.655683271874626,-0.007587386089354
152,18.8753569939485,0.955674636651902,-0.007587386089354
153,18.9909853132146,0.354900134203583,-0.00658684157125
153,18.992961351397,0.65489362625483,-0.00658684157125
153,18.9949373895794,0.954887118306077,-0.00658684157125
154,19.1116556274732,0.354388819150862,-0.004230361492325
154,19.1129247321356,0.654386134761112,-0.004230361492325
154,19.114193836798,0.954383450371362,-0.004230361492325
155,19.2112207513563,0.353823477051486,-0.005674909036311
155,19.2129232149293,0.653818646375564,-0.005674909036311
155,19.2146256785023,0.953813815699643,-0.005674909036311
156,19.307261541307,0.35196891246896,-0.01902929537813
156,19.3129699853879,0.651914596995634,-0.01902929537813
156,19.3186784294688,0.951860281522309,-0.01902929537813
157,19.4044379963036,0.349202198714993,-0.028329874605715
157,19.4129358218789,0.64908181949722,-0.028329874605715
157,19.4214336474541,0.948961440279448,-0.028329874605715
158,19.5219915887857,0.34493925261285,-0.036169594821189
158,19.532840101462,0.644743038067123,-0.036169594821189
158,19.5436886141383,0.944546823521396,-0.036169594821189
159,19.6410418398739,0.340291139095031,-0.039013288425373
159,19.6527428576446,0.640062862549943,-0.039013288425373
159,19.6644438754154,0.939834586004855,-0.039013288425373
160,19.7607431648448,0.335529410676013,-0.039758422426357
160,19.7726675494502,0.63529233208522,-0.039758422426357
160,19.7845919340557,0.935055253494426,-0.039758422426357
161,19.8815307889637,0.331091986905695,-0.036709352728655
161,19.8925411215157,0.630889873117545,-0.036709352728655
161,19.9035514540678,0.930687759329394,-0.036709352728655
162,20.001516371673,0.326771085644774,-0.035995645486503
162,20.0123127335164,0.626576753654813,-0.035995645486503
162,20.0231090953599,0.926382421664852,-0.035995645486503
163,20.1214527715157,0.322491417271639,-0.035667547521935
163,20.1321507671503,0.622300611409179,-0.035667547521935
163,20.142848762785,0.922109805546718,-0.035667547521935
164,20.2402188571636,0.317825811248457,-0.039247627952053
164,20.2519901229763,0.617594784461444,-0.039247627952053
164,20.2637613887889,0.917363757674431,-0.039247627952053
165,20.3603759541148,0.31321494364634,-0.038353844690133
165,20.3718792867707,0.612994318083289,-0.038353844690133
165,20.3833826194266,0.912773692520238,-0.038353844690133
166,20.4787866883092,0.308055079210052,-0.04351472705009
166,20.491836986989,0.607771094304954,-0.04351472705009
166,20.5048872856688,0.907487109399857,-0.04351472705009
167,20.5966615629774,0.302128883312555,-0.050176611078603
167,20.6117082306327,0.601751308695688,-0.050176611078603
167,20.626754898288,0.90137373407882,-0.050176611078603
168,20.7153840591274,0.295798937721641,-0.05325476370382
168,20.7313529375979,0.595373627774717,-0.05325476370382
168,20.7473218160683,0.894948317827793,-0.05325476370382
169,20.8348178472417,0.289351934902649,-0.053926819315427
169,20.8509880529423,0.588915825329384,-0.053926819315427
169,20.8671582586428,0.888479715756119,-0.053926819315427
170,20.9560847058814,0.283432444988227,-0.04874181818851
170,20.9707014620708,0.583076150809824,-0.04874181818851
170,20.9853182182602,0.882719856631421,-0.04874181818851
171,21.0776704874789,0.278209343825773,-0.042889547819039
171,21.0905334073927,0.577933459123977,-0.042889547819039
171,21.1033963273065,0.877657574422181,-0.042889547819039
172,21.1994615136474,0.27375721377755,-0.036488789954432
172,21.2104057216787,0.573557521166599,-0.036488789954432
172,21.2213499297099,0.873357828555647,-0.036488789954432
173,21.3213761927555,0.270098729489352,-0.029946928912858
173,21.3303589286415,0.569964216759899,-0.029946928912858
173,21.3393416645276,0.869829704030446,-0.029946928912858
174,21.4432339100067,0.267252082942974,-0.023301824333825
174,21.4502238247086,0.567170640375588,-0.023301824333825
174,21.4572137394105,0.867089197808202,-0.023301824333825
175,21.5645051468218,0.265005843904049,-0.018491707418941
175,21.5700523428971,0.564954553879107,-0.018491707418941
175,21.5755995389725,0.864903263854165,-0.018491707418941
176,21.6863410459605,0.26357176081189,-0.011713507954904
176,21.6898550179892,0.563551180106917,-0.011713507954904
176,21.6933689900179,0.863530599401944,-0.011713507954904
177,21.8133163357337,0.265021805083865,0.012088593815223
177,21.8096898459162,0.564999885235739,0.012088593815223
177,21.8060633560988,0.864977965387613,0.012088593815223
178,21.938730992682,0.268821560905294,0.03070247159291
178,21.9295216982075,0.568680175747827,0.03070247159291
178,21.9203124037331,0.868538790590359,0.03070247159291
179,22.0634579931336,0.274681145644836,0.04727467990235
179,22.0492808712707,0.574345973770671,0.04727467990235
179,22.0351037494079,0.874010801896505,0.04727467990235
180,22.1863230654064,0.281758678944146,0.05767229021975
180,22.1690309679158,0.581259903256124,0.05767229021975
180,22.1517388704251,0.880761127568103,0.05767229021975
181,22.3091137227083,0.290176292898281,0.068590762869984
181,22.2885526249755,0.589470865618906,0.068590762869984
181,22.2679915272427,0.888765438339531,0.068590762869984
182,22.4296223210612,0.298851695383214,0.071879352814664
182,22.4080770791624,0.598077032798881,0.071879352814664
182,22.3865318372635,0.897302370214549,0.071879352814664
183,22.5497354133298,0.30772962707716,0.073783461321605
183,22.5276204533223,0.606913397599336,0.073783461321605
183,22.5055054933148,0.906097168121513,0.073783461321605
184,22.669958087858,0.316858994124045,0.075796731156833
184,22.6472408354158,0.615997634960492,0.075796731156833
184,22.6245235829736,0.915136275796939,0.075796731156833
185,22.7880144349739,0.325156139403721,0.070205477960286
185,22.7669700887926,0.624417121647984,0.070205477960286
185,22.7459257426113,0.923678103892247,0.070205477960286
186,22.9058304595307,0.332646589980555,0.063548373511904
186,22.8867787765605,0.632041034444719,0.063548373511904
186,22.8677270935904,0.931435478908883,0.063548373511904
187,23.0029327628779,0.337914967711857,0.054333776479114
187,22.9866406488485,0.637472252751719,0.054333776479114
187,22.9703485348191,0.937029537791581,0.054333776479114
188,23.120145481467,0.343237422505297,0.04547760494346
188,23.1065069023653,0.642927244087691,0.04547760494346
188,23.0928683232637,0.942617065670086,0.04547760494346
189,23.2168992179004,0.346576088960994,0.034674003005223
189,23.2064991012778,0.646395764056269,0.034674003005223
189,23.1960989846552,0.946215439151544,0.034674003005223
190,23.3151057164199,0.349388807199529,0.028687741136827
190,23.3065005745114,0.649265367691901,0.028687741136827
190,23.297895432603,0.949141928184273,0.028687741136827
191,23.4133384616017,0.351626629477333,0.02282927320621
191,23.4064902745275,0.651548456515307,0.02282927320621
191,23.3996420874533,0.951470283553281,0.02282927320621
192,23.5315376714214,0.35365143968974,0.017169459038647
192,23.5263870867756,0.653607222227444,0.017169459038647
192,23.5212365021298,0.953563004765148,0.017169459038647
193,23.649717356788,0.354993863514221,0.011400920191695
193,23.6462971548251,0.654974366578226,0.011400920191695
193,23.6428769528623,0.95495486964223,0.011400920191695
194,23.7453359894321,0.354629942867881,-0.00345952263402
194,23.7463738441521,0.654628147625143,-0.00345952263402
194,23.747411698872,0.954626352382406,-0.00345952263402
195,23.8639824579372,0.35372954004445,-0.007567476167183
195,23.8662526791192,0.653720950081112,-0.007567476167183
195,23.8685229003012,0.953712360117774,-0.007567476167183
196,23.9855148003631,0.353435080644563,-0.002389796690872
196,23.9862317386879,0.653434223975737,-0.002389796690872
196,23.9869486770128,0.953433367306911,-0.002389796690872
197,24.0833444174492,0.352471860716005,-0.009762240978784
197,24.0862730432254,0.652457565627195,-0.009762240978784
197,24.0892016690015,0.952443270538384,-0.009762240978784
198,24.1802913680466,0.350504528008455,-0.020124008416333
198,24.186328163093,0.650443783701283,-0.020124008416333
198,24.1923649581394,0.950383039394111,-0.020124008416333
199,24.2767529259742,0.347417358668492,-0.031781990741631
199,24.2862859181364,0.647265857181385,-0.031781990741631
199,24.2958189102986,0.947114355694277,-0.031781990741631
200,24.3940238882365,0.342646444620777,-0.040561884350478
200,24.4061891170607,0.642399688485884,-0.040561884350478
200,24.4183543458849,0.942152932350991,-0.040561884350478
201,24.5132267246521,0.337536572052988,-0.042834317934925
201,24.5260730908182,0.637261397311637,-0.042834317934925
201,24.5389194569842,0.936986222570286,-0.042834317934925
202,24.6345324959736,0.3329423043635,-0.037824339111948
202,24.6458770921732,0.632727727853479,-0.037824339111948
202,24.6572216883729,0.932513151343459,-0.037824339111948
203,24.7619543304436,0.331283216512094,-0.012249860222734
203,24.765629196601,0.631260707932243,-0.012249860222734
203,24.7693040627584,0.931238199352391,-0.012249860222734
204,24.8938876163848,0.334887346106895,0.02926997986023
204,24.885107876199,0.634758845523345,0.02926997986023
204,24.8763281360133,0.934630344939796,0.02926997986023
205,25.0315104295386,0.346997741902875,0.092048601084891
205,25.0039348288324,0.645727697290165,0.092048601084891
205,24.9763592281262,0.944457652677455,0.092048601084891
206,25.1699137080198,0.368797371263585,0.161366718412991
206,25.1217135122887,0.664899956749579,0.161366718412991
206,25.0735133165577,0.961002542235572,0.161366718412991
207,25.3066747587609,0.400196722057986,0.230838908140118
207,25.2380364807962,0.692239162121135,0.230838908140118
207,25.1693982028315,0.984281602184284,0.230838908140118
208,25.4399744313804,0.440310487604437,0.297028121984163
208,25.3521705026886,0.727173643318609,0.297028121984163
208,25.2643665739969,1.01403679903278,0.297028121984163
209,25.5720586431906,0.490755554223783,0.37055266095187
209,25.463419451901,0.770393759975306,0.37055266095187
209,25.3547802606113,1.05003196572683,0.37055266095187
210,25.7016015698795,0.552472152289123,0.451440641375572
210,25.5707228787873,0.822418013931772,0.451440641375572
210,25.4398441876951,1.09236387557442,0.451440641375572
211,25.8291113177671,0.629029350978284,0.55063040729046
211,25.6721439489548,0.884687805030066,0.55063040729046
211,25.5151765801425,1.14034625908185,0.55063040729046
212,25.9531365397894,0.726164668384542,0.680425706958083
212,25.7643993442449,0.959356158405083,0.680425706958083
212,25.5756621487004,1.19254764842562,0.680425706958083
213,26.0643498129086,0.840320496680506,0.815634989501112
213,25.845901521583,1.04594234380988,0.815634989501112
213,25.6274532302573,1.25156419093926,0.815634989501112
214,26.1578581127748,0.963614454863502,0.935943916805578
214,25.9163103423406,1.14153206107013,0.935943916805578
214,25.6747625719065,1.31944966727676,0.935943916805578
215,26.2357272902839,1.09515147878168,1.04876088826862
215,25.9756854861711,1.24474512875974,1.04876088826862
215,25.7156436820582,1.3943387787378,1.04876088826862
216,26.2982363528769,1.23304564090152,1.15673021403001
216,26.0235886162833,1.35374618267334,1.15673021403001
216,25.7489408796897,1.47444672444516,1.15673021403001
217,26.3459793477108,1.37079377680686,1.2452059530541
217,26.061740732784,1.46675423629166,1.2452059530541
217,25.7775021178573,1.56271469577647,1.2452059530541
218,26.3825519520907,1.50415536045476,1.30732438851664
218,26.0929044758345,1.5822856330666,1.30732438851664
218,25.8032569995782,1.66041590567844,1.30732438851664
219,26.4120409663172,1.63210137964713,1.34597872863234
219,26.1195905305582,1.69897994590265,1.34597872863234
219,25.8271400947992,1.76585851215817,1.34597872863234
220,26.4371671934611,1.75802926213646,1.37482598837357
220,26.1429094368782,1.81644477968812,1.37482598837357
220,25.8486516802954,1.87486029723978,1.37482598837357
221,26.4572868765482,1.89030879901214,1.42238914658339
221,26.1605845210811,1.9346677018419,1.42238914658339
221,25.863882165614,1.97902660467165,1.42238914658339
222,26.4685137184042,2.03160164622131,1.4974675117582
222,26.1693199243191,2.05358058115812,1.4974675117582
222,25.870126130234,2.07555951609492,1.4974675117582
223,26.4674491637466,2.17734980118818,1.58619751331149
223,26.1674847425253,2.17272962788645,1.58619751331149
223,25.8675203213039,2.16810945458472,1.58619751331149
224,26.4546190095499,2.32037272306709,1.6670966352742
224,26.1560089972638,2.29152726306919,1.6670966352742
224,25.8573989849777,2.26268180307128,1.6670966352742
225,26.4323114152647,2.45867087041379,1.73576700447395
225,26.1363844639101,2.40940384836051,1.73576700447395
225,25.8404575125556,2.36013682630723,1.73576700447395
226,26.4044857443705,2.58947408714837,1.7828914959246
226,26.1112081414756,2.52632151285264,1.7828914959246
226,25.8179305385806,2.46316893855691,1.7828914959246
227,26.374297027972,2.71381063449184,1.80983674950474
227,26.0828273414737,2.64277950151039,1.80983674950474
227,25.7913576549755,2.57174836852894,1.80983674950474
228,26.3457582411313,2.83054083334213,1.81057842456662
228,26.0543413168143,2.75929354411919,1.81057842456662
228,25.7629243924973,2.68804625489625,1.81057842456662
229,26.3127557402567,2.95302372774201,1.83467830139107
229,26.023140324598,2.87477469571685,1.83467830139107
229,25.7335249089394,2.7965256636917,1.83467830139107
230,26.2716660157324,3.0810131546278,1.88417571141104
230,25.9862768486972,2.98853059768375,1.88417571141104
230,25.7008876816619,2.89604804073969,1.88417571141104
231,26.225444959966,3.20554496926049,1.92840350457577
231,25.9444238380051,3.10053483159817,1.92840350457577
231,25.6634027160443,2.99552469393585,1.92840350457577
232,26.1764178922734,3.32528384060865,1.96062612828117
232,25.8989257660842,3.21127454316763,1.96062612828117
232,25.621433639895,3.09726524572662,1.96062612828117
233,26.1241980676266,3.44269390491274,1.99031682306795
233,25.8502127602292,3.32049713191789,1.99031682306795
233,25.5762274528318,3.19830035892303,1.99031682306795
234,26.0700672732427,3.55709853584829,2.0133654647931
234,25.7989709588624,3.4286197892424,2.0133654647931
234,25.5278746444821,3.30014104263651,2.0133654647931
235,26.0092438050834,3.67370093565277,2.05342940309564
235,25.7435110202111,3.5344670064402,2.05342940309564
235,25.4777782353387,3.39523307722762,2.05342940309564
236,25.9431795174762,3.78826866031929,2.09590826259792
236,25.6835991677197,3.63787570164013,2.09590826259792
236,25.4240188179632,3.48748274296096,2.09590826259792
237,25.8712141122124,3.90079739095655,2.14217931604276
237,25.6188679527291,3.73855862926859,2.14217931604276
237,25.3665217932458,3.57631986758064,2.14217931604276
238,25.8013336811742,4.00515481313751,2.16128056880857
238,25.5521323306827,3.83812581292127,2.16128056880857
238,25.3029309801912,3.67109681270504,2.16128056880857
239,25.7276834989899,4.10929060178461,2.18716003468879
239,25.4828877335568,3.93586905402881,2.18716003468879
239,25.2380919681237,3.76244750627302,2.18716003468879
240,25.6514147555064,4.21146662208799,2.21279094215206
240,25.4111438591331,4.03182838463288,2.21279094215206
240,25.1708729627598,3.85219014717778,2.21279094215206
241,25.5742785801922,4.31059018308621,2.23255796064483
241,25.3376053045392,4.12623791000097,2.23255796064483
241,25.1009320288863,3.94188563691573,2.23255796064483
242,25.4939352020412,4.40883560287975,2.25699214797591
242,25.2618366231074,4.21875601518843,2.25699214797591
242,25.0297380441736,4.02867642749712,2.25699214797591
243,25.4268874015691,4.4885310662877,2.27047991915267
243,25.1973736062506,4.29533837036339,2.27047991915267
243,24.9678598109321,4.10214567443908,2.27047991915267
244,25.3530840801918,4.57731738314588,2.26435061494114
244,25.1223904666989,4.38553506724154,2.26435061494114
244,24.8916968532061,4.19375275133721,2.26435061494114
245,25.2745312208018,4.67051615261082,2.27118397333064
245,25.0451535004809,4.47716191443543,2.27118397333064
245,24.81577578016,4.28380767626003,2.27118397333064
246,25.1971773497174,4.76203393791679,2.27251873387443
246,24.968057915256,4.56837370774015,2.27251873387443
246,24.7389384807945,4.3747134775635,2.27251873387443
247,25.1226467592743,4.85212250719222,2.26210459084529
247,24.891522980322,4.66085881800157,2.26210459084529
247,24.6603992013697,4.46959512881091,2.26210459084529
248,25.048789622132,4.9430621619367,2.25301118545244
248,24.8159361846358,4.75390805374395,2.25301118545244
248,24.5830827471396,4.5647539455512,2.25301118545244
249,24.977789203193,5.03351204450666,2.23665404943838
249,24.741873034151,4.84819188590398,2.23665404943838
249,24.5059568651089,4.66287172730129,2.23665404943838
250,24.9080250978385,5.1252597786158,2.22122409632951
250,24.6692776442144,4.94360171139047,2.22122409632951
250,24.4305301905904,4.76194364416513,2.22122409632951
251,24.8379311599924,5.21915920012543,2.21214563202499
251,24.5975443912808,5.03967604930517,2.21214563202499
251,24.3571576225691,4.86019289848491,2.21214563202499
252,24.7653948114019,5.31569124086648,2.21521895567915
252,24.5255607868987,5.13547015250388,2.21521895567915
252,24.2857267623955,4.95524906414128,2.21521895567915
253,24.6897335193073,5.41368241410921,2.22852120000597
253,24.4523179880203,5.23028703384097,2.22852120000597
253,24.2149024567334,5.04689165357274,2.22852120000597
254,24.6141528369295,5.50981471901057,2.23716691016606
254,24.3783317423407,5.32437359264708,2.23716691016606
254,24.142510647752,5.1389324662836,2.23716691016606
255,24.5360410563625,5.60622019271317,2.25201799619298
255,24.3029998679147,5.4172974453087,2.25201799619298
255,24.069958679467,5.22837469790423,2.25201799619298
256,24.4540280976291,5.70233690423717,2.27798274364182
256,24.2259702395096,5.50742766035699,2.27798274364182
256,23.9979123813901,5.31251841647681,2.27798274364182
257,24.3442576779598,5.80769758941915,2.38877972668608
257,24.1391494036011,5.58876701642942,2.38877972668608
257,23.9340411292425,5.3698364434397,2.38877972668608
258,24.2371053474643,5.89653856890522,2.45392425297625
258,24.0466841823957,5.66472014881332,2.45392425297625
258,23.8562630173271,5.43290172872141,2.45392425297625
259,24.1407897462496,5.97376008130621,2.4659584881988
259,23.9531720597394,5.7396669295299,2.4659584881988
259,23.7655543732292,5.50557377775359,2.4659584881988
260,24.0447229006091,6.0494569935435,2.4743216750776
260,23.8590695172762,5.81380296481272,2.4743216750776
260,23.6734161339433,5.57814893608194,2.4743216750776
261,23.9557828106043,6.12206569614595,2.45732233427898
261,23.76615048125,5.88960154909598,2.45732233427898
261,23.5765181518957,5.657137402046,2.45732233427898
262,23.8856521857717,6.18242486082515,2.43197909747388
262,23.6901899883573,5.95484074586554,2.43197909747388
262,23.494727790943,5.72725663090593,2.43197909747388
263,23.7991841510443,6.25898724006542,2.41716448455902
263,23.6003719553092,6.03432368977975,2.41716448455902
263,23.401559759574,5.80966013949407,2.41716448455902
264,23.7074753714037,6.33909010328761,2.42369479120537
264,23.5101345262651,6.11313304798725,2.42369479120537
264,23.3127936811266,5.8871759926869,2.42369479120537
265,23.6311787316232,6.4052997982249,2.42687407404999
265,23.434557264008,6.17871648358585,2.42687407404999
265,23.2379357963927,5.9521331689468,2.42687407404999
266,23.5390751561563,6.48447051632878,2.43158854125344
266,23.3435240892598,6.25696275770146,2.43158854125344
266,23.1479730223633,6.02945499907415,2.43158854125344
267,23.4490044487029,6.56231347237312,2.42889696036936
267,23.2528417353566,6.33533287872553,2.42889696036936
267,23.0566790220103,6.10835228507794,2.42889696036936
268,23.3578721940622,6.64082660147692,2.43044605698293
268,23.1620613308101,6.41354240529855,2.43044605698293
268,22.9662504675579,6.18625820912019,2.43044605698293
269,23.264691905088,6.71971364456833,2.43916536951617
269,23.0708702220167,6.49073077365568,2.43916536951617
269,22.8770485389453,6.26174790274304,2.43916536951617
270,23.1465814921586,6.80452334652879,2.52676295032364
270,22.9735356661378,6.55946183976619,2.52676295032364
270,22.8004898401169,6.3144003330036,2.52676295032364
271,23.0221910056082,6.87867479623545,2.61145789277174
271,22.8704961228479,6.61985311525729,2.61145789277174
271,22.7188012400877,6.36103143427913,2.61145789277174
272,22.9033707068938,6.94110180546541,2.66053056710045
272,22.7645544128223,6.67515061351419,2.66053056710045
272,22.6257381187509,6.40919942156298,2.66053056710045
273,22.7891053232151,6.99722436093092,2.68579423677056
273,22.6570515151039,6.72785140058908,2.68579423677056
273,22.5249977069927,6.45847844024724,2.68579423677056
274,22.6795361464138,7.05016364306995,2.69154960024758
274,22.5490348561242,6.7800351306305,2.69154960024758
274,22.4185335658346,6.50990661819105,2.69154960024758
275,22.5737447153448,7.10214907480944,2.68490844466772
275,22.4414523506303,6.83289319235141,2.68490844466772
275,22.3091599859159,6.56363730989338,2.68490844466772
276,22.4718513746106,7.15457504617656,2.66682611102213
276,22.3347121277939,6.88775520624231,2.66682611102213
276,22.1975728809772,6.62093536630806,2.66682611102213
277,22.3750775572174,7.20827604549781,2.63625247028283
277,22.2298460175961,6.94577309332538,2.63625247028283
277,22.0846144779749,6.68327014115296,2.63625247028283
278,22.265582880994,7.26677127153098,2.65120858292275
278,22.1242934615076,7.00212565954923,2.65120858292275
278,21.9830040420212,6.73748004756747,2.65120858292275
279,22.1540194741184,7.32376908263241,2.66967073883624
279,22.0176397842747,7.05656021264837,2.66967073883624
279,21.8812600944311,6.78935134266433,2.66967073883624
280,22.0436929920621,7.37849805061043,2.68126266411871
280,21.9104198608586,7.10972626544836,2.68126266411871
280,21.777146729655,6.84095448028629,2.68126266411871
281,21.9364890536041,7.43174411785746,2.68060499925631
281,21.8030391894761,7.16306003986956,2.68060499925631
281,21.669589325348,6.89437596188166,2.68060499925631
282,21.8296445287615,7.48498922546204,2.67927459751678
282,21.6958373250752,7.21648292713433,2.67927459751678
282,21.5620301213889,6.94797662880662,2.67927459751678
283,21.7202013157824,7.53858964212332,2.68623378400356
283,21.5882659225633,7.26915866391906,2.68623378400356
283,21.4563305293441,6.99972768571479,2.68623378400356
284,21.6118145945761,7.59138054409066,2.68835564278377
284,21.48045119242,7.3216702243512,2.68835564278377
284,21.3490877902638,7.05195990461174,2.68835564278377
285,21.5043959548084,7.64384497714991,2.68726074891015
285,21.3727373272732,7.3742786480293,2.68726074891015
285,21.2410786997381,7.10471231890868,2.68726074891015
286,21.3986614431032,7.69627047085236,2.68133764313758
286,21.265408464519,7.42748869375718,2.68133764313758
286,21.1321554859348,7.158706916662,2.68133764313758
287,21.2955309325062,7.74915187651447,2.66801729263355
287,21.1587096137955,7.48216886816697,2.66801729263355
287,21.0218882950849,7.21518585981947,2.66801729263355
288,21.1929306973444,7.80343254251786,2.65518861695469
288,21.0526956926774,7.53822669140208,2.65518861695469
288,20.9124606880104,7.2730208402863,2.65518861695469
289,21.090673335826,7.85905872523566,2.64355575691813
289,20.9473627866268,7.5955021155894,2.64355575691813
289,20.8040522374276,7.33194550594314,2.64355575691813
290,20.983036485285,7.9165683718492,2.6509555604749
290,20.8416801090414,7.65195851773319,2.6509555604749
290,20.7003237327979,7.38734866361718,2.6509555604749
291,20.8703351251574,7.97362669854857,2.67354015322422
291,20.7349903955419,7.7058921207195,2.67354015322422
291,20.5996456659265,7.43815754289042,2.67354015322422
292,20.7558881525256,8.02823758773594,2.69702610065696
292,20.6268681707463,7.75739843934401,2.69702610065696
292,20.497848188967,7.48655929095208,2.69702610065696
293,20.6479022254673,8.07974353276474,2.69653927278525
293,20.518750406936,7.80896722698809,2.69653927278525
293,20.3895985884047,7.53819092121143,2.69653927278525
294,20.5397647509204,8.13134157389032,2.69638975382192
294,20.4105724476404,7.86058458178634,2.69638975382192
294,20.2813801443603,7.58982758968237,2.69638975382192
295,20.4330934529848,8.18285670463822,2.69171894465458
295,20.3026379093189,7.91270609640857,2.69171894465458
295,20.1721823656531,7.64255548817892,2.69171894465458
296,20.3271939353351,8.23483821148063,2.685338028687
296,20.1950172508481,7.96552552318316,2.685338028687
296,20.062840566361,7.69621283488569,2.685338028687
297,20.2222650447996,8.28736455462341,2.67755075239984
297,20.0879951768848,8.01908931802834,2.67755075239984
297,19.95372530897,7.75081408143326,2.67755075239984
298,20.1185261813096,8.34069777507709,2.66686738301615
298,19.9813979467965,8.07387227535991,2.66686738301615
298,19.8442697122835,7.80704677564273,2.66686738301615
299,20.0158029207142,8.39510915872877,2.65466889609566
299,19.87543010198,8.12997622648414,2.65466889609566
299,19.7350572832459,7.86484329423952,2.65466889609566
300,19.9108034613461,8.45102271354496,2.65228156461515
300,19.7697980830344,8.18622565297373,2.65228156461515
300,19.6287927047227,7.9214285924025,2.65228156461515
301,19.8051510927852,8.50732354481831,2.65198257086865
301,19.6640665481122,8.24256865580885,2.65198257086865
301,19.5229820034392,7.97781376679939,2.65198257086865
302,19.6946832802712,8.56414895562967,2.66674931492972
302,19.5575235431378,8.29733964824048,2.66674931492972
302,19.4203638060044,8.03053034085129,2.66674931492972
303,19.5840129013894,8.61916386436814,2.68049214811819
303,19.4505327168072,8.35049484806016,2.68049214811819
303,19.317052532225,8.08182583175217,2.68049214811819
304,19.4735366698289,8.67267684325569,2.69064113075536
304,19.3427900299129,8.40266699871165,2.69064113075536
304,19.212043389997,8.13265715416761,2.69064113075536
305,19.3656660254226,8.7249204160088,2.69057008916755
305,19.2349002039086,8.45491986059502,2.69057008916755
305,19.1041343823945,8.18491930518123,2.69057008916755
306,19.2560875305442,8.77725602584177,2.69605541414056
306,19.1268047096802,8.50654224298352,2.69605541414056
306,18.9975218888161,8.23582846012527,2.69605541414056
307,19.146022823265,8.82905915181605,2.70173050531683
307,19.018278401433,8.55761604048182,2.70173050531683
307,18.890533979601,8.28617292914759,2.70173050531683
308,19.0375346611145,8.88012919033113,2.701623420493
308,18.9097611725772,8.60869976004213,2.701623420493
308,18.78198768404,8.33727032975312,2.701623420493
309,18.9286262100806,8.93113135264554,2.70362758225243
309,18.8013969662753,8.65944638890864,2.70362758225243
309,18.6741677224699,8.38776142517174,2.70362758225243
310,18.8184342896604,8.98199059920874,2.70921267997118
310,18.6927244093834,8.70959928877328,2.70921267997118
310,18.5670145291064,8.43720797833782,2.70921267997118
311,18.7081424826629,9.03226558620096,2.71392350027112
311,18.583717179018,8.75928510372486,2.71392350027112
311,18.4592918753732,8.48630462124876,2.71392350027112
312,18.5983941920917,9.08197725104878,2.71628626956041
312,18.4746142250604,8.80870354254077,2.71628626956041
312,18.350834258029,8.53542983403276,2.71628626956041
313,18.4898530045026,9.1313967979576,2.71433908540862
313,18.3655411582306,8.85836462974943,2.71433908540862
313,18.2412293119586,8.58533246154127,2.71433908540862
314,18.3782732186982,9.1811252757399,2.72242023174868
314,18.2561718203841,8.90709745136848,2.72242023174868
314,18.13407042207,8.63306962699705,2.72242023174868
315,18.2658064301214,9.2299745781515,2.73194502390537
315,18.1463205889942,8.9547962109601,2.73194502390537
315,18.026834747867,8.67961784376871,2.73194502390537
316,18.1523991091651,9.27773701785772,2.74313299399463
316,18.0359993691365,9.00123909648895,2.74313299399463
316,17.9195996291078,8.72474117512017,2.74313299399463
317,18.0424042719452,9.32422473714092,2.74172896743024
317,17.9256164363462,9.04789051657437,2.74172896743024
317,17.8088286007473,8.77155629600781,2.74172896743024
318,17.9310334006034,9.37087423398591,2.74494163744908
318,17.8151339368406,9.09416623934267,2.74494163744908
318,17.6992344730778,8.81745824469942,2.74494163744908
319,17.8224679498853,9.41718561171445,2.73844186342118
319,17.7047724075467,9.14123677712074,2.73844186342118
319,17.5870768652081,8.86528794252704,2.73844186342118
320,17.7127904182429,9.46420449189745,2.73659559394827
320,17.5945856008794,9.18847342518198,2.73659559394827
320,17.4763807835158,8.91274235846652,2.73659559394827
321,17.6005055323158,9.51144149215441,2.74343687432985
321,17.4841898199412,9.23490821196052,2.74343687432985
321,17.3678741075666,8.95837493176663,2.74343687432985
322,17.4884409343216,9.55790924828343,2.74855216044041
322,17.3735412843894,9.28078460043438,2.74855216044041
322,17.2586416344573,9.00365995258532,2.74855216044041
323,17.3772461750547,9.60377003934307,2.75041556663087
323,17.2628631200899,9.32643176802636,2.75041556663087
323,17.1484800651252,9.04909349670966,2.75041556663087
324,17.2624595424811,9.64950965315826,2.7625812095112
324,17.1514588670616,9.37080039594491,2.7625812095112
324,17.0404581916421,9.09209113873157,2.7625812095112
325,17.1509040626534,9.69389004111424,2.76295644013637
325,17.0400079752946,9.41513915266989,2.76295644013637
325,16.9291118879358,9.13638826422555,2.76295644013637
326,17.039594022124,9.73828209315517,2.76210962185544
326,16.9284619232071,9.45962521347995,2.76210962185544
326,16.8173298242902,9.18096833380473,2.76210962185544
327,16.933754584337,9.78264114529048,2.7450943563275
327,16.8178973804601,9.50591545383802,2.7450943563275
327,16.7020401765833,9.22918976238557,2.7450943563275
328,16.8265221303506,9.82883716975091,2.73494961416578
328,16.7078636255538,9.55330103919921,2.73494961416578
328,16.5892051207571,9.2777649086475,2.73494961416578
329,16.7197696814063,9.87607742062661,2.72509990901833
329,16.5984030267303,9.60172338815624,2.72509990901833
329,16.4770363720543,9.32736935568588,2.72509990901833
330,16.6066753374542,9.92460822373688,2.73639480859338
330,16.4884151597136,9.64890089637548,2.73639480859338
330,16.3701549819731,9.37319356901408,2.73639480859338
331,16.4871305956645,9.97191565540606,2.76578018296217
331,16.3770220701971,9.69285273665941,2.76578018296217
331,16.2669135447297,9.41378981791277,2.76578018296217
332,16.3700149299436,10.0158610588688,2.78297416270185
332,16.2647206456855,9.73494627872622,2.78297416270185
332,16.1594263614274,9.4540314985836,2.78297416270185
333,16.2550963006929,10.0578982037324,2.79099151242189
333,16.1520575683705,9.77614827979028,2.79099151242189
333,16.0490188360482,9.49439835584815,2.79099151242189
334,16.1398590717526,10.0989680832238,2.79931784583469
334,16.0391698278347,9.81637000085373,2.79931784583469
334,15.9384805839168,9.53377191848365,2.79931784583469
335,16.0256606647449,10.139151579162,2.80326830358815
335,15.9260885953919,9.85615793434865,2.80326830358815
335,15.8265165260389,9.57316428953528,2.80326830358815
336,15.9130840036305,10.17897854552,2.80156118447286
336,15.8130289757408,9.89615529436483,2.80156118447286
336,15.712973947851,9.61333204320966,2.80156118447286
337,15.8000419550099,10.2189986258263,2.80133376156481
337,15.6999226092219,9.93619813679033,2.80133376156481
337,15.5998032634339,9.65339764775434,2.80133376156481
338,15.6870693195058,10.2590277880867,2.80106907575643
338,15.5868751239498,9.97625380912669,2.80106907575643
338,15.4866809283937,9.69347983016667,2.80106907575643
339,15.5738961417301,10.2990494646984,2.80168619428292
339,15.473876470303,10.0162137078931,2.80168619428292
339,15.3738567988758,9.73337795108784,2.80168619428292
340,15.4561248421084,10.3387701060002,2.81657133730962
340,15.3603261462565,10.054476930083,2.81657133730962
340,15.2645274504047,9.77018375416585,2.81657133730962
341,15.3590915400274,10.3707025558135,2.82374371417427
341,15.2653343485659,10.0857295938517,2.82374371417427
341,15.1715771571044,9.80075663188998,2.82374371417427
342,15.2446496973503,10.408105253246,2.82571391487619
342,15.1514541414233,10.1229481240076,2.82571391487619
342,15.0582585854964,9.83779099476922,2.82571391487619
343,15.1272450720252,10.4450959051836,2.8365103705743
343,15.0371335741463,10.1589492330903,2.8365103705743
343,14.9470220762675,9.87280256099711,2.8365103705743
344,15.0118902102639,10.481060594984,2.83937920733797
344,14.9225999901704,10.1946565855922,2.83937920733797
344,14.8333097700769,9.90825257620053,2.83937920733797
345,14.9192665674636,10.5108759784762,2.83029596910465
345,14.8273785907234,10.2252948171042,2.83029596910465
345,14.7354906139831,9.93971365573218,2.83029596910465
346,14.8328283464601,10.5415236123414,2.80215537256157
346,14.7329413864302,10.2586409596106,2.80215537256157
346,14.6330544264003,9.9757583068799,2.80215537256157
347,14.7499005298537,10.5744709694231,2.76565403254501
347,14.6397568013589,10.2954219431334,2.76565403254501
347,14.5296130728641,10.0163729168436,2.76565403254501
348,14.6706201908577,10.6102000177154,2.72154026596711
348,14.5482777047401,10.3362797444778,2.72154026596711
348,14.4259352186224,10.0623594712402,2.72154026596711
349,14.5925087328316,10.6494809924999,2.67877757203045
349,14.4585680912048,10.3810412329251,2.67877757203045
349,14.3246274495779,10.1126014733503,2.67877757203045
350,14.5175228667057,10.6918385503224,2.63132317730742
350,14.3709991427756,10.4300546731916,2.63132317730742
350,14.2244754188455,10.1682707960608,2.63132317730742
351,14.4438060309794,10.7377873255296,2.58751916894951
351,14.2859593424799,10.4826708365883,2.58751916894951
351,14.1281126539804,10.227554347647,2.58751916894951
352,14.3463986123748,10.800118496535,2.57263650670772
352,14.1847727321939,10.547379352642,2.57263650670772
352,14.023146852013,10.294640208749,2.57263650670772
353,14.2736096204969,10.8509257694467,2.534643936509
353,14.1025004747384,10.6045081153758,2.534643936509
353,13.9313913289799,10.3580904613049,2.534643936509
354,14.2007650292829,10.9051197601967,2.50355987005087
354,14.0220801120289,10.6641390548572,2.50355987005087
354,13.8433951947749,10.4231583495177,2.50355987005087
355,14.1299237933042,10.9614657301062,2.47138788481982
355,13.9435798504398,10.7263573828325,2.47138788481982
355,13.7572359075753,10.4912490355589,2.47138788481982
356,14.0611118830084,11.0199480090461,2.43891603033548
356,13.8672331115612,10.7910134725906,2.43891603033548
356,13.673354340114,10.562078936135,2.43891603033548
357,13.9685706176489,11.0978294368544,2.44201562672539
357,13.7754023810723,10.8682950551642,2.44201562672539
357,13.5822341444957,10.638760673474,2.44201562672539
358,13.8886908550171,11.1708682992001,2.40300859366518
358,13.6867183723724,10.9490415283758,2.40300859366518
358,13.4847458897277,10.7272147575515,2.40300859366518
359,13.8012380017538,11.2510671049484,2.39945207802047
359,13.5984778677452,11.0299600538242,2.39945207802047
359,13.3957177337366,10.8088530027001,2.39945207802047
360,13.709708421515,11.3332255059958,2.41023821374103
360,13.5093449264415,11.109944360706,2.41023821374103
360,13.3089814313681,10.8866632154161,2.41023821374103
361,13.6143215144053,11.4154466374291,2.43068539506318
361,13.4185650545241,11.1881155827648,2.43068539506318
361,13.2228085946429,10.9607845281005,2.43068539506318
362,13.5159226828318,11.4961403473611,2.45545780651104
362,13.3258572474963,11.2640301789265,2.45545780651104
362,13.1357918121608,11.031920010492,2.45545780651104
363,13.4098717558678,11.5758349583518,2.4993236924296
363,13.2301676078618,11.3356133540164,2.4993236924296
363,13.0504634598558,11.0953917496811,2.4993236924296
364,13.2955254405061,11.6518148110709,2.55900146785662
364,13.1304685831054,11.4013028675932,2.55900146785662
364,12.9654117257046,11.1507909241155,2.55900146785662
365,13.1787443342334,11.720585432617,2.6125603271654
365,13.0273348775204,11.4615966752976,2.6125603271654
365,12.8759254208074,11.2026079179782,2.6125603271654
366,13.0607950594094,11.7828078932357,2.65853716081182
366,12.9214488927154,11.5171339467756,2.65853716081182
366,12.7821027260215,11.2514600003155,2.65853716081182
367,12.9400492618668,11.8395340120562,2.7048037524681
367,12.8131396537532,11.5676995930279,2.7048037524681
367,12.6862300456395,11.2958651739997,2.7048037524681
368,12.8195358952662,11.8906202887577,2.74225672362239
368,12.7028939130208,11.6142244711738,2.74225672362239
368,12.5862519307754,11.33782865359,2.74225672362239
369,12.6998148378256,11.9372203168899,2.77138865987766
369,12.5912731538189,11.6575442492099,2.77138865987766
369,12.4827314698122,11.3778681815298,2.77138865987766
370,12.5833518042423,11.9804916727813,2.786115560963
370,12.4789405032764,11.6992475079875,2.786115560963
370,12.3745292023105,11.4180033431936,2.786115560963
371,12.4655215038432,12.0219917098616,2.80331281879782
371,12.3659620321103,11.7389936328571,2.80331281879782
371,12.2664025603773,11.4559955558526,2.80331281879782
372,12.3419594803986,12.0611422424409,2.83598570306431
372,12.2516978630675,11.7750428883053,2.83598570306431
372,12.1614362457363,11.4889435341698,2.83598570306431
373,12.2157571366183,12.0960391109401,2.87342376947954
373,12.1362672723284,11.806761801987,2.87342376947954
373,12.0567774080386,11.5174844930338,2.87342376947954
374,12.0890353179288,12.1262596369318,2.90893816575668
374,12.0198669270589,11.8343422963977,2.90893816575668
374,11.9506985361889,11.5424249558637,2.90893816575668
375,11.9612998790629,12.1519598139535,2.94450077789057
375,11.902554377276,11.8577677576029,2.94450077789057
375,11.843808875489,11.5635757012523,2.94450077789057
376,11.8321058032367,12.1729506366999,2.98214916399683
376,11.7844751693224,11.8767558988788,2.98214916399683
376,11.736844535408,11.5805611610577,2.98214916399683
377,11.7043267954008,12.1896499073976,3.01272886423806
377,11.6657745646,11.8921373437969,3.01272886423806
377,11.6272223337991,11.5946247801962,3.01272886423806
378,11.5775278365955,12.2028273758837,3.0388426124772
378,11.5467570351794,11.9044096187374,3.0388426124772
378,11.5159862337634,11.6059918615911,3.0388426124772
379,11.4514754559909,12.2130207082951,3.06151189896382
379,11.4274768989737,11.9139821334238,3.06151189896382
379,11.4034783419565,11.6149435585524,3.06151189896382
380,11.3270009378443,12.2209800904743,3.07806524746906
380,11.3079555323988,11.9215852466119,3.07806524746906
380,11.2889101269533,11.6221904027494,3.07806524746906
381,11.2032392226092,12.2271937841047,3.09165129131192
381,11.1882630411859,11.927567827302,3.09165129131192
381,11.1732868597625,11.6279418704992,3.09165129131192
382,11.07991673989,12.2319414861322,3.10327767838779
382,11.0684250595136,11.932161664793,3.10327767838779
382,11.0569333791373,11.6323818434539,3.10327767838779
383,10.9572824857762,12.2355028739965,3.11266789300134
383,10.9486062675322,11.9356283615134,3.11266789300134
383,10.9399300492883,11.6357538490303,3.11266789300134
384,10.8354159632732,12.2381829942101,3.11966417139791
384,10.8288379458277,11.9382551200695,3.11966417139791
384,10.8222599283821,11.6383272459289,3.11966417139791
385,10.7140004931836,12.2401849302124,3.12514291501422
385,10.7090657941679,11.9402255183821,3.12514291501422
385,10.7041310951521,11.6402661065517,3.12514291501422
386,10.5874177680166,12.2394692489727,-3.13532746837108
386,10.589297311286,11.9394751368353,-3.13532746837108
386,10.5911768545555,11.6394810246979,-3.13532746837108
387,10.4605118551949,12.2357663186494,-3.11176655547062
387,10.4694583580306,11.9358997481768,-3.11176655547062
387,10.4784048608663,11.6360331777042,-3.11176655547062
388,10.3362896573485,12.2302714788088,-3.09712904847702
388,10.3496243440623,11.9305679817818,-3.09712904847702
388,10.3629590307762,11.6308644847547,-3.09712904847702
389,10.2125317719704,12.2231451905332,-3.08386064657461
389,10.2298417546836,11.9236449993839,-3.08386064657461
389,10.2471517373967,11.6241448082346,-3.08386064657461
390,10.0920253279234,12.2158557133162,-3.08116690407281
390,10.1101420232523,11.9164032373699,-3.08116690407281
390,10.1282587185812,11.6169507614237,-3.08116690407281
391,9.99408389880984,12.2105816899396,-3.08772998949978
391,10.0102348858882,11.9110167627261,-3.08772998949978
391,10.0263858729666,11.6114518355127,-3.08772998949978
392,9.89698541692693,12.206291184533,-3.09729308652721
392,9.91027094068429,11.9065855041422,-3.09729308652721
392,9.92355646444166,11.6068798237514,-3.09729308652721
393,9.79918703543595,12.202673731272,-3.10454012468466
393,9.81030025082995,11.9028796411975,-3.10454012468466
393,9.82141346622394,11.603085551123,-3.10454012468466
394,9.70159436796974,12.1998447624631,-3.11251553209831
394,9.71031627526438,11.8999715753771,-3.11251553209831
394,9.71903818255901,11.600098388291,-3.11251553209831
395,9.60351609442687,12.1976406565533,-3.11905806003275
395,9.61027590034627,11.897716824516,-3.11905806003275
395,9.61703570626567,11.5977929924787,-3.11905806003275
396,9.50819957982417,12.1970243512658,-3.13473987399597
396,9.51025539761183,11.8970313953265,-3.13473987399597
396,9.51231121539949,11.5970384393871,-3.13473987399597
397,9.41299689688435,12.1979456281449,3.13232534936577
397,9.41021674541213,11.8979585104918,3.13232534936577
397,9.40743659393991,11.5979713928388,3.13232534936577
398,9.31580263892124,12.1997704638773,3.12295519653996
398,9.31021172549118,11.8998225655899,3.12295519653996
398,9.30462081206112,11.5998746673025,3.12295519653996
399,9.19917481467102,12.2032470306411,3.11194816156952
399,9.19028276958062,11.903378840374,3.11194816156952
399,9.18139072449021,11.6035106501068,3.11194816156952
400,9.1037724629999,12.2075922587886,3.09645478811257
400,9.09023570114339,11.9078978209383,3.09645478811257
400,9.07669893928689,11.6082033830879,3.09645478811257
401,9.011553283279,12.2141871663245,3.07123282771368
401,8.99046274703965,11.9149294357959,3.07123282771368
401,8.9693722108003,11.6156717052673,3.07123282771368
402,8.89329877136632,12.22301219762,3.06712464236635
402,8.8709790103357,11.9238436359904,3.06712464236635
402,8.84865924930507,11.6246750743608,3.06712464236635
403,8.77285071066496,12.2315872172749,3.07053433346103
403,8.75155114978274,11.9323442913665,3.07053433346103
403,8.73025158890052,11.6331013654581,3.07053433346103
404,8.65357529821677,12.2401551756071,3.0698829596904
404,8.63208082287393,11.9409261871555,3.0698829596904
404,8.61058634753109,11.641697198704,3.0698829596904
405,8.52777729013575,12.2466093679152,3.09085535605859
405,8.51256263061953,11.9469954260903,3.09085535605859
405,8.49734797110332,11.6473814842655,3.09085535605859
406,8.39878843841083,12.2493498770172,3.12143700616109
406,8.39274215358562,11.9494108124727,3.12143700616109
406,8.3866958687604,11.6494717479282,3.12143700616109
407,8.27416174638131,12.2499713140069,3.13689385377796
407,8.27275211162493,11.9499746258087,3.13689385377796
407,8.27134247686855,11.6499779376106,3.13689385377796
408,8.15248299430708,12.2498554264422,-3.14060032040546
408,8.15278069421352,11.949855574151,-3.14060032040546
408,8.15307839411996,11.6498557218597,-3.14060032040546
409,8.03221577961831,12.2495783982073,-3.13928706731677
409,8.03290745488742,11.9495791955662,-3.13928706731677
409,8.03359913015654,11.649579992925,-3.13928706731677
410,7.91153981783238,12.248949060304,-3.13636699644651
410,7.9131075078404,11.9489531564186,-3.13636699644651
410,7.91467519784841,11.6489572525332,-3.13636699644651
411,7.78473488989243,12.2453842128893,-3.11283230159595
411,7.79336180607224,11.9455082780142,-3.11283230159595
411,7.80198872225204,11.6456323431391,-3.11283230159595
412,7.65877528834636,12.2391903218013,-3.09193942076611
412,7.67366513808587,11.9395600623569,-3.09193942076611
412,7.68855498782538,11.6399298029125,-3.09193942076611
413,7.53220849143777,12.2300295095956,-3.0687010774062
413,7.55405660512642,11.9308261340661,-3.0687010774062
413,7.57590471881506,11.6316227585366,-3.0687010774062
414,7.41412211791385,12.2221095892349,-3.07458026307739
414,7.43421079195095,11.9227829362695,-3.07458026307739
414,7.45429946598805,11.6234562833042,-3.07458026307739
415,7.32335197311344,12.2189869975043,-3.10561459750595
415,7.33414306155259,11.9191811396391,-3.10561459750595
415,7.34493414999174,11.6193752817739,-3.10561459750595
416,7.23035099456465,12.2179272398434,-3.12929377310086
416,7.23404056569409,11.9179499289266,-3.12929377310086
416,7.23773013682353,11.6179726180098,-3.12929377310086
417,7.13510685261756,12.2183118285658,3.13795473421286
417,7.13401547921177,11.9183138137322,3.13795473421286
417,7.13292410580599,11.6183157988986,3.13795473421286
418,7.03782988953116,12.2195653698672,3.12883528182637
418,7.03400278181474,11.9195897821162,3.12883528182637
418,7.03017567409832,11.6196141943653,3.12883528182637
419,6.92038878595257,12.222059482711,3.12044852521108
419,6.91404602007807,11.9221265413374,3.12044852521108
419,6.90770325420357,11.6221935999637,3.12044852521108
420,6.80137293018495,12.2248828936924,3.11788241741179
420,6.79426052577827,11.9249672160369,3.11788241741179
420,6.78714812137159,11.6250515383814,3.11788241741179
421,6.68180860008502,12.2278098713778,3.11711791643985
421,6.67446691195208,11.9278997188065,3.11711791643985
421,6.66712522381913,11.6279895662351,3.11711791643985
422,6.56217987762384,12.2308229562023,3.11641163474026
422,6.55462637028736,11.9309180637332,3.11641163474026
422,6.54707286295088,11.631013171264,3.11641163474026
423,6.44111026393758,12.2333962103971,3.12036083631179
423,6.43474119729801,11.9334638263667,3.12036083631179
423,6.42837213065843,11.6335314423364,3.12036083631179
424,6.32037015795761,12.2356465375584,3.12296546089906
424,6.31478232330078,11.9356985818997,3.12296546089906
424,6.30919448864396,11.635750626241,3.12296546089906
425,6.19975332261691,12.2376176097347,3.12525904836717
425,6.19485345892661,11.937657626844,3.12525904836717
425,6.18995359523632,11.6376976439532,3.12525904836717
426,6.07916649146212,12.2393070239056,3.12759039113412
426,6.0749659499906,11.9393364329281,3.12759039113412
426,6.07076540851908,11.6393658419507,3.12759039113412
427,5.95856162225874,12.2406814277778,3.13020572985255
427,5.95514561895967,11.9407008768725,3.13020572985255
427,5.95172961566061,11.6407203259671,3.13020572985255
428,5.83841084777786,12.2419411924828,3.13110919128257
428,5.83526586669357,11.9419576777791,3.13110919128257
428,5.83212088560928,11.6419741630755,3.13110919128257
429,5.71793738389585,12.2429907737328,3.13288466233671
429,5.71532501953576,11.9430021480276,3.13288466233671
429,5.71271265517568,11.6430135223225,3.13288466233671
430,5.59767816421713,12.2439189260056,3.13387610255618
430,5.59536322188114,11.9439278577352,3.13387610255618
430,5.59304827954515,11.6439367894649,3.13387610255618
431,5.47691465546157,12.2445566226032,3.13631957810437
431,5.47533274014691,11.9445607933923,3.13631957810437
431,5.47375082483225,11.6445649641814,3.13631957810437
432,5.35199191853202,12.2431404660606,-3.12991177297928
432,5.35549610302701,11.9431609322737,-3.12991177297928
432,5.35900028752201,11.6431813984868,-3.12991177297928
433,5.22641745520796,12.2392745487884,-3.11036012765532
433,5.23578568974194,11.939420857496,-3.11036012765532
433,5.24515392427592,11.6395671662035,-3.11036012765532
434,5.10182758419218,12.2333565934565,-3.09379900934079
434,5.11616021950067,11.9336991631046,-3.09379900934079
434,5.13049285480916,11.6340417327527,-3.09379900934079
435,4.97801179620236,12.2257467194742,-3.07997762135173
435,4.99648461229069,11.9263160011673,-3.07997762135173
435,5.01495742837901,11.6268852828605,-3.07997762135173
436,4.85468943942816,12.2165985190809,-3.06735377396849
436,4.87694065090164,11.9174248511421,-3.06735377396849
436,4.89919186237512,11.6182511832033,-3.06735377396849
437,4.72931624904549,12.2047460950354,-3.04683412889966
437,4.75770128286535,11.9060919642167,-3.04683412889966
437,4.78608631668521,11.6074378333981,-3.04683412889966
438,4.59889665418404,12.1872610812463,-3.00646224688094
438,4.63931251319723,11.8899959498565,-3.00646224688094
438,4.67972837221042,11.5927308184666,-3.00646224688094
439,4.46317720974696,12.160606467876,-2.94334716451871
439,4.52226205625877,11.8664823768656,-2.94334716451871
439,4.58134690277059,11.5723582858552,-2.94334716451871
440,4.33063436868287,12.12638537746,-2.88522048823772
440,4.40670625812166,11.8361904987368,-2.88522048823772
440,4.48277814756045,11.5459956200135,-2.88522048823772
441,4.19887543277807,12.0833060866654,-2.82115321951104
441,4.29337052976479,11.7985769581143,-2.82115321951104
441,4.38786562675151,11.5138478295632,-2.82115321951104
442,4.06934871167691,12.0311777485492,-2.75415306684375
442,4.18269441830454,11.7534139085897,-2.75415306684375
442,4.29604012493218,11.4756500686301,-2.75415306684375
443,3.94582630248505,11.9728398969929,-2.69674331664572
443,4.07492286808547,11.7020372442176,-2.69674331664572
443,4.20401943368588,11.4312345914422,-2.69674331664572
444,3.82597600254139,11.9076954919613,-2.64020191389657
444,3.97016967158288,11.6446210047749,-2.64020191389657
444,4.11436334062437,11.3815465175886,-2.64020191389657
445,3.73024810303589,11.8506325023601,-2.60209458885552
445,3.88435972683715,11.5932425114721,-2.60209458885552
445,4.0384713506384,11.3358525205841,-2.60209458885552
446,3.6269112926522,11.7883801718836,-2.59938531347218
446,3.78171969036393,11.5314086559564,-2.59938531347218
446,3.93652808807566,11.2744371400292,-2.59938531347218
447,3.52034179130816,11.7211829913951,-2.57849413485713
447,3.68048445520133,11.4675014445668,-2.57849413485713
447,3.84062711909451,11.2138198977385,-2.57849413485713
448,3.41819296743559,11.6560731634347,-2.57410107063642
448,3.57944852177579,11.4030975792483,-2.57410107063642
448,3.74070407611598,11.1501219950619,-2.57410107063642
449,3.31504387848417,11.5886476804077,-2.56247720813499
449,3.47922902617992,11.3375635565047,-2.56247720813499
449,3.64341417387566,11.0864794326018,-2.56247720813499
450,3.21131099854337,11.5180090511625,-2.54331651781321
450,3.38027665911882,11.2701167246449,-2.54331651781321
450,3.54924231969427,11.0222243981273,-2.54331651781321
451,3.11022703785918,11.4473394895043,-2.53128314221305
451,3.28216337477217,11.2014982886267,-2.53128314221305
451,3.45409971168516,10.955657087749,-2.53128314221305
452,3.03149220022054,11.3943062602629,-2.54836660486838
452,3.19920383369486,11.1455638071163,-2.54836660486838
452,3.36691546716918,10.8968213539698,-2.54836660486838
453,2.95604304667649,11.3478052947362,-2.58676322149896
453,3.11408254471577,11.0928082024793,-2.58676322149896
453,3.27212204275506,10.8378111102223,-2.58676322149896
454,2.861331200645,11.2940350172017,-2.62339501718205
454,3.00992576242566,11.0334210187112,-2.62339501718205
454,3.15852032420632,10.7728070202207,-2.62339501718205
455,2.7807911313307,11.251403180774,-2.65329050906466
455,2.9215292723937,10.9864639884107,-2.65329050906466
455,3.06226741345671,10.7215247960474,-2.65329050906466
456,2.69854057371942,11.2107166096895,-2.68096896870061
456,2.83189263621577,10.9419839778266,-2.68096896870061
456,2.96524469871211,10.6732513459637,-2.68096896870061
457,2.59266276463503,11.1590613200962,-2.68763427263477
457,2.72422069356873,10.8894458321608,-2.68763427263477
457,2.85577862250242,10.6198303442253,-2.68763427263477
458,2.48163320000161,11.1026719814474,-2.67134383557314
458,2.61756563288484,10.8352353091482,-2.67134383557314
458,2.75349806576807,10.5677986368491,-2.67134383557314
459,2.3680700419894,11.0404265547863,-2.63898688825911
459,2.51258324676311,10.7775274607483,-2.63898688825911
459,2.65709645153682,10.5146283667102,-2.63898688825911
460,2.25078383189374,10.9661783386915,-2.57244087215494
460,2.41245915349074,10.7134708192417,-2.57244087215494
460,2.57413447508774,10.4607632997918,-2.57244087215494
461,2.13682388956612,10.881556756903,-2.49683521517572
461,2.31712526654304,10.6417830855789,-2.49683521517572
461,2.49742664351996,10.4020094142548,-2.49683521517572
462,2.02864432397549,10.7867189453068,-2.4148054580795
462,2.22798595328793,10.5625250229471,-2.4148054580795
462,2.42732758260036,10.3383311005873,-2.4148054580795
463,1.92661029736861,10.6779235896467,-2.31390536846623
463,2.14752087851574,10.4749494160748,-2.31390536846623
463,2.36843145966288,10.2719752425028,-2.31390536846623
464,1.83553405547119,10.5575036126196,-2.2069838529875
464,2.07684407001332,10.3792636707388,-2.2069838529875
464,2.31815408455546,10.2010237288579,-2.2069838529875
465,1.75796110195913,10.4298536672988,-2.10678511322644
465,2.01589032743309,10.276646243698,-2.10678511322644
465,2.27381955290704,10.1234388200972,-2.10678511322644
466,1.69400421023065,10.3019422005148,-2.02793293638159
466,1.96320021598319,10.1695280378022,-2.02793293638159
466,2.23239622173573,10.0371138750896,-2.02793293638159
467,1.64041564427385,10.1670608884431,-1.94120547553879
467,1.92006943819585,10.0584618297684,-1.94120547553879
467,2.19972323211785,9.94986277109373,-1.94120547553879
468,1.59791462666833,10.0362070427591,-1.88087857101156
468,1.88360716987522,9.9446659549571,-1.88087857101156
468,2.16929971308211,9.85312486715507,-1.88087857101156
469,1.562530511202,9.9099242317837,-1.8422846628733
469,1.85154236411591,9.82947456506429,-1.8422846628733
469,2.14055421702983,9.74902489834487,-1.8422846628733
470,1.53207760233969,9.78217666261564,-1.80305466834229
470,1.82402232076857,9.71312391914023,-1.80305466834229
470,2.11596703919746,9.64407117566483,-1.80305466834229
471,1.50524868197778,9.66091355979596,-1.78827037267452
471,1.79818235400739,9.59618440260043,-1.78827037267452
471,2.09111602603701,9.53145524540489,-1.78827037267452
472,1.48024013649775,9.53943137268721,-1.773560161362
472,1.77409426033422,9.47901817955609,-1.773560161362
472,2.0679483841707,9.41860498642497,-1.773560161362
473,1.45688162054111,9.41780953334706,-1.7603324382555
473,1.75150914222043,9.36128853309846,-1.7603324382555
473,2.04613666389975,9.30476753284985,-1.7603324382555
474,1.43445581561472,9.29928950801497,-1.75779280723734
474,1.7292259294923,9.24351693442727,-1.75779280723734
474,2.02399604336989,9.18774436083957,-1.75779280723734
475,1.41284010599038,9.17810480741647,-1.74717248867728
475,1.70818590765543,9.12546587278794,-1.74717248867728
475,2.00353170932048,9.07282693815941,-1.74717248867728
476,1.3917761395871,9.06016613421859,-1.74753368873504
476,1.68710290880012,9.00742052410555,-1.74753368873504
476,1.98242967801315,8.9546749139925,-1.74753368873504
477,1.37088628699656,8.94153163528121,-1.745087901162
477,1.66634117733497,8.88950848874896,-1.745087901162
477,1.96179606767338,8.83748534221671,-1.745087901162
478,1.35156737295192,8.81717291913556,-1.7244027664598
478,1.64803508574892,8.77127199028965,-1.7244027664598
478,1.94450279854591,8.72537106144374,-1.7244027664598
479,1.33437502106061,8.6938391547733,-1.70901557844884
479,1.63151389623047,8.65250528412471,-1.70901557844884
479,1.92865277140032,8.61117141347612,-1.70901557844884
480,1.31729887557822,8.57726434176058,-1.71617887959268
480,1.61413404282374,8.53380305454627,-1.71617887959268
480,1.91096921006926,8.49034176733197,-1.71617887959268
481,1.30246172639955,8.48030901819121,-1.72258625594366
481,1.59901232954197,8.43494670149699,-1.72258625594366
481,1.89556293268439,8.38958438480277,-1.72258625594366
482,1.28348359587905,8.36536525738191,-1.73425280319502
482,1.5794848081415,8.31654638460545,-1.73425280319502
482,1.87548602040394,8.26772751182899,-1.73425280319502
483,1.26375940991932,8.24785428302196,-1.73708577356334
483,1.55962113213597,8.19819704460704,-1.73708577356334
483,1.85548285435262,8.14853980619213,-1.73708577356334
484,1.2434990672298,8.13152048591305,-1.74317677850766
484,1.53905284056353,8.08006208457571,-1.74317677850766
484,1.83460661389726,8.02860368323838,-1.74317677850766
485,1.22265682257862,8.0149007672255,-1.74762385748685
485,1.51797883458526,7.96212852808076,-1.74762385748685
485,1.8133008465919,7.90935628893601,-1.74762385748685
486,1.20084503866956,7.90055555569626,-1.75911554419801
486,1.49554112225445,7.84439312768849,-1.75911554419801
486,1.79023720583934,7.78823069968073,-1.75911554419801
487,1.17860886423502,7.78188007986488,-1.7560062759057
487,1.47347814710186,7.7266342110456,-1.7560062759057
487,1.76834742996869,7.67138834222632,-1.7560062759057
488,1.15721633691224,7.66060770366257,-1.74526004548358
488,1.45266226738373,7.60853369701974,-1.74526004548358
488,1.74810819785521,7.5564596903769,-1.74526004548358
489,1.13639588398667,7.5423076305451,-1.74500908337515
489,1.43185487375664,7.49030777127499,-1.74500908337515
489,1.7273138635266,7.43830791200487,-1.74500908337515
490,1.11865332808872,7.41166629142184,-1.70385497069039
490,1.41600155353181,7.37186638154947,-1.70385497069039
490,1.71334977897489,7.33206647167711,-1.70385497069039
491,1.10806931244337,7.2745613181515,-1.64392314238372
491,1.40726754015705,7.25264282064391,-1.64392314238372
491,1.70646576787074,7.23072432313632,-1.64392314238372
492,1.10327493082995,7.14354760309906,-1.60570338875795
492,1.40309217394233,7.13307761109852,-1.60570338875795
492,1.70290941705471,7.12260761909798,-1.60570338875795
493,1.10171356792805,7.0168024487989,-1.582476208542
493,1.40169310521504,7.01329856394249,-1.582476208542
493,1.70167264250202,7.00979467908608,-1.582476208542
494,1.10126154210307,6.89443504906124,-1.57441057138903
494,1.40125958269061,6.8933507780436,-1.57441057138903
494,1.70125762327814,6.89226650702596,-1.57441057138903
495,1.10115759772831,6.77363712969891,-1.57164732673472
495,1.40115748909818,6.77338182974778,-1.57164732673472
495,1.70115738046805,6.77312652979665,-1.57164732673472
496,1.10112740662885,6.65347813070559,-1.57104713667898
496,1.40112739719301,6.65340288774115,-1.57104713667898
496,1.70112738775717,6.65332764477671,-1.57104713667898
497,1.1011106052133,6.5334953394916,-1.57093634332559
497,1.4011106022726,6.53345333453253,-1.57093634332559
497,1.70111059933191,6.53341132957346,-1.57093634332559
498,1.10112032912406,6.41354520237704,-1.57071519936416
498,1.40112032813681,6.41356954060623,-1.57071519936416
498,1.70112032714956,6.41359387883543,-1.57071519936416
499,1.10115458530302,6.29357465710002,-1.57051073628833
499,1.40115457306873,6.29366033425083,-1.57051073628833
499,1.70115456083444,6.29374601140164,-1.57051073628833
500,1.10122012999954,6.17354618509043,-1.57025016575942
500,1.40122008525576,6.17371003339293,-1.57025016575942
500,1.70122004051198,6.17387388169543,-1.57025016575942
501,1.10131756067536,6.05347658359193,-1.56998478734557
501,1.40131746188592,6.0537200454,-1.56998478734557
501,1.70131736309649,6.05396350720808,-1.56998478734557
502,1.10144497418187,5.93340066682182,-1.56973514141668
502,1.40144480526473,5.93371902237553,-1.56973514141668
502,1.70144463634758,5.93403737792924,-1.56973514141668
503,1.10159929379003,5.81337706829157,-1.56951052056023
503,1.40159904579542,5.81376281005568,-1.56951052056023
503,1.7015987978008,5.81414855181979,-1.56951052056023
504,1.10178010483936,5.69340822794819,-1.5692891165488
504,1.40177976408702,5.69386039085083,-1.5692891165488
504,1.70177942333468,5.69431255375346,-1.5692891165488
505,1.10199372346472,5.57343605024933,-1.5690156671464
505,1.40199324785253,5.57397024786158,-1.5690156671464
505,1.70199277224034,5.57450444547382,-1.5690156671464
506,1.10312869619674,5.4513909703065,-1.56142618557155
506,1.40311552636112,5.45420197153898,-1.56142618557155
506,1.7031023565255,5.45701297277145,-1.56142618557155
507,1.1074238921757,5.32422136787636,-1.53628897070622
507,1.40724529625516,5.33457152033042,-1.53628897070622
507,1.70706670033462,5.34492167278447,-1.53628897070622
508,1.11331070273249,5.20050035495287,-1.52303822084789
508,1.4129686422527,5.21482234093606,-1.52303822084789
508,1.71262658177291,5.22914432691925,-1.52303822084789
509,1.11970505515283,5.0793355959729,-1.51804032994147
509,1.41928767269044,5.09515505453863,-1.51804032994147
509,1.71887029022805,5.11097451310437,-1.51804032994147
510,1.12769308379051,4.95608220759729,-1.5058979761906
510,1.42706153611302,4.97553804872602,-1.5058979761906
510,1.72642998843553,4.99499388985475,-1.5058979761906
511,1.13526137108966,4.83687494557457,-1.50739015259242
511,1.434658521663,4.85588405466898,-1.50739015259242
511,1.73405567223635,4.87489316376339,-1.50739015259242
512,1.14041584616488,4.74002791034613,-1.5174666101407
512,1.4399893384619,4.75601924277856,-1.5174666101407
512,1.73956283075893,4.77201057521098,-1.5174666101407
513,1.14453111721348,4.6432924332632,-1.52810513910245
513,1.44425777810551,4.65609589961089,-1.52810513910245
513,1.74398443899753,4.66889936595858,-1.52810513910245
514,1.14851282043515,4.52607060764932,-1.53674662907356
514,1.44833892994934,4.53628354324995,-1.53674662907356
514,1.74816503946354,4.54649647885058,-1.53674662907356
515,1.15160094538357,4.40848198893748,-1.54446430109964
515,1.45149694505647,4.41638068377853,-1.54446430109964
515,1.75139294472937,4.42427937861958,-1.54446430109964
516,1.15424831061524,4.2897454893855,-1.54848348150491
516,1.45417363425379,4.29643878754924,-1.54848348150491
516,1.75409895789235,4.30313208571299,-1.54848348150491
517,1.15637348170542,4.17107862906993,-1.5528652594177
517,1.45632525452103,4.17645766102503,-1.5528652594177
517,1.75627702733664,4.18183669298014,-1.5528652594177
518,1.1577800414918,4.05289907958438,-1.55884954965971
518,1.45775863292384,4.05648302747007,-1.55884954965971
518,1.75773722435589,4.06006697535575,-1.55884954965971
519,1.15868529935713,3.93425891187193,-1.56314288913632
519,1.45867651313382,3.93655492075453,-1.56314288913632
519,1.75866772691051,3.93885092963712,-1.56314288913632
520,1.15914696980922,3.81551698201124,-1.56689058856398
520,1.45914468159346,3.81668870050146,-1.56689058856398
520,1.7591423933777,3.81786041899168,-1.56689058856398
521,1.15928264153059,3.69640190960884,-1.56964775713652
521,1.45928244364877,3.69674648043059,-1.56964775713652
521,1.75928224576695,3.69709105125234,-1.56964775713652
522,1.1593069046363,3.5766900852974,-1.57059252909477
522,1.45930689840627,3.57675122460701,-1.57059252909477
522,1.75930689217625,3.57681236391663,-1.57059252909477
523,1.15919818864133,3.45700679405465,-1.57170314464721
523,1.45919806529355,3.45673474873624,-1.57170314464721
523,1.75919794194577,3.45646270341783,-1.57170314464721
524,1.15901082040374,3.33721647288923,-1.57235992041326
524,1.45901045368006,3.33674739499486,-1.57235992041326
524,1.75901008695639,3.33627831710049,-1.57235992041326
525,1.15874436440238,3.21744744593434,-1.57302052539486
525,1.45874362234378,3.21678018690451,-1.57302052539486
525,1.75874288028517,3.21611292787468,-1.57302052539486
526,1.15834546719819,3.09787263032348,-1.57413073161757
526,1.45834379946141,3.09687231073031,-1.57413073161757
526,1.75834213172462,3.09587199113715,-1.57413073161757
527,1.15783470939909,2.97824096103015,-1.57506462695252
527,1.45783197664531,2.97696047487094,-1.57506462695252
527,1.75782924389152,2.97567998871172,-1.57506462695252
528,1.15728053470683,2.85838349718139,-1.57541975039164
528,1.45727732830568,2.85699647504389,-1.57541975039164
528,1.75727412190453,2.85560945290639,-1.57541975039164
529,1.15667433525178,2.73850904246701,-1.5758530015764
529,1.45667049976598,2.7369920464975,-1.5758530015764
529,1.75666666428017,2.73547505052799,-1.5758530015764
530,1.15600811675161,2.61867309776461,-1.5763553748923
530,1.45600348131119,2.61700539192494,-1.5763553748923
530,1.75599884587076,2.61533768608527,-1.5763553748923
531,1.15527416500677,2.49889825879803,-1.57692360805405
531,1.45526853348805,2.49706008592227,-1.57692360805405
531,1.75526290196932,2.49522191304651,-1.57692360805405
532,1.15457723176387,2.3789604638813,-1.57660692516839
532,1.4545721673201,2.37721729417841,-1.57660692516839
532,1.75456710287633,2.37547412447552,-1.57660692516839
533,1.15426527912645,2.25815373702452,-1.5733655210247
533,1.45426428901315,2.25738297960351,-1.5733655210247
533,1.75426329889985,2.2566122221825,-1.5733655210247
534,1.15489252423063,2.13592376097084,-1.56559050841113
534,1.45488845915805,2.13748549943196,-1.56559050841113
534,1.75488439408548,2.13904723789307,-1.56559050841113
535,1.15532054690933,2.01644009650333,-1.56721077694053
535,1.45531861848624,2.01751575915482,-1.56721077694053
535,1.75531669006314,2.01859142180631,-1.56721077694053
536,1.15765180953849,1.89211124824213,-1.55175977563912
536,1.45759745263807,1.89782186866206,-1.55175977563912
536,1.75754309573765,1.90353248908198,-1.55175977563912
537,1.16534781660898,1.76054579991735,-1.51042267264548
537,1.46480123594482,1.77864689513489,-1.51042267264548
537,1.76425465528066,1.79674799035242,-1.51042267264548
538,1.18384751673913,1.61959551273681,-1.4341583609632
538,1.4810513810528,1.66045947041373,-1.4341583609632
538,1.77825524536647,1.70132342809065,-1.4341583609632
539,1.21654510914073,1.47544815849182,-1.33844699786747
539,1.50848354343294,1.5445274649664,-1.33844699786747
539,1.80042197772516,1.61360677144098,-1.33844699786747
540,1.26682343457325,1.33067241613384,-1.22366104056848
540,1.54892878289047,1.43273402718726,-1.22366104056848
540,1.83103413120769,1.53479563824069,-1.22366104056848
541,1.33222080275728,1.19361309977216,-1.11365747635309
541,1.60141651178819,1.32602786571367,-1.11365747635309
541,1.8706122208191,1.45844263165518,-1.11365747635309
542,1.40878660514165,1.06691210930538,-1.01794312451877
542,1.66409552161981,1.22444736620601,-1.01794312451877
542,1.91940443809796,1.38198262310664,-1.01794312451877
543,1.50085368827316,0.946049993353061,-0.907864321647652
543,1.73731104127254,1.13067913572373,-0.907864321647652
543,1.97376839427191,1.3153082780944,-0.907864321647652
544,1.60501871000686,0.836334240593671,-0.799771098637933
544,1.82017768850474,1.0453955090576,-0.799771098637933
544,2.03533666700263,1.25445677752153,-0.799771098637933
545,1.72078869706202,0.738327868571054,-0.690752463787283
545,1.91192389806013,0.969557916227958,-0.690752463787283
545,2.10305909905823,1.20078796388486,-0.690752463787283
546,1.84318866056253,0.654205659787472,-0.592364360405127
546,2.01068589333423,0.90309253572476,-0.592364360405127
546,2.17818312610593,1.15197941166205,-0.592364360405127
547,1.97752514338622,0.582090987386889,-0.480333876102844
547,2.11614773224803,0.848143196280651,-0.480333876102844
547,2.25477032110984,1.11419540517441,-0.480333876102844
548,2.11398313235197,0.525343612305704,-0.384858088719517
548,2.22661141529616,0.803399128131311,-0.384858088719517
548,2.33923969824034,1.08145464395692,-0.384858088719517
549,2.25064521007535,0.481404210961461,-0.304302886394903
549,2.34053365885804,0.767621028733307,-0.304302886394903
549,2.43042210764073,1.05383784650515,-0.304302886394903
550,2.38832840665638,0.448301134984008,-0.230125020760415
550,2.45675818173627,0.740392500625849,-0.230125020760415
550,2.52518795681616,1.03248386626769,-0.230125020760415
551,2.52846385528485,0.425591121003548,-0.154643726956741
551,2.57467228157264,0.722011061864492,-0.154643726956741
551,2.62088070786043,1.01843100272544,-0.154643726956741
552,2.66239260353459,0.411164982680283,-0.10450222177754
552,2.69368623927193,0.709528365759271,-0.10450222177754
552,2.72497987500927,1.00789174883826,-0.10450222177754
553,2.78854132941114,0.400797648968124,-0.081364746423515
553,2.81292382961773,0.699805163394895,-0.081364746423515
553,2.83730632982433,0.998812677821665,-0.081364746423515
554,2.91070862709658,0.391884707417259,-0.072736660923257
554,2.93251038935443,0.691091463962715,-0.072736660923257
554,2.95431215161229,0.990298220508171,-0.072736660923257
555,3.02998223101753,0.38309916142136,-0.07352519940792
555,3.05201992251526,0.682288633417704,-0.07352519940792
555,3.07405761401298,0.981478105414048,-0.07352519940792
556,3.15062359453491,0.374688730484307,-0.069582429933687
556,3.17148148267927,0.673962766281196,-0.069582429933687
556,3.19233937082363,0.973236802078084,-0.069582429933687
557,3.27520499193531,0.368047140214811,-0.05292732461406
557,3.29107577708761,0.667627043043172,-0.05292732461406
557,3.3069465622399,0.967206945871532,-0.05292732461406
558,3.39979902639093,0.363436194153824,-0.036673027347068
558,3.41079846866311,0.663234480122408,-0.036673027347068
558,3.42179791093528,0.963032766090992,-0.036673027347068
559,3.52290541127083,0.360271663201284,-0.025549283074781
559,3.53056936233548,0.660173753647614,-0.025549283074781
559,3.53823331340014,0.960075844093943,-0.025549283074781
