4,0.497500722243745,0.106487722539371,0.210667867088249,1
5,0.476589417447207,0.204276869849829,0.210667867088249,0.666666666666667
6,0.45567811265067,0.302066017160286,0.210667867088249,1
7,0.434766807854132,0.399855164470743,0.210667867088249,1
8,1.08710145679187,0.031081796406339,0.401840998268466,0.666666666666667
9,1.04799012147954,0.123116047911346,0.401840998268466,0.666666666666667
10,1.00887878616722,0.215150299416353,0.401840998268466,0.666666666666667
11,0.969767450854894,0.30718455092136,0.401840998268466,1
12,0.93065611554257,0.399218802426367,0.401840998268466,0.333333333333333
13,0.891544780230245,0.491253053931375,0.401840998268466,0.333333333333333
14,0.85243344491792,0.583287305436382,0.401840998268466,0.333333333333333
15,1.5544061962052,0.205245190253249,0.357346058800076,0.333333333333333
16,1.51942727816045,0.298928034426656,0.357346058800076,0.666666666666667
17,1.4844483601157,0.392610878600063,0.357346058800076,0.666666666666667
18,1.44946944207096,0.48629372277347,0.357346058800076,0.666666666666667
19,1.41449052402621,0.579976566946876,0.357346058800076,0.666666666666667
20,1.37951160598146,0.673659411120283,0.357346058800076,1
21,1.34453268793671,0.76734225529369,0.357346058800076,1
22,2.02435977043691,0.312690697424699,0.22982025167337,1
23,2.00157951994211,0.410061433210119,0.22982025167337,1
24,1.97879926944731,0.507432168995539,0.22982025167337,0.666666666666667
25,1.95601901895251,0.604802904780959,0.22982025167337,1
26,1.93323876845771,0.702173640566379,0.22982025167337,0.666666666666667
27,1.9104585179629,0.7995443763518,0.22982025167337,0.666666666666667
28,1.8876782674681,0.896915112137219,0.22982025167337,0.666666666666667
29,2.49157166106966,0.332886290064302,0.053181024469228,1
30,2.48625606506343,0.432744912321464,0.053181024469228,1
31,2.4809404690572,0.532603534578626,0.053181024469228,1
32,2.47562487305098,0.632462156835788,0.053181024469228,1
33,2.47030927704475,0.73232077909295,0.053181024469228,1
34,2.46499368103852,0.832179401350112,0.053181024469228,1
35,2.45967808503229,0.932038023607274,0.053181024469228,1
36,2.99177580665857,0.327736773356773,-0.009130559884918,1
37,2.99268884996064,0.427732605029541,-0.009130559884918,1
38,2.99360189326271,0.527728436702309,-0.009130559884918,1
39,2.99451493656478,0.627724268375076,-0.009130559884918,1
40,2.99542797986685,0.727720100047844,-0.009130559884918,1
41,2.99634102316892,0.827715931720612,-0.009130559884918,1
42,2.99725406647098,0.92771176339338,-0.009130559884918,1
43,3.51618708834954,0.331319262346034,0.00690488936009,1
44,3.51549660490032,0.431316878480652,0.00690488936009,1
45,3.51480612145109,0.53131449461527,0.00690488936009,1
46,3.51411563800187,0.631312110749887,0.00690488936009,1
47,3.51342515455264,0.731309726884505,0.00690488936009,1
48,3.51273467110342,0.831307343019123,0.00690488936009,1
49,3.51204418765419,0.93130495915374,0.00690488936009,1
50,4.04369911940949,0.34877758381368,0.033281221979808,1
51,4.04037161157089,0.448722206938609,0.033281221979808,1
52,4.03704410373228,0.548666830063537,0.033281221979808,1
53,4.03371659589367,0.648611453188466,0.033281221979808,1
54,4.03038908805506,0.748556076313394,0.033281221979808,1
55,4.02706158021646,0.848500699438323,0.033281221979808,1
56,4.02373407237785,0.948445322563252,0.033281221979808,1
57,4.55878924321152,0.357511871340668,0.017032066480479,1
58,4.55708611890984,0.457497367126872,0.017032066480479,1
59,4.55538299460817,0.557482862913076,0.017032066480479,1
60,4.5536798703065,0.65746835869928,0.017032066480479,1
61,4.55197674600482,0.757453854485484,0.017032066480479,1
62,4.55027362170315,0.857439350271688,0.017032066480479,1
63,4.54857049740147,0.957424846057892,0.017032066480479,1
64,5.07599653950818,0.361564644359921,0.007860113989839,1
65,5.07521053620265,0.461561555306228,0.007860113989839,1
66,5.07442453289712,0.561558466252535,0.007860113989839,1
67,5.07363852959159,0.661555377198842,0.007860113989839,1
68,5.07285252628606,0.76155228814515,0.007860113989839,1
69,5.07206652298054,0.861549199091457,0.007860113989839,1
70,5.07128051967501,0.961546110037764,0.007860113989839,1
71,5.59608054946824,0.369235704999825,0.014762325996719,1
72,5.59460437048629,0.469224808884265,0.014762325996719,1
73,5.59312819150434,0.569213912768705,0.014762325996719,0.666666666666667
74,5.5916520125224,0.669203016653144,0.014762325996719,1
75,5.59017583354045,0.769192120537584,0.014762325996719,1
76,5.58869965455851,0.869181224422024,0.014762325996719,1
77,5.58722347557656,0.969170328306463,0.014762325996719,1
78,6.12191362490838,0.391413137498122,0.042368006276511,1
79,6.11767809171035,0.491323398525348,0.042368006276511,1
80,6.11344255851232,0.591233659552573,0.042368006276511,0.666666666666667
81,6.1092070253143,0.691143920579799,0.042368006276511,1
82,6.10497149211627,0.791054181607025,0.042368006276511,1
83,6.10073595891824,0.890964442634251,0.042368006276511,1
84,6.09650042572022,0.990874703661477,0.042368006276511,1
85,6.63318814147237,0.397946269717034,0.01302991870321,1
86,6.6318851864718,0.497937780898067,0.01302991870321,1
87,6.63058223147123,0.597929292079099,0.01302991870321,0.666666666666667
88,6.62927927647065,0.697920803260131,0.01302991870321,1
89,6.62797632147008,0.797912314441163,0.01302991870321,1
90,6.62667336646951,0.897903825622195,0.01302991870321,1
91,6.62537041146894,0.997895336803228,0.01302991870321,1
92,7.14267058276856,0.386483893221286,-0.022130441774059,1
93,7.14488344630828,0.486459406398036,-0.022130441774059,1
94,7.147096309848,0.586434919574787,-0.022130441774059,1
95,7.14930917338772,0.686410432751537,-0.022130441774059,1
96,7.15152203692743,0.786385945928287,-0.022130441774059,1
97,7.15373490046715,0.886361459105038,-0.022130441774059,1
98,7.15594776400687,0.986336972281788,-0.022130441774059,1
99,7.66029734088646,0.371505859992875,-0.028914568325449,1
100,7.66318839483434,0.471464060292152,-0.028914568325449,1
101,7.66607944878223,0.571422260591429,-0.028914568325449,1
102,7.66897050273011,0.671380460890706,-0.028914568325449,1
103,7.67186155667799,0.771338661189984,-0.028914568325449,1
104,7.67475261062587,0.871296861489261,-0.028914568325449,1
105,7.67764366457376,0.971255061788538,-0.028914568325449,1
106,8.18121087325626,0.361195273083437,-0.019766602066964,1
107,8.18318740474583,0.461175737791653,-0.019766602066964,1
108,8.18516393623541,0.561156202499868,-0.019766602066964,1
109,8.18714046772498,0.661136667208084,-0.019766602066964,1
110,8.18911699921455,0.761117131916299,-0.019766602066964,1
111,8.19109353070413,0.861097596624515,-0.019766602066964,1
112,8.1930700621937,0.96107806133273,-0.019766602066964,1
113,8.69793685096285,0.345773912961498,-0.029806265467305,1
114,8.70091703619106,0.445729495577005,-0.029806265467305,1
115,8.70389722141927,0.545685078192513,-0.029806265467305,1
116,8.70687740664748,0.64564066080802,-0.029806265467305,1
117,8.70985759187569,0.745596243423528,-0.029806265467305,1
118,8.7128377771039,0.845551826039035,-0.029806265467305,1
119,8.71581796233211,0.945507408654543,-0.029806265467305,1
120,9.22641994205167,0.345446073529276,-0.000374495290337,1
121,9.22645739157983,0.44544606651694,-0.000374495290337,1
122,9.22649484110799,0.545446059504604,-0.000374495290337,1
123,9.22653229063615,0.645446052492268,-0.000374495290337,1
124,9.2265697401643,0.745446045479932,-0.000374495290337,1
125,9.22660718969246,0.845446038467596,-0.000374495290337,1
126,9.22664463922062,0.94544603145526,-0.000374495290337,1
127,9.74540469376484,0.348343636005484,0.005593371628687,1
128,9.74484535951852,0.448342071719253,0.005593371628687,1
129,9.7442860252722,0.548340507433023,0.005593371628687,1
130,9.74372669102588,0.648338943146792,0.005593371628687,1
131,9.74316735677956,0.748337378860562,0.005593371628687,1
132,9.74260802253323,0.848335814574331,0.005593371628687,1
133,9.74204868828691,0.948334250288101,0.005593371628687,1
134,10.25430309829,0.332456416937832,-0.030818154547995,1
135,10.2573844259378,0.432408932763732,-0.030818154547995,1
136,10.2604657535857,0.532361448589632,-0.030818154547995,1
137,10.2635470812335,0.632313964415532,-0.030818154547995,1
138,10.2666284088813,0.732266480241432,-0.030818154547995,1
139,10.2697097365291,0.832218996067332,-0.030818154547995,1
140,10.2727910641769,0.932171511893232,-0.030818154547995,1
141,10.7752201120898,0.318638520550499,-0.02651454896538,1
142,10.7778712563257,0.418603371544438,-0.02651454896538,1
143,10.7805224005617,0.518568222538376,-0.02651454896538,1
144,10.7831735447976,0.618533073532315,-0.02651454896538,1
145,10.7858246890335,0.718497924526254,-0.02651454896538,1
146,10.7884758332694,0.818462775520193,-0.02651454896538,1
147,10.7911269775053,0.918427626514132,-0.02651454896538,1
148,11.2994251599286,0.316224117608482,-0.004466713065254,1
149,11.2998718297498,0.416223120033861,-0.004466713065254,1
150,11.3003184995711,0.516222122459239,-0.004466713065254,1
151,11.3007651693923,0.616221124884617,-0.004466713065254,1
152,11.3012118392135,0.716220127309996,-0.004466713065254,1
153,11.3016585090347,0.816219129735374,-0.004466713065254,1
154,11.302105178856,0.916218132160752,-0.004466713065254,1
155,11.8304076160426,0.340297090031823,0.046024942486856,1
156,11.8258067465288,0.44019119396052,0.046024942486856,1
157,11.8212058770151,0.540085297889217,0.046024942486856,1
158,11.8166050075013,0.639979401817914,0.046024942486856,1
159,11.8120041379875,0.739873505746611,0.046024942486856,1
160,11.8074032684738,0.839767609675308,0.046024942486856,1
161,11.80280239896,0.939661713604005,0.046024942486856,1
162,12.3457762282019,0.356393722438448,0.031286284518539,1
163,12.3426481101251,0.456344784850499,0.031286284518539,1
164,12.3395199920484,0.55629584726255,0.031286284518539,1
165,12.3363918739716,0.656246909674602,0.031286284518539,1
166,12.3332637558948,0.756197972086653,0.031286284518539,1
167,12.3301356378181,0.856149034498705,0.031286284518539,1
168,12.3270075197413,0.956100096910756,0.031286284518539,1
169,12.8594112395292,0.361453925735519,0.009983942053497,1
170,12.8584128619102,0.461448941821972,0.009983942053497,1
171,12.8574144842913,0.561443957908425,0.009983942053497,1
172,12.8564161066724,0.661438973994878,0.009983942053497,1
173,12.8554177290534,0.761433990081332,0.009983942053497,1
174,12.8544193514345,0.861429006167785,0.009983942053497,1
175,12.8534209738156,0.961424022254238,0.009983942053497,1
176,13.3767109166662,0.361885605855183,0.000858633085679,1
177,13.3766250533682,0.461885568992646,0.000858633085679,1
178,13.3765391900702,0.56188553213011,0.000858633085679,0.666666666666667
179,13.3764533267722,0.661885495267573,0.000858633085679,1
180,13.3763674634741,0.761885458405037,0.000858633085679,1
181,13.3762816001761,0.861885421542501,0.000858633085679,1
182,13.3761957368781,0.961885384679964,0.000858633085679,1
183,13.8951472239958,0.359674345867759,-0.004257649664825,1
184,13.8955729876759,0.459673439490095,-0.004257649664825,1
185,13.8959987513561,0.55967253311243,-0.004257649664825,0.333333333333333
186,13.8964245150362,0.659671626734766,-0.004257649664825,1
187,13.8968502787163,0.759670720357102,-0.004257649664825,1
188,13.8972760423965,0.859669813979438,-0.004257649664825,1
189,13.8977018060766,0.959668907601774,-0.004257649664825,1
190,14.4146348416956,0.356766650875012,-0.005596660230205,1
191,14.4151945047969,0.456765084748813,-0.005596660230205,1
192,14.4157541678983,0.556763518622614,-0.005596660230205,0.333333333333333
193,14.4163138309996,0.656761952496416,-0.005596660230205,1
194,14.4168734941009,0.756760386370217,-0.005596660230205,1
195,14.4174331572022,0.856758820244018,-0.005596660230205,1
196,14.4179928203036,0.956757254117819,-0.005596660230205,1
197,14.9398068640496,0.363084381710691,0.012118881540854,1
198,14.9385950055598,0.463077038436075,0.012118881540854,1
199,14.9373831470699,0.56306969516146,0.012118881540854,1
200,14.9361712885801,0.663062351886844,0.012118881540854,1
201,14.9349594300902,0.763055008612229,0.012118881540854,1
202,14.9337475716004,0.863047665337613,0.012118881540854,1
203,14.9325357131105,0.963040322062998,0.012118881540854,1
204,15.4580441721406,0.366222625338596,0.006066140843939,1
205,15.4574375617766,0.466220785441001,0.006066140843939,1
206,15.4568309514126,0.566218945543406,0.006066140843939,1
207,15.4562243410485,0.666217105645811,0.006066140843939,1
208,15.4556177306845,0.766215265748216,0.006066140843939,1
209,15.4550111203205,0.866213425850621,0.006066140843939,1
210,15.4544045099564,0.966211585953026,0.006066140843939,1
211,15.9750188425634,0.367923898093774,0.003293043575589,1
212,15.974689538801,0.467923355887465,0.003293043575589,1
213,15.9743602350386,0.567922813681155,0.003293043575589,1
214,15.9740309312762,0.667922271474846,0.003293043575589,1
215,15.9737016275138,0.767921729268536,0.003293043575589,1
216,15.9733723237515,0.867921187062227,0.003293043575589,1
217,15.9730430199891,0.967920644855917,0.003293043575589,1
218,16.503914412183,0.388597840556715,0.03943922944612,1
219,16.4999715115899,0.4885200779962,0.03943922944612,1
220,16.4960286109968,0.588442315435685,0.03943922944612,1
221,16.4920857104037,0.68836455287517,0.03943922944612,1
222,16.4881428098106,0.788286790314655,0.03943922944612,1
223,16.4841999092174,0.88820902775414,0.03943922944612,1
224,16.4802570086243,0.988131265193625,0.03943922944612,1
225,17.008647276497,0.382172263393125,-0.011945508180061,1
226,17.0098417989057,0.482165128719682,-0.011945508180061,1
227,17.0110363213145,0.582157994046239,-0.011945508180061,1
228,17.0122308437233,0.682150859372796,-0.011945508180061,1
229,17.013425366132,0.782143724699353,-0.011945508180061,1
230,17.0146198885408,0.88213659002591,-0.011945508180061,1
231,17.0158144109496,0.982129455352467,-0.011945508180061,1
232,17.5248079861933,0.369802673710671,-0.023918377152603,1
233,17.5271995958578,0.469774070636055,-0.023918377152603,1
234,17.5295912055224,0.569745467561438,-0.023918377152603,1
235,17.5319828151869,0.669716864486821,-0.023918377152603,1
236,17.5343744248514,0.769688261412204,-0.023918377152603,1
237,17.536766034516,0.869659658337587,-0.023918377152603,1
238,17.5391576441805,0.96963105526297,-0.023918377152603,1
239,18.0463476167506,0.360387544080948,-0.018040672739439,1
240,18.0481515861658,0.460371271228665,-0.018040672739439,1
241,18.0499555555809,0.560354998376383,-0.018040672739439,1
242,18.0517595249961,0.6603387255241,-0.018040672739439,1
243,18.0535634944112,0.760322452671817,-0.018040672739439,1
244,18.0553674638264,0.860306179819535,-0.018040672739439,1
245,18.0571714332415,0.960289906967252,-0.018040672739439,1
246,18.568710525503,0.355286427453612,-0.009745395786837,1
247,18.569685049656,0.455281678854243,-0.009745395786837,1
248,18.5706595738089,0.555276930254873,-0.009745395786837,1
249,18.5716340979619,0.655272181655503,-0.009745395786837,1
250,18.5726086221149,0.755267433056134,-0.009745395786837,1
251,18.5735831462679,0.855262684456764,-0.009745395786837,1
252,18.5745576704208,0.955257935857394,-0.009745395786837,1
253,19.0901361056634,0.352848312420817,-0.004668414913381,1
254,19.090602945459,0.452847222717906,-0.004668414913381,1
255,19.0910697852546,0.552846133014995,-0.004668414913381,1
256,19.0915366250503,0.652845043312084,-0.004668414913381,1
257,19.0920034648459,0.752843953609173,-0.004668414913381,1
258,19.0924703046415,0.852842863906262,-0.004668414913381,1
259,19.0929371444371,0.952841774203351,-0.004668414913381,1
260,19.6107520119115,0.351616272087414,-0.002364972226227,1
261,19.6109885089136,0.451615992432863,-0.002364972226227,1
262,19.6112250059158,0.551615712778311,-0.002364972226227,1
263,19.611461502918,0.65161543312376,-0.002364972226227,1
264,19.6116979999201,0.751615153469209,-0.002364972226227,1
265,19.6119344969223,0.851614873814658,-0.002364972226227,1
266,19.6121709939245,0.951614594160107,-0.002364972226227,1
267,20.1261570356858,0.342417863216393,-0.017775950308597,1
268,20.1279345371028,0.442402064411946,-0.017775950308597,1
269,20.1297120385197,0.542386265607498,-0.017775950308597,0
270,20.1314895399367,0.642370466803051,-0.017775950308597,1
271,20.1332670413536,0.742354667998603,-0.017775950308597,1
272,20.1350445427706,0.842338869194156,-0.017775950308597,1
273,20.1368220441875,0.942323070389708,-0.017775950308597,1
274,20.6401590398298,0.323709727935288,-0.036281084498255,1
275,20.6437863523751,0.423643919299897,-0.036281084498255,1
276,20.6474136649205,0.523578110664506,-0.036281084498255,0.666666666666667
277,20.6510409774658,0.623512302029116,-0.036281084498255,1
278,20.6546682900112,0.723446493393725,-0.036281084498255,1
279,20.6582956025565,0.823380684758334,-0.036281084498255,1
280,20.6619229151019,0.923314876122944,-0.036281084498255,1
281,21.162452960431,0.311634252632815,-0.023065815620974,1
282,21.1647593374694,0.411607652219689,-0.023065815620974,1
283,21.1670657145078,0.511581051806563,-0.023065815620974,1
284,21.1693720915462,0.611554451393437,-0.023065815620974,1
285,21.1716784685846,0.711527850980311,-0.023065815620974,1
286,21.173984845623,0.811501250567185,-0.023065815620974,1
287,21.1762912226614,0.911474650154059,-0.023065815620974,1
288,21.6810047000966,0.300012330813024,-0.022408393931934,1
289,21.6832453519601,0.399987225057662,-0.022408393931934,1
290,21.6854860038236,0.4999621193023,-0.022408393931934,1
291,21.6877266556871,0.599937013546938,-0.022408393931934,1
292,21.6899673075506,0.699911907791577,-0.022408393931934,1
293,21.6922079594141,0.799886802036215,-0.022408393931934,1
294,21.6944486112776,0.899861696280853,-0.022408393931934,1
295,22.2147517232517,0.313649564967946,0.026208334159161,1
296,22.2121311898571,0.413615223094763,0.026208334159161,1
297,22.2095106564625,0.513580881221581,0.026208334159161,1
298,22.2068901230679,0.613546539348398,0.026208334159161,1
299,22.2042695896733,0.713512197475215,0.026208334159161,1
300,22.2016490562786,0.813477855602032,0.026208334159161,1
301,22.199028522884,0.91344351372885,0.026208334159161,1
302,22.7439207231803,0.345444601430134,0.060342338821546,1
303,22.7378901506048,0.445262596773715,0.060342338821546,1
304,22.7318595780292,0.545080592117295,0.060342338821546,1
305,22.7258290054537,0.644898587460875,0.060342338821546,1
306,22.7197984328781,0.744716582804456,0.060342338821546,1
307,22.7137678603026,0.844534578148036,0.060342338821546,1
308,22.707737287727,0.944352573491616,0.060342338821546,1
309,23.254338880456,0.359951669271544,0.028708222312872,1
310,23.2514684525456,0.459910464000227,0.028708222312872,1
311,23.2485980246352,0.55986925872891,0.028708222312872,1
312,23.2457275967247,0.659828053457594,0.028708222312872,1
313,23.2428571688143,0.759786848186277,0.028708222312872,1
314,23.2399867409039,0.859745642914961,0.028708222312872,1
315,23.2371163129935,0.959704437643644,0.028708222312872,1
316,23.7652873355182,0.362777878484894,0.005686822926941,1
317,23.7647186562907,0.462776261491502,0.005686822926941,1
318,23.7641499770632,0.56277464449811,0.005686822926941,1
319,23.7635812978357,0.662773027504718,0.005686822926941,1
320,23.7630126186082,0.762771410511325,0.005686822926941,1
321,23.7624439393807,0.862769793517933,0.005686822926941,1
322,23.7618752601532,0.962768176524541,0.005686822926941,1
323,24.2768733282154,0.356820544734002,-0.011557129449092,1
324,24.2780290154329,0.45681386644628,-0.011557129449092,1
325,24.2791847026504,0.556807188158559,-0.011557129449092,1
326,24.2803403898679,0.656800509870838,-0.011557129449092,1
327,24.2814960770854,0.756793831583117,-0.011557129449092,1
328,24.2826517643029,0.856787153295395,-0.011557129449092,1
329,24.2838074515204,0.956780475007674,-0.011557129449092,1
330,24.8013821482332,0.359546805817935,0.00527875201422,1
331,24.8008542754834,0.459545412560029,0.00527875201422,0.666666666666667
332,24.8003264027335,0.559544019302123,0.00527875201422,0.666666666666667
333,24.7997985299836,0.659542626044217,0.00527875201422,1
334,24.7992706572338,0.759541232786311,0.00527875201422,1
335,24.7987427844839,0.859539839528405,0.00527875201422,1
336,24.798214911734,0.959538446270498,0.00527875201422,1
337,25.3525645760127,0.439589389917218,0.149829236165295,0.333333333333333
338,25.3376376476173,0.538469048132023,0.149829236165295,0.333333333333333
339,25.3227107192218,0.637348706346827,0.149829236165295,0
340,25.3077837908263,0.736228364561632,0.149829236165295,0.666666666666667
341,25.2928568624309,0.835108022776436,0.149829236165295,1
342,25.2779299340354,0.933987680991241,0.149829236165295,1
343,25.2630030056399,1.03286733920605,0.149829236165295,1
344,25.8948157450926,0.675448704045098,0.430072580300787,0
345,25.8531220676587,0.766342253112349,0.430072580300787,0
346,25.8114283902249,0.8572358021796,0.430072580300787,0
347,25.769734712791,0.948129351246852,0.430072580300787,0.333333333333333
348,25.7280410353571,1.0390229003141,0.430072580300787,0.333333333333333
349,25.6863473579233,1.12991644938135,0.430072580300787,1
350,25.6446536804894,1.22080999844861,0.430072580300787,1
351,26.3094651146113,1.18416225574533,0.946586636477126,1
352,26.2283225871875,1.24260787357324,0.946586636477126,0.666666666666667
353,26.1471800597638,1.30105349140115,0.946586636477126,0.666666666666667
354,26.06603753234,1.35949910922907,0.946586636477126,1
355,25.9848950049163,1.41794472705698,0.946586636477126,1
356,25.9037524774925,1.4763903448849,0.946586636477126,1
357,25.8226099500688,1.53483596271281,0.946586636477126,1
358,26.4523486325236,1.81280417365591,1.39290436105106,0
359,26.353926741826,1.83049969375275,1.39290436105106,0
360,26.2555048511283,1.84819521384958,1.39290436105106,0
361,26.1570829604306,1.86589073394642,1.39290436105106,0.333333333333333
362,26.058661069733,1.88358625404325,1.39290436105106,1
363,25.9602391790353,1.90128177414009,1.39290436105106,1
364,25.8618172883377,1.91897729423693,1.39290436105106,1
365,26.3956535913103,2.40367184447384,1.68835635181273,0.666666666666667
366,26.2963438138079,2.39194290196312,1.68835635181273,0.333333333333333
367,26.1970340363055,2.3802139594524,1.68835635181273,0
368,26.0977242588031,2.36848501694169,1.68835635181273,1
369,25.9984144813006,2.35675607443097,1.68835635181273,1
370,25.8991047037982,2.34502713192025,1.68835635181273,1
371,25.7997949262958,2.33329818940953,1.68835635181273,1
372,26.2213197323181,2.94850829080385,1.89123193613309,1
373,26.1264099023287,2.91701028814685,1.89123193613309,1
374,26.0315000723392,2.88551228548986,1.89123193613309,0.666666666666667
375,25.9365902423498,2.85401428283287,1.89123193613309,1
376,25.8416804123604,2.82251628017587,1.89123193613309,1
377,25.746770582371,2.79101827751888,1.89123193613309,1
378,25.6518607523816,2.75952027486188,1.89123193613309,1
379,26.0114308642008,3.44263227598815,1.97440352260841,1
380,25.9194658345526,3.40335845109425,1.97440352260841,1
381,25.8275008049043,3.36408462620036,1.97440352260841,0.666666666666667
382,25.7355357752561,3.32481080130646,1.97440352260841,1
383,25.6435707456078,3.28553697641256,1.97440352260841,1
384,25.5516057159596,3.24626315151867,1.97440352260841,1
385,25.4596406863113,3.20698932662477,1.97440352260841,1
386,25.7593943616851,3.91773626220236,2.06060629854156,1
387,25.6711521341956,3.87069044105208,2.06060629854156,1
388,25.5829099067062,3.82364461990179,2.06060629854156,1
389,25.4946676792168,3.7765987987515,2.06060629854156,1
390,25.4064254517274,3.72955297760122,2.06060629854156,1
391,25.3181832242379,3.68250715645093,2.06060629854156,1
392,25.2299409967485,3.63546133530065,2.06060629854156,1
393,25.4551048870206,4.36991714490313,2.16619311560473,1
394,25.3723122840155,4.31383341386076,2.16619311560473,1
395,25.2895196810103,4.25774968281839,2.16619311560473,1
396,25.2067270780052,4.20166595177602,2.16619311560473,1
397,25.123934475,4.14558222073365,2.16619311560473,0.666666666666667
398,25.0411418719949,4.08949848969127,2.16619311560473,1
399,24.9583492689898,4.0334147586489,2.16619311560473,1
400,25.1380187804204,4.79198681023765,2.21580569514885,1
401,25.0581093669536,4.73186621776394,2.21580569514885,1
402,24.9781999534868,4.67174562529022,2.21580569514885,1
403,24.89829054002,4.61162503281651,2.21580569514885,1
404,24.8183811265531,4.5515044403428,2.21580569514885,0.333333333333333
405,24.7384717130863,4.49138384786909,2.21580569514885,1
406,24.6585622996195,4.43126325539537,2.21580569514885,1
407,24.8501542693495,5.2067325409694,2.17795999277034,1
408,24.7680273131306,5.14967850463354,2.17795999277034,1
409,24.6859003569117,5.09262446829769,2.17795999277034,1
410,24.6037734006927,5.03557043196184,2.17795999277034,1
411,24.5216464444738,4.97851639562599,2.17795999277034,0.333333333333333
412,24.4395194882548,4.92146235929014,2.17795999277034,0.666666666666667
413,24.3573925320359,4.86440832295428,2.17795999277034,0.666666666666667
414,24.5642528874229,5.6328892351947,2.16178885115424,1
415,24.4812140806187,5.57717068743413,2.16178885115424,1
416,24.3981752738146,5.52145213967356,2.16178885115424,1
417,24.3151364670105,5.465733591913,2.16178885115424,1
418,24.2320976602064,5.41001504415243,2.16178885115424,0
419,24.1490588534022,5.35429649639186,2.16178885115424,0
420,24.0660200465981,5.29857794863129,2.16178885115424,0.333333333333333
421,24.2089283036501,6.05415728406959,2.27496651943173,1
422,24.1327134003772,5.98941712250729,2.27496651943173,1
423,24.0564984971044,5.92467696094499,2.27496651943173,1
424,23.9802835938315,5.85993679938269,2.27496651943173,1
425,23.9040686905587,5.7951966378204,2.27496651943173,0
426,23.8278537872859,5.7304564762581,2.27496651943173,0.333333333333333
427,23.751638884013,5.6657163146958,2.27496651943173,0.333333333333333
428,23.790933455148,6.42707314757622,2.41864780422611,1
429,23.7247738787221,6.35208707922255,2.41864780422611,1
430,23.6586143022962,6.27710101086888,2.41864780422611,1
431,23.5924547258703,6.2021149425152,2.41864780422611,1
432,23.5262951494443,6.12712887416153,2.41864780422611,0.666666666666667
433,23.4601355730184,6.05214280580786,2.41864780422611,1
434,23.3939759965925,5.97715673745419,2.41864780422611,1
435,23.3355339429169,6.73158822961244,2.55746781671502,1
436,23.2803869892288,6.64816872650362,2.55746781671502,0.333333333333333
437,23.2252400355407,6.56474922339481,2.55746781671502,0.333333333333333
438,23.1700930818526,6.48132972028599,2.55746781671502,1
439,23.1149461281645,6.39791021717718,2.55746781671502,1
440,23.0597991744764,6.31449071406837,2.55746781671502,1
441,23.0046522207882,6.23107121095955,2.55746781671502,1
442,22.8584619572418,6.98718791710522,2.65222892269886,1
443,22.8114555180615,6.89892470463488,2.65222892269886,0.333333333333333
444,22.7644490788811,6.81066149216454,2.65222892269886,0.333333333333333
445,22.7174426397008,6.7223982796942,2.65222892269886,1
446,22.6704362005204,6.63413506722386,2.65222892269886,0.666666666666667
447,22.6234297613401,6.54587185475352,2.65222892269886,0.666666666666667
448,22.5764233221597,6.45760864228318,2.65222892269886,0.666666666666667
449,22.4014701545873,7.22706721625681,2.65822712432369,1
450,22.354993978383,7.13852363915814,2.65822712432369,1
451,22.3085178021787,7.04998006205946,2.65822712432369,1
452,22.2620416259744,6.96143648496079,2.65822712432369,1
453,22.2155654497702,6.87289290786211,2.65822712432369,0.333333333333333
454,22.1690892735659,6.78434933076343,2.65822712432369,0.333333333333333
455,22.1226130973616,6.69580575366476,2.65822712432369,0.333333333333333
456,21.9582045562762,7.47776186606376,2.62716360477188,1
457,21.9090007688637,7.39070448668518,2.62716360477188,1
458,21.8597969814512,7.3036471073066,2.62716360477188,1
459,21.8105931940387,7.21658972792803,2.62716360477188,1
460,21.7613894066262,7.12953234854945,2.62716360477188,0
461,21.7121856192137,7.04247496917087,2.62716360477188,0
462,21.6629818318012,6.9554175897923,2.62716360477188,0
463,21.5236493156098,7.74239697191682,2.59490372934117,1
464,21.4716631560448,7.65697192164654,2.59490372934117,1
465,21.4196769964797,7.57154687137627,2.59490372934117,1
466,21.3676908369147,7.486121821106,2.59490372934117,1
467,21.3157046773497,7.40069677083573,2.59490372934117,0
468,21.2637185177846,7.31527172056546,2.59490372934117,0
469,21.2117323582196,7.22984667029519,2.59490372934117,0
470,21.0793641242077,8.00682440662853,2.60475667254436,1
471,21.028222162593,7.92089129448769,2.60475667254436,1
472,20.9770802009784,7.83495818234686,2.60475667254436,1
473,20.9259382393638,7.74902507020602,2.60475667254436,1
474,20.8747962777492,7.66309195806518,2.60475667254436,0
475,20.8236543161346,7.57715884592435,2.60475667254436,0
476,20.77251235452,7.49122573378351,2.60475667254436,0
477,20.6335054231889,8.26776611457242,2.61210015407958,1
478,20.5829958830778,8.18145976279131,2.61210015407958,1
479,20.5324863429667,8.09515341101019,2.61210015407958,1
480,20.4819768028556,8.00884705922908,2.61210015407958,1
481,20.4314672627445,7.92254070744797,2.61210015407958,0
482,20.3809577226334,7.83623435566686,2.61210015407958,0
483,20.3304481825223,7.74992800388575,2.61210015407958,0.333333333333333
484,20.1790843120284,8.52099216726936,2.63333041487679,1
485,20.1304183231358,8.43363301477168,2.63333041487679,1
486,20.0817523342433,8.34627386227401,2.63333041487679,1
487,20.0330863453508,8.25891470977633,2.63333041487679,1
488,19.9844203564582,8.17155555727865,2.63333041487679,0.333333333333333
489,19.9357543675657,8.08419640478097,2.63333041487679,0.333333333333333
490,19.8870883786732,7.9968372522833,2.63333041487679,0.333333333333333
491,19.7170526531774,8.7577623185301,2.66838627555834,1
492,19.6714783874349,8.66875116022942,2.66838627555834,1
493,19.6259041216924,8.57974000192874,2.66838627555834,1
494,19.5803298559499,8.49072884362805,2.66838627555834,1
495,19.5347555902073,8.40171768532737,2.66838627555834,0.333333333333333
496,19.4891813244648,8.31270652702668,2.66838627555834,0.666666666666667
497,19.4436070587223,8.223695368726,2.66838627555834,0.666666666666667
498,19.2572045825159,8.98376716544255,2.68486599650945,1
499,19.2131033178454,8.89401707655981,2.68486599650945,1
500,19.1690020531749,8.80426698767707,2.68486599650945,1
501,19.1249007885043,8.71451689879433,2.68486599650945,1
502,19.0807995238338,8.6247668099116,2.68486599650945,0.333333333333333
503,19.0366982591633,8.53501672102886,2.68486599650945,0.666666666666667
504,18.9925969944927,8.44526663214612,2.68486599650945,0.666666666666667
505,18.800491541565,9.21005091650018,2.68158555890785,1
506,18.7560960951489,9.12044598171694,2.68158555890785,1
507,18.7117006487327,9.03084104693371,2.68158555890785,1
508,18.6673052023165,8.94123611215047,2.68158555890785,1
509,18.6229097559003,8.85163117736724,2.68158555890785,0.666666666666667
510,18.5785143094841,8.762026242584,2.68158555890785,0.666666666666667
511,18.534118863068,8.67242130780077,2.68158555890785,0.666666666666667
512,18.3322883670133,9.43254637895248,2.69805033019331,1
513,18.2893741961138,9.34222266149129,2.69805033019331,1
514,18.2464600252143,9.2518989440301,2.69805033019331,1
515,18.2035458543148,9.16157522656891,2.69805033019331,1
516,18.1606316834153,9.07125150910772,2.69805033019331,0.333333333333333
517,18.1177175125159,8.98092779164652,2.69805033019331,0.333333333333333
518,18.0748033416164,8.89060407418533,2.69805033019331,1
519,17.8494856701663,9.63150657697826,2.75152511728411,1
520,17.8114605822466,9.53901823885556,2.75152511728411,1
521,17.7734354943269,9.44652990073286,2.75152511728411,1
522,17.7354104064072,9.35404156261016,2.75152511728411,1
523,17.6973853184875,9.26155322448746,2.75152511728411,0
524,17.6593602305678,9.16906488636477,2.75152511728411,0.666666666666667
525,17.621335142648,9.07657654824207,2.75152511728411,0.666666666666667
526,17.334640028175,9.80014597179574,2.82661346689833,1
527,17.3036603599807,9.70506568909435,2.82661346689833,1
528,17.2726806917865,9.60998540639296,2.82661346689833,1
529,17.2417010235923,9.51490512369156,2.82661346689833,1
530,17.2107213553981,9.41982484099017,2.82661346689833,0
531,17.1797416872039,9.32474455828878,2.82661346689833,0
532,17.1487620190097,9.22966427558739,2.82661346689833,0.333333333333333
533,16.8217049591168,9.94089320642672,2.8744329912169,1
534,16.7953056661469,9.84444074492009,2.8744329912169,1
535,16.768906373177,9.74798828341345,2.8744329912169,1
536,16.7425070802071,9.65153582190682,2.8744329912169,1
537,16.7161077872372,9.55508336040018,2.8744329912169,0.666666666666667
538,16.6897084942673,9.45863089889355,2.8744329912169,1
539,16.6633092012974,9.36217843738691,2.8744329912169,1
540,16.2840092731147,10.0378305050268,2.96550109526238,1
541,16.2664909811038,9.93937691471632,2.96550109526238,1
542,16.2489726890929,9.84092332440586,2.96550109526238,0.666666666666667
543,16.231454397082,9.7424697340954,2.96550109526238,1
544,16.2139361050711,9.64401614378493,2.96550109526238,1
545,16.1964178130601,9.54556255347447,2.96550109526238,1
546,16.1788995210492,9.447108963164,2.96550109526238,1
547,15.759961604213,10.1136536128289,2.99820534806742,1
548,15.7456719570335,10.014679848712,2.99820534806742,0.666666666666667
549,15.7313823098539,9.91570608459497,2.99820534806742,0.333333333333333
550,15.7170926626743,9.81673232047799,2.99820534806742,1
551,15.7028030154948,9.71775855636101,2.99820534806742,1
552,15.6885133683152,9.61878479224403,2.99820534806742,1
553,15.6742237211357,9.51981102812704,2.99820534806742,1
554,15.2653927480074,10.2037057203264,2.96187749235404,1
555,15.2475178150728,10.1053162555826,2.96187749235404,1
556,15.2296428821383,10.0069267908387,2.96187749235404,0.333333333333333
557,15.2117679492038,9.90853732609483,2.96187749235404,1
558,15.1938930162692,9.81014786135095,2.96187749235404,0.666666666666667
559,15.1760180833347,9.71175839660708,2.96187749235404,0.333333333333333
560,15.1581431504002,9.61336893186321,2.96187749235404,0.333333333333333
561,14.838067000028,10.3683213528249,2.78420313550536,1
562,14.8030840106269,10.2746400288987,2.78420313550536,1
563,14.7681010212258,10.1809587049725,2.78420313550536,0.666666666666667
564,14.7331180318247,10.0872773810463,2.78420313550536,1
565,14.6981350424237,9.99359605712014,2.78420313550536,0.666666666666667
566,14.6631520530226,9.89991473319395,2.78420313550536,0.333333333333333
567,14.6281690636215,9.80623340926776,2.78420313550536,0.333333333333333
568,14.4400663219577,10.6054870364824,2.61359929520093,1
569,14.3896862239573,10.5191050607846,2.61359929520093,1
570,14.3393061259569,10.4327230850867,2.61359929520093,1
571,14.2889260279565,10.3463411093888,2.61359929520093,1
572,14.2385459299561,10.2599591336909,2.61359929520093,1
573,14.1881658319556,10.173577157993,2.61359929520093,0.666666666666667
574,14.1377857339552,10.0871951822952,2.61359929520093,0.666666666666667
575,14.0811212133169,10.9098119575615,2.44716784801474,1
576,14.0171268579756,10.8329697654763,2.44716784801474,1
577,13.9531325026343,10.7561275733911,2.44716784801474,0.666666666666667
578,13.889138147293,10.679285381306,2.44716784801474,1
579,13.8251437919518,10.6024431892208,2.44716784801474,1
580,13.7611494366105,10.5256009971357,2.44716784801474,1
581,13.6971550812692,10.4487588050505,2.44716784801474,1
582,13.7423212301566,11.2579037223862,2.34583612327134,1
583,13.670881911431,11.187929271763,2.34583612327134,1
584,13.5994425927054,11.1179548211397,2.34583612327134,1
585,13.5280032739799,11.0479803705165,2.34583612327134,1
586,13.4565639552543,10.9780059198933,2.34583612327134,1
587,13.3851246365287,10.90803146927,2.34583612327134,1
588,13.3136853178031,10.8380570186468,2.34583612327134,1
589,13.3388562217962,11.6108640553062,2.42459803377721,1
590,13.2731439982514,11.5354856520544,2.42459803377721,0.666666666666667
591,13.2074317747065,11.4601072488026,2.42459803377721,0
592,13.1417195511617,11.3847288455508,2.42459803377721,1
593,13.0760073276168,11.309350442299,2.42459803377721,1
594,13.010295104072,11.2339720390472,2.42459803377721,1
595,12.9445828805271,11.1585936357954,2.42459803377721,1
596,12.8372497545416,11.8939253937964,2.63985018288799,0.333333333333333
597,12.78915435735,11.8062508092865,2.63985018288799,0.333333333333333
598,12.7410589601584,11.7185762247766,2.63985018288799,0
599,12.6929635629667,11.6309016402667,2.63985018288799,1
600,12.6448681657751,11.5432270557568,2.63985018288799,1
601,12.5967727685835,11.4555524712469,2.63985018288799,1
602,12.5486773713919,11.3678778867371,2.63985018288799,1
603,12.297962639359,12.081333393351,2.81519456540877,0.666666666666667
604,12.2658993020953,11.9866130554952,2.81519456540877,0.666666666666667
605,12.2338359648316,11.8918927176394,2.81519456540877,0.333333333333333
606,12.2017726275679,11.7971723797837,2.81519456540877,1
607,12.1697092903042,11.7024520419279,2.81519456540877,1
608,12.1376459530404,11.6077317040721,2.81519456540877,1
609,12.1055826157767,11.5130113662163,2.81519456540877,1
610,11.7731245894839,12.2170330163418,2.8901314688472,1
611,11.7482426440152,12.1201780278812,2.8901314688472,0.666666666666667
612,11.7233606985465,12.0233230394207,2.8901314688472,0.666666666666667
613,11.6984787530778,11.9264680509601,2.8901314688472,1
614,11.6735968076091,11.8296130624996,2.8901314688472,0.666666666666667
615,11.6487148621403,11.7327580740391,2.8901314688472,1
616,11.6238329166716,11.6359030855785,2.8901314688472,1
617,11.2620222980702,12.3361655362843,2.91273814944194,0.666666666666667
618,11.2393360937311,12.2387728459391,2.91273814944194,0.666666666666667
619,11.216649889392,12.1413801555938,2.91273814944194,0.666666666666667
620,11.1939636850529,12.0439874652486,2.91273814944194,1
621,11.1712774807139,11.9465947749033,2.91273814944194,0.666666666666667
622,11.1485912763748,11.8492020845581,2.91273814944194,0.666666666666667
623,11.1259050720357,11.7518093942128,2.91273814944194,1
624,10.7530178350522,12.4415592954282,2.93759759413833,1
625,10.7327595191326,12.3436327891283,2.93759759413833,0.666666666666667
626,10.712501203213,12.2457062828284,2.93759759413833,0.666666666666667
627,10.6922428872934,12.1477797765285,2.93759759413833,1
628,10.6719845713738,12.0498532702286,2.93759759413833,0.666666666666667
629,10.6517262554543,11.9519267639287,2.93759759413833,0.666666666666667
630,10.6314679395347,11.8540002576288,2.93759759413833,1
631,10.2377860551117,12.5367300450665,2.95906899142184,1
632,10.2196348661327,12.4383911700544,2.95906899142184,1
633,10.2014836771538,12.3400522950422,2.95906899142184,0.666666666666667
634,10.1833324881749,12.2417134200301,2.95906899142184,1
635,10.165181299196,12.143374545018,2.95906899142184,0.666666666666667
636,10.1470301102171,12.0450356700058,2.95906899142184,0.666666666666667
637,10.1288789212382,11.9466967949937,2.95906899142184,1
638,9.71409804928738,12.6119123306463,2.99946644089478,1
639,9.69993322854157,12.5129206246643,2.99946644089478,1
640,9.68576840779576,12.4139289186822,2.99946644089478,1
641,9.67160358704996,12.3149372127001,2.99946644089478,1
642,9.65743876630415,12.2159455067181,2.99946644089478,0.333333333333333
643,9.64327394555834,12.116953800736,2.99946644089478,0.333333333333333
644,9.62910912481254,12.0179620947539,2.99946644089478,0.666666666666667
645,9.19449280741291,12.6737762430597,3.02325321791621,0.666666666666667
646,9.18268646537378,12.5744756373835,3.02325321791621,0.666666666666667
647,9.17088012333464,12.4751750317073,3.02325321791621,0.333333333333333
648,9.15907378129551,12.3758744260311,3.02325321791621,1
649,9.14726743925638,12.276573820355,3.02325321791621,1
650,9.13546109721725,12.1772732146788,3.02325321791621,1
651,9.12365475517811,12.0779726090026,3.02325321791621,1
652,8.62509780055104,12.6445183341763,-3.0819405217122,1
653,8.63105947662211,12.5446962002659,-3.0819405217122,1
654,8.63702115269317,12.4448740663555,-3.0819405217122,0.333333333333333
655,8.64298282876424,12.3450519324451,-3.0819405217122,1
656,8.6489445048353,12.2452297985347,-3.0819405217122,1
657,8.65490618090637,12.1454076646243,-3.0819405217122,1
658,8.66086785697743,12.0455855307139,-3.0819405217122,1
659,8.10040080745558,12.6024273692943,-3.06142456395734,1
660,8.10840903194276,12.5027485433554,-3.06142456395734,0.666666666666667
661,8.11641725642995,12.4030697174165,-3.06142456395734,0.666666666666667
662,8.12442548091714,12.3033908914775,-3.06142456395734,1
663,8.13243370540432,12.2037120655386,-3.06142456395734,0.666666666666667
664,8.14044192989151,12.1040332395997,-3.06142456395734,1
665,8.1484501543787,12.0043544136607,-3.06142456395734,1
666,7.59345023271937,12.5835334678821,-3.10380908749843,1
667,7.59722769039704,12.483604839284,-3.10380908749843,0.666666666666667
668,7.6010051480747,12.383676210686,-3.10380908749843,0.666666666666667
669,7.60478260575237,12.2837475820879,-3.10380908749843,1
670,7.60856006343003,12.1838189534898,-3.10380908749843,1
671,7.6123375211077,12.0838903248917,-3.10380908749843,1
672,7.61611497878536,11.9839616962936,-3.10380908749843,1
673,7.07204907401032,12.560431342339,-3.09730166804299,1
674,7.0764767246196,12.4605294108758,-3.09730166804299,1
675,7.08090437522889,12.3606274794126,-3.09730166804299,0.666666666666667
676,7.08533202583817,12.2607255479494,-3.09730166804299,1
677,7.08975967644745,12.1608236164861,-3.09730166804299,0.666666666666667
678,7.09418732705674,12.0609216850229,-3.09730166804299,1
679,7.09861497766602,11.9610197535597,-3.09730166804299,1
680,6.55580867300977,12.543426205036,-3.10862696662145,1
681,6.55910464465545,12.4434805369412,-3.10862696662145,1
682,6.56240061630113,12.3435348688464,-3.10862696662145,1
683,6.56569658794681,12.2435892007516,-3.10862696662145,1
684,6.56899255959249,12.1436435326569,-3.10862696662145,1
685,6.57228853123817,12.0436978645621,-3.10862696662145,1
686,6.57558450288385,11.9437521964673,-3.10862696662145,1
687,6.02538157869921,12.5039354584462,-3.06678525739056,1
688,6.03285534305198,12.40421513531,-3.06678525739056,1
689,6.04032910740474,12.3044948121737,-3.06678525739056,0.666666666666667
690,6.04780287175751,12.2047744890375,-3.06678525739056,1
691,6.05527663611028,12.1050541659012,-3.06678525739056,1
692,6.06275040046304,12.005333842765,-3.06678525739056,1
693,6.07022416481581,11.9056135196287,-3.06678525739056,1
694,5.49600290432335,12.4213448687831,-2.98495232973716,1
695,5.51160295929862,12.3225691719505,-2.98495232973716,1
696,5.52720301427388,12.2237934751179,-2.98495232973716,1
697,5.54280306924915,12.1250177782852,-2.98495232973716,1
698,5.55840312422442,12.0262420814526,-2.98495232973716,1
699,5.57400317919968,11.92746638462,-2.98495232973716,1
700,5.58960323417495,11.8286906877874,-2.98495232973716,1
701,4.97900167168751,12.3269270966961,-2.96079086505211,1
702,4.99698350672663,12.2285571134257,-2.96079086505211,1
703,5.01496534176574,12.1301871301553,-2.96079086505211,1
704,5.03294717680486,12.0318171468848,-2.96079086505211,1
705,5.05092901184397,11.9334471636144,-2.96079086505211,0.666666666666667
706,5.06891084688308,11.8350771803439,-2.96079086505211,1
707,5.0868926819222,11.7367071970735,-2.96079086505211,1
708,4.47317497775549,12.2338266308767,-2.95957331644014,0.666666666666667
709,4.49127656967325,12.1354786142722,-2.95957331644014,1
710,4.509378161591,12.0371305976676,-2.95957331644014,1
711,4.52747975350876,11.9387825810631,-2.95957331644014,1
712,4.54558134542652,11.8404345644586,-2.95957331644014,1
713,4.56368293734428,11.7420865478541,-2.95957331644014,1
714,4.58178452926203,11.6437385312496,-2.95957331644014,1
715,3.9405149437196,12.0450587765214,-2.79373120063413,0.666666666666667
716,3.97460375693428,11.9510483897888,-2.79373120063413,0.666666666666667
717,4.00869257014896,11.8570380030562,-2.79373120063413,0.666666666666667
718,4.04278138336365,11.7630276163236,-2.79373120063413,1
719,4.07687019657833,11.669017229591,-2.79373120063413,1
720,4.11095900979301,11.5750068428584,-2.79373120063413,1
721,4.14504782300769,11.4809964561258,-2.79373120063413,1
722,3.44615463236903,11.7430218357186,-2.58153432445984,1
723,3.4992781940361,11.6582994231243,-2.58153432445984,1
724,3.55240175570317,11.57357701053,-2.58153432445984,1
725,3.60552531737024,11.4888545979356,-2.58153432445984,1
726,3.65864887903731,11.4041321853413,-2.58153432445984,1
727,3.71177244070438,11.319409772747,-2.58153432445984,1
728,3.76489600237145,11.2346873601526,-2.58153432445984,1
729,3.0156772262942,11.3941121444593,-2.45622609397035,0.666666666666667
730,3.07897291026984,11.3166934361902,-2.45622609397035,1
731,3.14226859424548,11.2392747279211,-2.45622609397035,0.666666666666667
732,3.20556427822111,11.161856019652,-2.45622609397035,1
733,3.26885996219675,11.0844373113829,-2.45622609397035,0
734,3.33215564617239,11.0070186031138,-2.45622609397035,0
735,3.39545133014802,10.9295998948447,-2.45622609397035,0
736,2.61265835908254,11.1400192400637,-2.5746559895381,1
737,2.6663634086112,11.0556642304014,-2.5746559895381,1
738,2.72006845813985,10.9713092207391,-2.5746559895381,1
739,2.7737735076685,10.8869542110768,-2.5746559895381,0.333333333333333
740,2.82747855719716,10.8025992014145,-2.5746559895381,0
741,2.88118360672581,10.7182441917522,-2.5746559895381,0.333333333333333
742,2.93488865625446,10.6338891820899,-2.5746559895381,0.333333333333333
743,2.17874036510179,10.8935394338321,-2.62427016183581,0.333333333333333
744,2.228195841755,10.8066247870285,-2.62427016183581,0.333333333333333
745,2.27765131840821,10.7197101402248,-2.62427016183581,0.333333333333333
746,2.32710679506142,10.6327954934212,-2.62427016183581,0.666666666666667
747,2.37656227171463,10.5458808466175,-2.62427016183581,1
748,2.42601774836784,10.4589661998139,-2.62427016183581,1
749,2.47547322502105,10.3720515530102,-2.62427016183581,1
750,1.76711068514848,10.451127464579,-2.29320482968637,0.333333333333333
751,1.84213222717034,10.3850081161804,-2.29320482968637,0.333333333333333
752,1.9171537691922,10.3188887677817,-2.29320482968637,0
753,1.99217531121406,10.2527694193831,-2.29320482968637,0.666666666666667
754,2.06719685323592,10.1866500709844,-2.29320482968637,1
755,2.14221839525778,10.1205307225858,-2.29320482968637,1
756,2.21723993727964,10.0544113741871,-2.29320482968637,1
757,1.54559437869597,9.85705174247228,-1.88969327867296,1
758,1.64055256095512,9.82569981076084,-1.88969327867296,0.666666666666667
759,1.73551074321427,9.79434787904941,-1.88969327867296,0.666666666666667
760,1.83046892547342,9.76299594733798,-1.88969327867296,1
761,1.92542710773257,9.73164401562655,-1.88969327867296,1
762,2.02038528999171,9.70029208391512,-1.88969327867296,1
763,2.11534347225086,9.66894015220369,-1.88969327867296,1
764,1.46222144515838,9.2902826152926,-1.70825469917344,1
765,1.56127819157171,9.27658002466143,-1.70825469917344,0.333333333333333
766,1.66033493798504,9.26287743403026,-1.70825469917344,0.333333333333333
767,1.75939168439837,9.24917484339909,-1.70825469917344,1
768,1.8584484308117,9.23547225276792,-1.70825469917344,1
769,1.95750517722502,9.22176966213675,-1.70825469917344,1
770,2.05656192363835,9.20806707150558,-1.70825469917344,1
771,1.41501675166074,8.75795512298545,-1.65854766497826,1
772,1.51463198379044,8.74919124668855,-1.65854766497826,1
773,1.61424721592013,8.74042737039164,-1.65854766497826,1
774,1.71386244804982,8.73166349409474,-1.65854766497826,1
775,1.81347768017952,8.72289961779783,-1.65854766497826,1
776,1.91309291230921,8.71413574150093,-1.65854766497826,1
777,2.0127081444389,8.70537186520402,-1.65854766497826,1
778,1.36372989126229,8.24406579876265,-1.67022868535888,1
779,1.46323595871784,8.23413893926266,-1.67022868535888,1
780,1.56274202617338,8.22421207976266,-1.67022868535888,1
781,1.66224809362893,8.21428522026267,-1.67022868535888,1
782,1.76175416108447,8.20435836076268,-1.67022868535888,1
783,1.86126022854002,8.19443150126268,-1.67022868535888,1
784,1.96076629599556,8.18450464176269,-1.67022868535888,1
785,1.3025014050561,7.73399232551434,-1.69014742641593,1
786,1.40179001586843,7.7220855306913,-1.69014742641593,1
787,1.50107862668076,7.71017873586826,-1.69014742641593,1
788,1.60036723749309,7.69827194104522,-1.69014742641593,1
789,1.69965584830542,7.68636514622219,-1.69014742641593,1
790,1.79894445911775,7.67445835139915,-1.69014742641593,1
791,1.89823306993008,7.66255155657611,-1.69014742641593,1
792,1.23655593330988,7.22268446537663,-1.69903934511188,1
793,1.33573474610427,7.20989528664244,-1.69903934511188,1
794,1.43491355889866,7.19710610790825,-1.69903934511188,0.666666666666667
795,1.53409237169305,7.18431692917405,-1.69903934511188,1
796,1.63327118448744,7.17152775043986,-1.69903934511188,1
797,1.73244999728183,7.15873857170566,-1.69903934511188,1
798,1.83162881007622,7.14594939297147,-1.69903934511188,1
799,1.19891600084005,6.68758693302484,-1.64005008005021,1
800,1.29867629255109,6.68066709215034,-1.64005008005021,0.666666666666667
801,1.39843658426213,6.67374725127584,-1.64005008005021,0
802,1.49819687597317,6.66682741040134,-1.64005008005021,1
803,1.5979571676842,6.65990756952684,-1.64005008005021,1
804,1.69771745939524,6.65298772865234,-1.64005008005021,1
805,1.79747775110628,6.64606788777784,-1.64005008005021,1
806,1.19342488428588,6.14965487452286,-1.57999858394576,1
807,1.29342065023893,6.1487346617954,-1.57999858394576,1
808,1.39341641619197,6.14781444906795,-1.57999858394576,0
809,1.49341218214502,6.14689423634049,-1.57999858394576,1
810,1.59340794809806,6.14597402361304,-1.57999858394576,1
811,1.69340371405111,6.14505381088559,-1.57999858394576,1
812,1.79339948000416,6.14413359815813,-1.57999858394576,1
813,1.17705468008542,5.63665652013271,-1.6025477412251,1
814,1.27700427670424,5.63348191216716,-1.6025477412251,1
815,1.37695387332307,5.63030730420162,-1.6025477412251,0.333333333333333
816,1.47690346994189,5.62713269623607,-1.6025477412251,1
817,1.57685306656071,5.62395808827053,-1.6025477412251,1
818,1.67680266317953,5.62078348030498,-1.6025477412251,1
819,1.77675225979835,5.61760887233944,-1.6025477412251,1
820,1.15415445783323,5.12091148953108,-1.61512344656387,1
821,1.25405622924152,5.1164802290461,-1.61512344656387,1
822,1.35395800064981,5.11204896856112,-1.61512344656387,1
823,1.4538597720581,5.10761770807614,-1.61512344656387,1
824,1.55376154346639,5.10318644759116,-1.61512344656387,1
825,1.65366331487468,5.09875518710618,-1.61512344656387,1
826,1.75356508628297,5.09432392662121,-1.61512344656387,1
827,1.12769868303268,4.60370895127943,-1.62189019404603,1
828,1.22756818226312,4.59860178734408,-1.62189019404603,1
829,1.32743768149355,4.59349462340872,-1.62189019404603,1
830,1.42730718072398,4.58838745947337,-1.62189019404603,1
831,1.52717667995441,4.58328029553801,-1.62189019404603,1
832,1.62704617918485,4.57817313160266,-1.62189019404603,1
833,1.72691567841528,4.5730659676673,-1.62189019404603,1
834,1.10116636212918,4.08437972887938,-1.62184154256847,1
835,1.20103610971249,4.07927742374877,-1.62184154256847,1
836,1.3009058572958,4.07417511861816,-1.62184154256847,1
837,1.40077560487911,4.06907281348754,-1.62184154256847,1
838,1.50064535246242,4.06397050835693,-1.62184154256847,1
839,1.60051510004573,4.05886820322632,-1.62184154256847,1
840,1.70038484762904,4.05376589809571,-1.62184154256847,1
841,1.07505545193819,3.56757844520262,-1.62127739113954,1
842,1.17492806210147,3.56253248254178,-1.62127739113954,0.333333333333333
843,1.27480067226474,3.55748651988093,-1.62127739113954,0
844,1.37467328242801,3.55244055722009,-1.62127739113954,1
845,1.47454589259129,3.54739459455924,-1.62127739113954,1
846,1.57441850275456,3.54234863189839,-1.62127739113954,1
847,1.67429111291784,3.53730266923755,-1.62127739113954,1
848,1.0738815787532,3.03356450535548,-1.57232145819034,0.333333333333333
849,1.17388146245193,3.03341199227506,-1.57232145819034,0.333333333333333
850,1.27388134615066,3.03325947919464,-1.57232145819034,0
851,1.3738812298494,3.03310696611422,-1.57232145819034,1
852,1.47388111354813,3.0329544530338,-1.57232145819034,1
853,1.57388099724687,3.03280193995338,-1.57232145819034,1
854,1.6738808809456,3.03264942687297,-1.57232145819034,1
855,1.10291745630567,2.49807676450002,-1.51573060865207,0.666666666666667
856,1.20276588294623,2.50358055386777,-1.51573060865207,0.333333333333333
857,1.30261430958679,2.50908434323552,-1.51573060865207,0.333333333333333
858,1.40246273622735,2.51458813260327,-1.51573060865207,1
859,1.50231116286791,2.52009192197102,-1.51573060865207,0.666666666666667
860,1.60215958950847,2.52559571133877,-1.51573060865207,1
861,1.70200801614903,2.53109950070653,-1.51573060865207,1
862,1.14382008243088,1.97296506946352,-1.4929118153623,1
863,1.24351693586183,1.98074564887429,-1.4929118153623,1
864,1.34321378929279,1.98852622828505,-1.4929118153623,1
865,1.44291064272374,1.99630680769582,-1.4929118153623,1
866,1.54260749615469,2.00408738710658,-1.4929118153623,0.666666666666667
867,1.64230434958564,2.01186796651735,-1.4929118153623,0.666666666666667
868,1.74200120301659,2.01964854592811,-1.4929118153623,0.666666666666667
869,1.20072843316043,1.45060944137091,-1.46200605588364,0.666666666666667
870,1.30013725042328,1.46146702169077,-1.46200605588364,0.333333333333333
871,1.39954606768612,1.47232460201063,-1.46200605588364,0
872,1.49895488494897,1.48318218233049,-1.46200605588364,1
873,1.59836370221181,1.49403976265035,-1.46200605588364,1
874,1.69777251947466,1.50489734297021,-1.46200605588364,1
875,1.7971813367375,1.51575492329007,-1.46200605588364,1
876,1.45437105089115,0.897197057830441,-1.11098718537428,1
877,1.54398477214212,0.941574765787838,-1.11098718537428,1
878,1.6335984933931,0.985952473745236,-1.11098718537428,1
879,1.72321221464408,1.03033018170263,-1.11098718537428,1
880,1.81282593589506,1.07470788966003,-1.11098718537428,1
881,1.90243965714603,1.11908559761743,-1.11098718537428,1
882,1.99205337839701,1.16346330557483,-1.11098718537428,1
883,2.00300273392294,0.511059056814409,-0.543021180830377,1
884,2.05467522735717,0.596674203968926,-0.543021180830377,1
885,2.1063477207914,0.682289351123442,-0.543021180830377,1
886,2.15802021422563,0.767904498277959,-0.543021180830377,1
887,2.20969270765986,0.853519645432476,-0.543021180830377,1
888,2.26136520109409,0.939134792586992,-0.543021180830377,1
889,2.31303769452832,1.02474993974151,-0.543021180830377,1
890,2.6245123538988,0.395272018844586,-0.147554083577422,1
891,2.63921427754482,0.494185382153629,-0.147554083577422,1
892,2.65391620119084,0.593098745462671,-0.147554083577422,1
893,2.66861812483686,0.692012108771714,-0.147554083577422,1
894,2.68332004848288,0.790925472080757,-0.147554083577422,1
895,2.69802197212889,0.889838835389799,-0.147554083577422,1
896,2.71272389577491,0.988752198698842,-0.147554083577422,1
897,3.18766878423834,0.391589993952685,-0.000813052753424,1
898,3.18775008950472,0.491589960899948,-0.000813052753424,1
899,3.1878313947711,0.59158992784721,-0.000813052753424,1
900,3.18791270003749,0.691589894794473,-0.000813052753424,1
901,3.18799400530387,0.791589861741736,-0.000813052753424,0.666666666666667
902,3.18807531057026,0.891589828688999,-0.000813052753424,1
903,3.18815661583664,0.991589795636262,-0.000813052753424,1
