y,x
0.142465403303504,1
0.687806262075901,2
0.091889269463718,3
0.087877518994113,4
0.118186701710025,5
0.09274770685782,6
0.059895548286537,7
0.040347307299574,8
0.032238661622008,9
0.029787586753567,10
0.029246387258172,11
0.028764363192022,12
0.027843713698288,13
0.02667480049034,14
0.025538561927776,15
0.024601789874335,16
0.023855755912761,17
0.023180674637357,18
0.02247420422112,19
0.021709736902267,20
0.020943307131529,21
0.020256451331079,22
0.019704610512902,23
0.019295506055156,24
0.018999153313538,25
0.018762555935731,26
0.018538320033501,27
0.018300111250331,28
0.018040939265241,29
0.017761743223916,30
0.017469777725637,31
0.017171247644971,32
0.016874203830958,33
0.016587823318939,34
0.016319839128604,35
0.01607724102214,36
0.015863986779004,37
0.015679313925405,38
0.015518352016807,39
0.015371957235038,40
0.015229758899659,41
0.015082851393769,42
0.014925264846534,43
0.014756968462219,44
0.014582325424999,45
0.014408576395363,46
0.014243498506645,47
0.014092014916241,48
0.013954595662654,49
0.013828140373031,50
0.013707564243426,51
0.013587592542172,52
0.013464258983731,53
0.013336813108375,54
0.013207149257263,55
0.013078944943845,56
0.012955246058603,57
0.012837694430103,58
0.012725802542021,59
0.0126176891538,60
0.012511325410257,61
0.012404716511568,62
0.012297701711456,63
0.012190681385497,64
0.012084779453774,65
0.011981215126192,66
0.011880087231596,67
0.011781277895595,68
0.01168470371825,69
0.011590098744879,70
0.011496928334236,71
0.011404936093216,72
0.011313885605584,73
0.011223926100259,74
0.011135286403199,75
0.011047959467396,76
0.010961966620137,77
0.010877331563582,78
0.010793660363803,79
0.010710873221979,80
0.010629133305823,81
0.010548703651875,82
0.010469920421019,83
0.010392567096278,84
0.010316308028996,85
0.010240951847906,86
0.01016630413942,87
0.010092308915531,88
0.010019180442517,89
0.00994715387933,90
0.009876219012464,91
0.009806272154674,92
0.009737306879833,93
0.009669190536564,94
0.009601875363539,95
0.009535323192055,96
0.009469569008797,97
0.009404670431589,98
0.009340697076793,99
0.00927754129904,100
0.009215175096566,101
0.009153442069267,102
0.009092329504589,103
0.009031947903956,104
0.008972307853401,105
0.008913423167542,106
0.008855213457718,107
0.008797652662421,108
0.008740798197687,109
0.008684563326339,110
0.008628963492811,111
0.008573968273898,112
0.008519608061761,113
0.008465869631618,114
0.008412768039852,115
0.008360275952145,116
0.008308327880998,117
0.008256921063488,118
0.008206035972883,119
0.008155688193316,120
0.008105869296317,121
0.00805651335977,122
0.008007654113074,123
0.00795925622806,124
0.007911373007422,125
0.007863981695846,126
0.007817072607577,127
0.007770673061411,128
0.007724738897135,129
0.007679288508371,130
0.007634307211265,131
0.007589758203054,132
0.007545638177544,133
0.007501925528049,134
0.007458626354734,135
0.007415798663472,136
0.007373441678161,137
0.007331543865924,138
0.007290104171261,139
0.007249079256629,140
0.007208454764138,141
0.007168224841977,142
0.007128355450307,143
0.007088844664395,144
0.007049734859417,145
0.007011022946487,146
0.006972699193284,147
0.006934729823843,148
0.006897070119157,149
0.006859756377526,150
0.006822768195222,151
0.006786097694809,152
0.006749744596891,153
0.006713708001189,154
0.006678026060884,155
0.00664272440287,156
0.006607764548001,157
0.006573143958425,158
0.006538869068027,159
0.006504933241134,160
0.006471324712038,161
0.006438035921504,162
0.00640506624865,163
0.006372430253153,164
0.006340098249105,165
0.006308067690892,166
0.006276353037295,167
0.0062449056888,168
0.006213720422238,169
0.006182819511741,170
0.006152240543937,171
0.006121919335177,172
0.006091835008313,173
0.006061984055365,174
0.006032404334595,175
0.006003097087766,176
0.00597406453453,177
0.005945311463438,178
0.005916854281289,179
0.005888658529148,180
0.00586070123439,181
0.005832990437436,182
0.005805522599258,183
0.00577830094068,184
0.005751317599788,185
0.005724555486813,186
0.005698035199506,187
0.005671740525092,188
0.005645673310695,189
0.005619846222301,190
0.005594229574005,191
0.005568829807453,192
0.005543632782064,193
0.005518642634464,194
0.0054938493995,195
0.005469235925314,196
0.005444818572141,197
0.005420585706209,198
0.005396521813236,199
0.005372642562725,200
0.005348952137865,201
0.005325456064505,202
0.005302174653237,203
0.005279086188724,204
0.005256203212775,205
0.005233510443941,206
0.005211020059263,207
0.005188747588545,208
0.005166682934699,209
0.005144826113246,210
0.0051231722037,211
0.005101708338285,212
0.005080411381399,213
0.005059285221311,214
0.005038336191016,215
0.005017579129587,216
0.00499700238773,217
0.004976601223461,218
0.004956364538521,219
0.004936279915273,220
0.00491637121886,221
0.004896618130927,222
0.004877015195477,223
0.004857575218193,224
0.004838292199808,225
0.004819152100633,226
0.004800152274159,227
0.004781295785991,228
0.004762585383529,229
0.004744011869965,230
0.00472557353011,231
0.00470727068993,232
0.004689110831047,233
0.004671085385295,234
0.004653188345643,235
0.00463541734498,236
0.004617776706194,237
0.004600250767544,238
0.004582854445713,239
0.004565585016583,240
0.004548438242637,241
0.004531394511772,242
0.00451445869791,243
0.004497645640125,244
0.004480955555725,245
0.004464375289778,246
0.004447908063109,247
0.004431564298769,248
0.004415337291236,249
0.004399232418897,250
0.00438323051203,251
0.004367336017701,252
0.004351552909551,253
0.004335877431246,254
0.004320314790433,255
0.00430486916254,256
0.004289540927857,257
0.004274316000131,258
0.004259206075221,259
0.004244196709866,260
0.004229299848278,261
0.0042145152033,262
0.004199836837749,263
0.004185254406184,264
0.004170780163258,265
0.004156414349563,266
0.004142144462094,267
0.004127972278123,268
0.004113896711109,269
0.004099916984948,270
0.004086048559596,271
0.004072287469171,272
0.004058620915748,273
0.004045047587715,274
0.004031572149446,275
0.004018189540754,276
0.004004895151593,277
0.003991691023111,278
0.003978575517734,279
0.003965549753048,280
0.003952618075224,281
0.003939782463325,282
0.003927027635897,283
0.003914351404334,284
0.003901763881246,285
0.003889256878756,286
0.00387683348575,287
0.003864490015743,288
0.00385222149392,289
0.003840039220328,290
0.003827926695036,291
0.003815880045295,292
0.003803907187345,293
0.003792008943856,294
0.003780184717228,295
0.003768432675861,296
0.003756755621483,297
0.003745144613398,298
0.003733605099842,299
0.003722133852231,300
0.003710733967212,301
0.003699402914693,302
0.003688144357875,303
0.003676954330876,304
0.00366583065285,305
0.003654771569806,306
0.003643777415467,307
0.003632849291898,308
0.003621990303509,309
0.003611190454103,310
0.003600457768577,311
0.003589795250446,312
0.003579202325394,313
0.003568670099291,314
0.003558204711104,315
0.003547800968712,316
0.003537451949281,317
0.00352715892562,318
0.003516930473658,319
0.003506763659728,320
0.003496652166359,321
0.003486590281439,322
0.003476582180398,323
0.003466625891936,324
0.00345673118718,325
0.003446891857311,326
0.003437109640799,327
0.003427382349037,328
0.003417705340932,329
0.003408077553225,330
0.003398506087251,331
0.003388993170423,332
0.003379529241162,333
0.003370116356139,334
0.003360758209601,335
0.003351456369273,336
0.003342213629124,337
0.003333022282459,338
0.003323878254741,339
0.003314781057027,340
0.003305734864747,341
0.003296739429546,342
0.003287793300115,343
0.003278896414364,344
0.003270053770393,345
0.003261262349164,346
0.003252519550733,347
0.003243822635462,348
0.003235174249858,349
0.003226573454837,350
0.003218025388196,351
0.003209533627766,352
0.003201094130054,353
0.003192700228343,354
0.003184346070824,355
0.003176037501544,356
0.003167773100237,357
0.003159547201358,358
0.003151364314059,359
0.003143218966822,360
0.0031351073257,361
0.003127027326263,362
0.003118985441203,363
0.003110986443547,364
0.003103030767913,365
0.003095116768964,366
0.003087242033022,367
0.003079407452606,368
0.003071613578747,369
0.003063864423893,370
0.003056156860354,371
0.003048492176458,372
0.003040869972513,373
0.003033282530184,374
0.0030257305402,375
0.003018214076292,376
0.0030107342056,377
0.003003293574632,378
0.002995887961394,379
0.002988517214544,380
0.002981182377941,381
0.002973886559873,382
0.002966628879464,383
0.00295940413683,384
0.002952216181438,385
0.00294507019377,386
0.002937962347642,387
0.002930888890599,388
0.002923854215381,389
0.00291685416208,390
0.002909888959645,391
0.002902967048188,392
0.002896079669396,393
0.002889229690967,394
0.002882416480376,395
0.002875632540478,396
0.002868879415716,397
0.002862157005196,398
0.002855466325612,399
0.002848805099105,400
0.002842172879415,401
0.002835568587761,402
0.002828993636649,403
0.002822448852627,404
0.002815936823996,405
0.002809456017955,406
0.002803005359601,407
0.002796584251337,408
0.002790192557344,409
0.00278383155819,410
0.002777499577496,411
0.002771197946277,412
0.002764926839154,413
0.002758685146303,414
0.002752471971326,415
0.002746284935468,416
0.002740130189341,417
0.00273400672789,418
0.002727914531715,419
0.002721848214666,420
0.0027158120065,421
0.002709803932036,422
0.002703824387087,423
0.002697874000296,424
0.002691953039418,425
0.002686058570786,426
0.002680190524552,427
0.00267435304122,428
0.002668543427717,429
0.002662759258722,430
0.002656998116678,431
0.002651260467246,432
0.002645545033738,433
0.002639851901525,434
0.002634184671721,435
0.002628546080086,436
0.002622935020675,437
0.002617349130257,438
0.002611785556655,439
0.00260624481986,440
0.00260072638824,441
0.002595230312242,442
0.002589756898427,443
0.002584306142914,444
0.002578877677054,445
0.002573474430634,446
0.002568092907313,447
0.002562736681042,448
0.002557405433618,449
0.002552099739357,450
0.002546817491141,451
0.002541558875237,452
0.002536327911851,453
0.002531123339819,454
0.002525942601884,455
0.002520781022031,456
0.002515639655758,457
0.002510519562444,458
0.002505422554289,459
0.002500352038381,460
0.002495302977817,461
0.002490272916233,462
0.002485263658067,463
0.002480273887826,464
0.002475305018015,465
0.002470358624123,466
0.002465430868324,467
0.002460524893831,468
0.002455640300953,469
0.002450775615095,470
0.002445930925508,471
0.002441108222896,472
0.002436304608515,473
0.002431518724188,474
0.00242675091528,475
0.002422001123584,476
0.002417269519841,477
0.002412557741627,478
0.002407862901843,479
0.002403187666399,480
0.00239852979236,481
0.002393892263838,482
0.002389274040858,483
0.002384676093546,484
0.002380098049374,485
0.002375537770179,486
0.002370997871427,487
0.002366478512219,488
0.002361976716202,489
0.002357492033237,490
0.002353024180047,491
0.002348573199318,492
0.002344137934657,493
0.002339719472608,494
0.002335317068112,495
0.002330931571002,496
0.00232656384663,497
0.002322213111135,498
0.002317881002091,499
0.002313566665786,500
0.002309270369976,501
0.002304992599723,502
0.00230073297862,503
0.002296492356497,504
0.00229226644927,505
0.002288054057863,506
0.002283854860192,507
0.002279671037104,508
0.002275502681732,509
0.002271349794076,510
0.002267212257721,511
0.002263090251169,512
0.002258982035952,513
0.002254889637697,514
0.002250814220558,515
0.00224675622303,516
0.002242715113486,517
0.00223869199787,518
0.002234684594441,519
0.002230691770092,520
0.002226714452263,521
0.002222751476802,522
0.002218806254677,523
0.002214874090472,524
0.00221095988915,525
0.002207063305347,526
0.002203183493111,527
0.002199319773354,528
0.002195472231445,529
0.002191639617862,530
0.00218782084606,531
0.002184013987426,532
0.00218022193294,533
0.002176446133914,534
0.002172684646212,535
0.002168936453139,536
0.0021652035648,537
0.002161483299763,538
0.002157776651438,539
0.002154083072674,540
0.002150404313579,541
0.002146738903442,542
0.002143086958677,543
0.002139448836291,544
0.002135824097786,545
0.002132213779259,546
0.002128617465496,547
0.002125035986925,548
0.002121468051337,549
0.002117913092176,550
0.002114373977141,551
0.002110848160616,552
0.002107335665884,553
0.002103835623711,554
0.002100349035269,555
0.002096873420912,556
0.002093410573434,557
0.002089959619722,558
0.002086522860918,559
0.002083099540323,560
0.002079688971086,561
0.00207629026457,562
0.00207290268736,563
0.002069524745457,564
0.002066156896763,565
0.002062800320952,566
0.002059455728158,567
0.002056121166485,568
0.002052798723647,569
0.002049486804754,570
0.002046185258466,571
0.002042896657561,572
0.002039616353189,573
0.00203634868376,574
0.002033091569319,575
0.002029842906632,576
0.002026604383718,577
0.002023378107697,578
0.002020161986972,579
0.00201695736032,580
0.002013764103564,581
0.002010580866287,582
0.002007406775374,583
0.002004247046231,584
0.002001100316799,585
0.001997965818737,586
0.001994841095681,587
0.001991726500758,588
0.001988622538435,589
0.001985530993746,590
0.001982448793327,591
0.001979378114144,592
0.001976317497126,593
0.001973266515415,594
0.00197022894475,595
0.001967202875918,596
0.001964188650406,597
0.001961184347359,598
0.00195818945067,599
0.00195520457346,600
0.001952228570978,601
0.001949261431582,602
0.001946303391984,603
0.001943355045902,604
0.001940418760447,605
0.001937490232134,606
0.001934573291025,607
0.001931667389969,608
0.001928771554958,609
0.001925884819745,610
0.001923007428801,611
0.001920140096142,612
0.001917282406551,613
0.001914434491967,614
0.001911595847923,615
0.001908768923022,616
0.001905950923295,617
0.001903142353209,618
0.00190034423722,619
0.001897555387889,620
0.001894776049691,621
0.001892006393367,622
0.001889245666098,623
0.001886492901637,624
0.001883748965338,625
0.001881013131545,626
0.001878285827115,627
0.001875565255371,628
0.001872852584347,629
0.001870150670099,630
0.001867453377539,631
0.001864764179724,632
0.001862083072774,633
0.001859411721428,634
0.001856748041852,635
0.001854092406575,636
0.001851444055016,637
0.001848804124165,638
0.001846172761483,639
0.001843550374421,640
0.001840937094918,641
0.001838331557034,642
0.001835733830618,643
0.001833145638617,644
0.001830564152139,645
0.001827991687848,646
0.001825426825477,647
0.001822870213073,648
0.001820321951527,649
0.001817781920545,650
0.001815249305218,651
0.001812723570038,652
0.001810205692891,653
0.001807694886035,654
0.001805193023756,655
0.001802697129703,656
0.001800209815459,657
0.001797730852074,658
0.001795259017187,659
0.001792795653455,660
0.001790341587427,661
0.001787893932002,662
0.00178545290061,663
0.001783018714438,664
0.001780591877953,665
0.001778173745455,666
0.001775762912196,667
0.001773357150766,668
0.001770959150357,669
0.001768568627692,670
0.001766185978583,671
0.00176380876995,672
0.001761437921474,673
0.001759074193736,674
0.001756718285227,675
0.001754368511805,676
0.001752025963894,677
0.001749691887138,678
0.001747366347505,679
0.001745047493993,680
0.001742737387152,681
0.001740434618356,682
0.001738139901621,683
0.001735852433679,684
0.001733571857524,685
0.001731298856127,686
0.001729033747688,687
0.001726776489522,688
0.00172452670134,689
0.001722284821638,690
0.001720049441792,691
0.001717820499713,692
0.001715598387333,693
0.0017133830154,694
0.001711173468114,695
0.001708970156809,696
0.001706773710127,697
0.001704584108666,698
0.001702402504937,699
0.001700228487607,700
0.001698059949558,701
0.001695896223343,702
0.001693741119622,703
0.001691592496354,704
0.001689449499827,705
0.00168731251033,706
0.001685182657093,707
0.001683059051478,708
0.001680942446304,709
0.001678830233868,710
0.001676725041276,711
0.001674625855715,712
0.00167253249092,713
0.001670444729583,714
0.0016683646827,715
0.001666291275372,716
0.001664221523485,717
0.001662157852358,718
0.001660101398981,719
0.001658049155958,720
0.001656001856706,721
0.001653960525679,722
0.001651925931219,723
0.001649896773354,724
0.001647872229417,725
0.001645854398763,726
0.001643841333377,727
0.001641834791129,728
0.001639833091758,729
0.001637836743612,730
0.001635845343117,731
0.001633858630278,732
0.001631877202696,733
0.001629902694064,734
0.001627932368622,735
0.001625966203089,736
0.001624005311169,737
0.00162205043016,738
0.001620099095938,739
0.001618151471484,740
0.001616210599119,741
0.001614273921587,742
0.001612342117975,743
0.001610415816928,744
0.001608495375452,745
0.001606579928193,746
0.001604669471271,747
0.001602765285255,748
0.001600866834633,749
0.001598974138809,750
0.001597085016935,751
0.001595201292851,752
0.001593322415526,753
0.001591448105561,754
0.00158957898384,755
0.001587714487687,756
0.001585855474696,757
0.001584000916531,758
0.001582150991696,759
0.001580306328833,760
0.001578465647375,761
0.001576629292686,762
0.001574799418449,763
0.001572973789492,764
0.001571152363128,765
0.001569335290696,766
0.001567522983532,767
0.001565716295348,768
0.00156391391453,769
0.0015621164542,770
0.001560322695877,771
0.001558533275966,772
0.001556748695051,773
0.001554969151039,774
0.001553194981534,775
0.00155142477015,776
0.001549660201029,777
0.001547899791816,778
0.00154614278969,779
0.001544390269555,780
0.001542642666027,781
0.001540899311658,782
0.001539160870016,783
0.001537426250676,784
0.001535696947637,785
0.001533971854951,786
0.001532251954389,787
0.001530536904465,788
0.001528827166961,789
0.001527121224596,790
0.001525420427788,791
0.001523723053591,792
0.001522030227352,793
0.001520343520679,794
0.001518659763193,795
0.001516980053081,796
0.001515303955724,797
0.00151363183589,798
0.001511962176301,799
0.001510295733654,800
0.001508632515712,801
0.001506972801872,802
0.001505316735711,803
0.001503664422004,804
0.001502016567004,805
0.001500373477271,806
0.001498734516402,807
0.001497097709216,808
0.001495467347559,809
0.001493840408511,810
0.001492216907597,811
0.001490598885963,812
0.001488983887248,813
0.001487372051148,814
0.001485763494081,815
0.001484158247088,816
0.00148255781193,817
0.001480961792792,818
0.001479369855952,819
0.001477783095712,820
0.001476201182231,821
0.001474621216767,822
0.001473044976592,823
0.001471471976644,824
0.001469902050061,825
0.001468335736233,826
0.001466773943199,827
0.001465217710938,828
0.001463666329316,829
0.001462118533285,830
0.001460575921616,831
0.001459037788057,832
0.001457504120966,833
0.001455973205157,834
0.001454447380578,835
0.001452924928162,836
0.001451406061339,837
0.001449891624119,838
0.001448380970396,839
0.0014468746221,840
0.001445370406145,841
0.001443871005904,842
0.001442374384108,843
0.001440880732844,844
0.001439391404468,845
0.001437907128517,846
0.001436425665937,847
0.001434950452919,848
0.001433478538335,849
0.001432008763853,850
0.001430544171793,851
0.00142908289951,852
0.001427626000562,853
0.00142617096814,854
0.001424722082447,855
0.0014232753679,856
0.001421830717785,857
0.001420390148026,858
0.00141895217433,859
0.00141751896396,860
0.001416089168439,861
0.001414661976742,862
0.001413239600758,863
0.001411818930258,864
0.001410402662198,865
0.001408988448869,866
0.001407578962001,867
0.001406171729711,868
0.00140476981372,869
0.001403368829051,870
0.001401972244882,871
0.001400579242424,872
0.001399188832147,873
0.001397802682671,874
0.001396418591806,875
0.001395036536269,876
0.001393659385697,877
0.001392284988348,878
0.001390913784659,879
0.001389546405214,880
0.001388183036276,881
0.00138682158431,882
0.001385464924776,883
0.001384110933092,884
0.001382759034944,885
0.001381411246257,886
0.001380065591851,887
0.001378722840066,888
0.001377384457737,889
0.001376049362201,890
0.00137471545022,891
0.001373386206493,892
0.001372059989565,893
0.001370736430787,894
0.001369415976418,895
0.001368097111117,896
0.001366783661069,897
0.001365471912626,898
0.001364163666343,899
0.001362858148059,900
0.001361554857188,901
0.001360255735926,902
0.001358959043864,903
0.001357665853963,904
0.001356375184453,905
0.001355086222369,906
0.001353799305313,907
0.001352516749951,908
0.001351235574111,909
0.001349958222515,910
0.001348682896545,911
0.001347411113481,912
0.001346141984686,913
0.001344875686724,914
0.00134361089052,915
0.001342349976767,916
0.001341092858153,917
0.0013398360461,918
0.001338583867376,919
0.001337333359212,920
0.001336085509198,921
0.001334840550165,922
0.001333600092524,923
0.001332360686501,924
0.001331125213377,925
0.001329892571084,926
0.001328663906315,927
0.001327436803452,928
0.001326212358739,929
0.001324991065,930
0.001323773775948,931
0.0013225583379,932
0.001321344263852,933
0.001320134712538,934
0.001318926932678,935
0.001317722272749,936
0.001316519985752,937
0.001315319305286,938
0.00131412112969,939
0.001312925990593,940
0.001311732106842,941
0.001310541261531,942
0.001309352979297,943
0.001308167021489,944
0.001306983556909,945
0.001305803057039,946
0.001304623736845,947
0.001303447819858,948
0.001302275822187,949
0.001301104616141,950
0.001299936636739,951
0.001298771098179,952
0.001297607907327,953
0.001296448133265,954
0.00129528902083,955
0.001294133005043,956
0.001292979057568,957
0.001291827564516,958
0.001290677994257,959
0.001289531450796,960
0.001288386630282,961
0.001287244370906,962
0.001286104713411,963
0.001284968140923,964
0.001283832528861,965
0.001282699413908,966
0.001281570066931,967
0.001280441371879,968
0.001279315639598,969
0.001278192202638,970
0.001277072906184,971
0.001275953982258,972
0.001274837784392,973
0.001273724430939,974
0.00127261201657,975
0.001271501556039,976
0.001270393528588,977
0.001269289106131,978
0.001268187782262,979
0.001267088061043,980
0.001265989802778,981
0.001264894103709,982
0.001263800870705,983
0.001262708634992,984
0.001261619806367,985
0.001260532694869,986
0.001259447158858,987
0.001258365268586,988
0.001257286370189,989
0.001256207741487,990
0.001255132093017,991
0.001254059323886,992
0.001252989088728,993
0.001251920619203,994
0.001250854543954,995
0.001249790705818,996
0.001248729345389,997
0.001247670332668,998
0.001246613805415,999
0.001245560900619,1000
0.001244508746701,1001
0.001243459999872,1002
0.001242413098225,1003
0.001241368148476,1004
0.001240325509571,1005
0.001239283769003,1006
0.001238245526717,1007
0.001237207383383,1008
0.001236174059644,1009
0.001235140718442,1010
0.001234110064494,1011
0.001233082474209,1012
0.00123205606554,1013
0.001231030929678,1014
0.001230009379409,1015
0.001228989631636,1016
0.001227971030554,1017
0.001226955489255,1018
0.001225942670135,1019
0.001224931469187,1020
0.001223923042805,1021
0.001222916160865,1022
0.001221911999164,1023
0.001220909504142,1024
0.001219908466252,1025
0.001218909473391,1026
0.001217913621804,1027
0.001216919068247,1028
0.001215926385097,1029
0.001214934406259,1030
0.001213945568694,1031
0.001212958791681,1032
0.001211972455106,1033
0.001210989143389,1034
0.001210007506112,1035
0.001209026883589,1036
0.001208049128763,1037
0.001207073725527,1038
0.001206098355275,1039
0.001205126900459,1040
0.001204156097568,1041
0.001203187052549,1042
0.001202220943136,1043
0.001201255489529,1044
0.00120029298511,1045
0.001199330608749,1046
0.001198371356198,1047
0.00119741311064,1048
0.001196456719966,1049
0.001195502415067,1050
0.001194550067885,1051
0.001193600334227,1052
0.001192650716985,1053
0.001191704409818,1054
0.001190759367698,1055
0.001189816748956,1056
0.001188875959876,1057
0.001187935838243,1058
0.001186999007283,1059
0.001186062766161,1060
0.001185128185898,1061
0.001184197068991,1062
0.001183266103423,1063
0.001182338575988,1064
0.001181412691949,1065
0.001180488391158,1066
0.001179564732593,1067
0.001178644197838,1068
0.001177724128744,1069
0.001176805749613,1070
0.001175889427153,1071
0.001174974616151,1072
0.001174061357354,1073
0.001173149540167,1074
0.001172239952333,1075
0.001171331173585,1076
0.001170425264475,1077
0.001169521301442,1078
0.001168618537486,1079
0.001167716805746,1080
0.001166816065476,1081
0.001165918235589,1082
0.001165021895819,1083
0.001164127558392,1084
0.00116323477899,1085
0.001162343351947,1086
0.001161454365744,1087
0.001160566601902,1088
0.001159681368154,1089
0.001158798039736,1090
0.001157915984125,1091
0.001157036202494,1092
0.001156159053789,1093
0.001155283175952,1094
0.001154409145238,1095
0.001153536701653,1096
0.001152664764474,1097
0.001151795112916,1098
0.001150928117568,1099
0.001150060642976,1100
0.00114919814902,1101
0.001148335365967,1102
0.001147473886764,1103
0.001146614526321,1104
0.001145756675396,1105
0.001144901420533,1106
0.00114404723281,1107
0.001143194414908,1108
0.001142343742928,1109
0.001141494192416,1110
0.001140645776953,1111
0.001139799761586,1112
0.001138953992631,1113
0.001138111337787,1114
0.001137268504438,1115
0.001136427611345,1116
0.001135587346895,1117
0.001134749831787,1118
0.001133912867711,1119
0.001133077801205,1120
0.001132244352872,1121
0.001131412066752,1122
0.001130581802378,1123
0.001129752013367,1124
0.001128924866983,1125
0.001128098221185,1126
0.001127274276223,1127
0.0011264507814,1128
0.00112562913176,1129
0.001124809172082,1130
0.001123992039356,1131
0.001123175038568,1132
0.001122359673415,1133
0.001121546238816,1134
0.001120734635818,1135
0.001119924113542,1136
0.001119115232723,1137
0.001118307659635,1138
0.001117501078018,1139
0.001116697577527,1140
0.001115894734782,1141
0.001115093221112,1142
0.001114292902639,1143
0.001113494245025,1144
0.00111269740349,1145
0.001111900967468,1146
0.001111106745278,1147
0.001110314684532,1148
0.001109523141834,1149
0.001108733537452,1150
0.00110794447246,1151
0.00110715799965,1152
0.001106371554003,1153
0.001105586121169,1154
0.001104803199026,1155
0.001104020550459,1156
0.001103240292287,1157
0.001102462502119,1158
0.001101683763166,1159
0.001100908508912,1160
0.001100133178988,1161
0.001099359453656,1162
0.001098588035287,1163
0.001097817951813,1164
0.001097048452357,1165
0.001096279996758,1166
0.001095513947075,1167
0.001094747410389,1168
0.0010939834426,1169
0.001093220685531,1170
0.001092458260246,1171
0.001091698821013,1172
0.001090939540882,1173
0.001090181923549,1174
0.001089425189033,1175
0.001088669942692,1176
0.001087914797245,1177
0.0010871630162,1178
0.001086410726809,1179
0.001085659549184,1180
0.001084910829862,1181
0.001084163424093,1182
0.001083415866985,1183
0.001082670015361,1184
0.001081926641443,1185
0.001081183023052,1186
0.001080440497026,1187
0.001079699899613,1188
0.00107895929638,1189
0.001078222009043,1190
0.001077485538553,1191
0.001076749461936,1192
0.001076014817227,1193
0.001075281138765,1194
0.001074548638038,1195
0.001073817276241,1196
0.001073087548139,1197
0.001072357942273,1198
0.001071628377152,1199
0.00107090221912,1200
0.001070175574084,1201
0.001069450494833,1202
0.001068726880476,1203
0.001068003628946,1204
0.001067282599009,1205
0.001066561619518,1206
0.00106584225626,1207
0.001065124648934,1208
0.001064407881737,1209
0.001063692585255,1210
0.001062977938758,1211
0.001062263676431,1212
0.001061551379583,1213
0.001060839971372,1214
0.001060130039696,1215
0.001059421196502,1216
0.00105871297225,1217
0.001058005361119,1218
0.001057300029788,1219
0.001056595429933,1220
0.001055891274397,1221
0.001055188892254,1222
0.001054488058435,1223
0.00105378725954,1224
0.001053090156832,1225
0.001052392629208,1226
0.001051697065122,1227
0.001051002566237,1228
0.001050309590452,1229
0.001049617291816,1230
0.001048925810028,1231
0.001048236276256,1232
0.001047546503833,1233
0.001046857654971,1234
0.001046170432043,1235
0.001045485486975,1236
0.001044800126692,1237
0.001044117509931,1238
0.001043435525692,1239
0.00104275335713,1240
0.001042073322848,1241
0.001041394918381,1242
0.00104071716584,1243
0.001040041361315,1244
0.001039365985586,1245
0.00103869162073,1246
0.001038018590771,1247
0.00103734586155,1248
0.00103667411604,1249
0.001036003922733,1250
0.001035334325085,1251
0.001034666184569,1252
0.001034000481013,1253
0.001033333605543,1254
0.001032669917913,1255
0.001032004860463,1256
0.0010313418364,1257
0.001030680015295,1258
0.001030019337001,1259
0.001029359801517,1260
0.001028701084821,1261
0.001028043303328,1262
0.001027387242842,1263
0.00102673091072,1264
0.001026076156025,1265
0.001025422590707,1266
0.001024769807312,1267
0.001024118929248,1268
0.001023468377146,1269
0.001022819489784,1270
0.001022171318376,1271
0.001021523690239,1272
0.001020877571621,1273
0.001020232485219,1274
0.001019588489241,1275
0.001018946515008,1276
0.001018304257498,1277
0.001017664370981,1278
0.00101702575145,1279
0.001016385857171,1280
0.001015748250453,1281
0.001015112184299,1282
0.001014475912477,1283
0.001013840478845,1284
0.001013207049497,1285
0.001012573173891,1286
0.001011940338261,1287
0.001011309768849,1288
0.001010678219609,1289
0.001010049229565,1290
0.001009421238753,1291
0.001008793195554,1292
0.001008165769357,1293
0.001007540355204,1294
0.00100691531164,1295
0.001006290997611,1296
0.001005668239668,1297
0.001005045266356,1298
0.001004423565852,1299
0.001003803681427,1300
0.001003183137315,1301
0.001002564973896,1302
0.001001945834529,1303
0.001001328891531,1304
0.001000712775082,1305
0.001000097556971,1306
0.000999482670644,1307
0.000998869982626,1308
0.000998257932952,1309
0.000997646158794,1310
0.000997036809955,1311
0.000996427187541,1312
0.000995819474338,1313
0.000995211854267,1314
0.000994605146116,1315
0.00099400015121,1316
0.000993395738381,1317
0.000992791806736,1318
0.000992189060586,1319
0.000991586458016,1320
0.000990985097208,1321
0.000990384918017,1322
0.000989785404333,1323
0.000989187483598,1324
0.000988589108844,1325
0.000987992311517,1326
0.000987397274002,1327
0.00098680248678,1328
0.000986209750408,1329
0.000985616728819,1330
0.000985024731684,1331
0.000984433724079,1332
0.000983843733169,1333
0.000983254588209,1334
0.00098266681695,1335
0.000982079117481,1336
0.000981493038125,1337
0.000980906952949,1338
0.000980322990411,1339
0.000979737817155,1340
0.000979155971436,1341
0.000978572557991,1342
0.00097799085197,1343
0.0009774105895,1344
0.000976829502421,1345
0.000976250768872,1346
0.000975673279027,1347
0.000975095178001,1348
0.000974518673805,1349
0.000973943824647,1350
0.000973369476075,1351
0.000972795451526,1352
0.000972222926794,1353
0.000971649360145,1354
0.000971077448533,1355
0.000970505721246,1356
0.000969935635415,1357
0.000969367286113,1358
0.000968798092799,1359
0.000968231511069,1360
0.000967664320099,1361
0.00096709880357,1362
0.00096653525834,1363
0.000965970362692,1364
0.000965407572221,1365
0.00096484477787,1366
0.000964282767382,1367
0.000963722182981,1368
0.000963162376623,1369
0.000962603330845,1370
0.000962045063109,1371
0.00096148661105,1372
0.000960928927331,1373
0.000960372923873,1374
0.000959817108621,1375
0.000959261396201,1376
0.000958707431952,1377
0.000958154010974,1378
0.000957601913251,1379
0.000957049569115,1380
0.000956498845092,1381
0.000955948697325,1382
0.000955399314019,1383
0.000954850188767,1384
0.000954301500072,1385
0.000953755360873,1386
0.000953208193338,1387
0.000952663594702,1388
0.000952117278939,1389
0.000951574358623,1390
0.00095103031684,1391
0.000950488337548,1392
0.000949946123486,1393
0.000949404860148,1394
0.000948864557237,1395
0.000948325800709,1396
0.000947786330168,1397
0.000947249985378,1398
0.000946712458972,1399
0.000946175458375,1400
0.00094563945313,1401
0.000945105252322,1402
0.000944570589733,1403
0.000944037952771,1404
0.000943503924645,1405
0.000942972884513,1406
0.000942440680228,1407
0.000941910136802,1408
0.000941379971725,1409
0.000940850150073,1410
0.00094032115303,1411
0.000939793962364,1412
0.00093926571814,1413
0.00093873963148,1414
0.00093821293364,1415
0.000937686703401,1416
0.00093716221163,1417
0.000936638218506,1418
0.000936113825689,1419
0.000935592319972,1420
0.000935069882932,1421
0.000934549386147,1422
0.00093402924443,1423
0.000933510181494,1424
0.000932991997494,1425
0.000932474678848,1426
0.000931957563929,1427
0.000931441601521,1428
0.000930925707022,1429
0.000930410897126,1430
0.000929897936294,1431
0.000929384141151,1432
0.000928872976995,1433
0.000928360320783,1434
0.00092785024705,1435
0.000927339711537,1436
0.000926830045258,1437
0.000926321560595,1438
0.000925814040238,1439
0.000925306114368,1440
0.000924799397277,1441
0.000924294170303,1442
0.000923788258418,1443
0.000923284583647,1444
0.000922780068746,1445
0.000922277472758,1446
0.000921775008707,1447
0.000921272868679,1448
0.000920773357696,1449
0.000920272717485,1450
0.000919773978724,1451
0.000919274508487,1452
0.000918777418944,1453
0.000918280593275,1454
0.000917784435054,1455
0.000917289109202,1456
0.000916792782179,1457
0.000916298954204,1458
0.000915806272921,1459
0.000915312604047,1460
0.000914821744664,1461
0.000914330155744,1462
0.000913840487677,1463
0.000913349863064,1464
0.000912861716157,1465
0.000912372864938,1466
0.000911885882185,1467
0.000911398852865,1468
0.000910912523977,1469
0.000910427359243,1470
0.000909942004364,1471
0.000909457668119,1472
0.000908972932181,1473
0.000908491702285,1474
0.000908007919012,1475
0.000907525895551,1476
0.000907045529069,1477
0.000906564427229,1478
0.000906084574914,1479
0.000905604557677,1480
0.000905126496218,1481
0.00090464813984,1482
0.000904170520759,1483
0.00090369413762,1484
0.000903218301634,1485
0.000902743476521,1486
0.000902269497359,1487
0.00090179569476,1488
0.000901323650032,1489
0.0009008520244,1490
0.000900380829504,1491
0.000899908866268,1492
0.000899441010552,1493
0.00089897174621,1494
0.000898503197823,1495
0.000898036058061,1496
0.000897569971858,1497
0.000897103522827,1498
0.000896639475832,1499
0.000896173713651,1500
0.000895709268904,1501
0.000895245959206,1502
0.000894782558316,1503
0.000894320348743,1504
0.000893856876064,1505
0.000893396540778,1506
0.000892934880297,1507
0.00089247499903,1508
0.000892016770861,1509
0.0008915570778,1510
0.000891098851571,1511
0.000890640702952,1512
0.000890184176387,1513
0.00088972786131,1514
0.000889270940873,1515
0.000888815898603,1516
0.000888361083344,1517
0.000887906898667,1518
0.000887453313529,1519
0.000887000215395,1520
0.000886547827395,1521
0.000886095507303,1522
0.000885644339724,1523
0.000885193084832,1524
0.000884742245156,1525
0.000884293440807,1526
0.000883843299622,1527
0.000883394427365,1528
0.000882946672694,1529
0.000882498273859,1530
0.000882051223501,1531
0.000881604433137,1532
0.000881158380071,1533
0.000880712453121,1534
0.000880267822261,1535
0.000879823131254,1536
0.000879378645914,1537
0.000878936199782,1538
0.000878493701263,1539
0.000878051055285,1540
0.000877609230035,1541
0.000877168592221,1542
0.000876728332757,1543
0.000876287114806,1544
0.000875848450232,1545
0.000875409486859,1546
0.000874970527366,1547
0.000874534416168,1548
0.000874097678267,1549
0.000873659725767,1550
0.000873225259905,1551
0.00087278947273,1552
0.000872355447306,1553
0.000871920715629,1554
0.000871488023161,1555
0.000871054723393,1556
0.000870622556734,1557
0.000870190209631,1558
0.000869758549379,1559
0.000869327575977,1560
0.000868895923486,1561
0.000868465553503,1562
0.00086803502636,1563
0.000867604863985,1564
0.000867175962776,1565
0.000866747327382,1566
0.00086631780141,1567
0.000865890838516,1568
0.000865462773557,1569
0.000865035358584,1570
0.000864608744935,1571
0.000864181588016,1572
0.000863755857184,1573
0.000863330710369,1574
0.00086290644443,1575
0.000862482562661,1576
0.000862057543903,1577
0.000861634366447,1578
0.000861212684928,1579
0.00086078964329,1580
0.000860368933839,1581
0.000859947062175,1582
0.000859526822266,1583
0.000859106815187,1584
0.000858687266009,1585
0.000858268328011,1586
0.000857850600732,1587
0.000857432900618,1588
0.000857014226494,1589
0.000856598672302,1590
0.00085618160277,1591
0.000855766304691,1592
0.000855351765252,1593
0.000854936438069,1594
0.000854522443842,1595
0.000854108383646,1596
0.000853695875655,1597
0.000853282948568,1598
0.000852869412241,1599
0.000852457901541,1600
0.000852045981446,1601
0.000851634907303,1602
0.00085122375361,1603
0.000850813577805,1604
0.00085040369886,1605
0.00084999477646,1606
0.000849587701183,1607
0.000849179248326,1608
0.000848773007359,1609
0.000848366347297,1610
0.000847960785419,1611
0.000847554802507,1612
0.000847150398962,1613
0.000846746140936,1614
0.000846342787069,1615
0.00084593895978,1616
0.000845537018419,1617
0.000845135284665,1618
0.000844733490764,1619
0.000844332602962,1620
0.000843932576633,1621
0.000843533623265,1622
0.000843133127394,1623
0.000842735460416,1624
0.000842336838832,1625
0.000841939949896,1626
0.000841543392744,1627
0.000841147516621,1628
0.000840751978103,1629
0.000840356241679,1630
0.000839961254193,1631
0.000839568480539,1632
0.000839174936603,1633
0.000838781223865,1634
0.000838389212731,1635
0.000837995903566,1636
0.000837604947931,1637
0.000837213648871,1638
0.00083682211504,1639
0.000836433602187,1640
0.000836042728042,1641
0.000835654405334,1642
0.00083526748543,1643
0.000834877655143,1644
0.000834492041031,1645
0.000834104781582,1646
0.000833718424353,1647
0.000833332618155,1648
0.000832947011804,1649
0.000832562567666,1650
0.000832178480535,1651
0.000831794828021,1652
0.000831411435502,1653
0.000831028163278,1654
0.000830646641164,1655
0.000830264647569,1656
0.00082988247353,1657
0.000829502323177,1658
0.000829122132078,1659
0.000828742051575,1660
0.000828362031219,1661
0.000827983326356,1662
0.000827605783707,1663
0.000827227940317,1664
0.000826850358862,1665
0.000826474461549,1666
0.000826097813357,1667
0.000825721603663,1668
0.000825346119624,1669
0.00082497097707,1670
0.000824596457339,1671
0.00082422127598,1672
0.000823848562626,1673
0.000823474178712,1674
0.000823100960891,1675
0.000822726499367,1676
0.000822356178348,1677
0.00082198321276,1678
0.000821611485056,1679
0.000821239708845,1680
0.000820868666051,1681
0.000820498783529,1682
0.000820128258783,1683
0.000819759967271,1684
0.000819390199225,1685
0.000819023568571,1686
0.000818654551404,1687
0.000818286570332,1688
0.000817920354893,1689
0.000817553699017,1690
0.000817189433534,1691
0.000816822131552,1692
0.000816457538167,1693
0.000816091846597,1694
0.00081572792066,1695
0.00081536458844,1696
0.000815000311316,1697
0.000814638508018,1698
0.000814275315497,1699
0.000813913587869,1700
0.000813551340252,1701
0.000813189709637,1702
0.000812828133348,1703
0.00081246784733,1704
0.000812107272213,1705
0.000811746454565,1706
0.000811387365684,1707
0.000811028529036,1708
0.000810668611666,1709
0.000810310555001,1710
0.00080995161552,1711
0.0008095952721,1712
0.00080923695156,1713
0.000808879445928,1714
0.000808523108329,1715
0.000808166879384,1716
0.000807809364051,1717
0.000807454060608,1718
0.000807098475828,1719
0.000806744334598,1720
0.000806389948896,1721
0.000806034777391,1722
0.000805682196127,1723
0.000805328413844,1724
0.000804976453461,1725
0.00080462321445,1726
0.000804271378244,1727
0.000803919348012,1728
0.000803567905677,1729
0.00080321674274,1730
0.000802868100194,1731
0.000802516551145,1732
0.00080216768935,1733
0.000801819155458,1734
0.000801470377094,1735
0.000801123280932,1736
0.00080077542613,1737
0.000800427908932,1738
0.000800081307534,1739
0.00079973503792,1740
0.000799389796642,1741
0.00079904437686,1742
0.000798699816611,1743
0.000798354513245,1744
0.000798011328637,1745
0.000797666735404,1746
0.000797322714546,1747
0.000796980181864,1748
0.000796636954571,1749
0.000796295197991,1750
0.00079595267113,1751
0.000795610679779,1752
0.000795269714824,1753
0.000794928367638,1754
0.000794588217589,1755
0.000794247390392,1756
0.000793907554665,1757
0.00079356894712,1758
0.000793229722573,1759
0.000792891258607,1760
0.000792552524945,1761
0.000792215706315,1762
0.000791878183372,1763
0.000791540776845,1764
0.000791203806875,1765
0.000790867461668,1766
0.000790531366753,1767
0.000790196447633,1768
0.000789860428389,1769
0.000789526196119,1770
0.000789191682513,1771
0.000788857780086,1772
0.000788524271532,1773
0.000788190487462,1774
0.000787858236193,1775
0.000787526514614,1776
0.000787193669627,1777
0.0007868629531,1778
0.000786531644796,1779
0.000786199991126,1780
0.000785870766655,1781
0.000785540424598,1782
0.000785211706534,1783
0.000784882416095,1784
0.000784553059687,1785
0.000784224553111,1786
0.000783896168772,1787
0.000783568777842,1788
0.000783240791255,1789
0.000782913788377,1790
0.000782586461476,1791
0.000782260679019,1792
0.000781933844943,1793
0.000781608724113,1794
0.000781283512091,1795
0.000780958106043,1796
0.000780634186231,1797
0.000780309655238,1798
0.000779986138999,1799
0.000779663259163,1800
0.000779340524847,1801
0.000779018114554,1802
0.000778694641,1803
0.00077837346859,1804
0.000778051593807,1805
0.000777730122597,1806
0.000777410023147,1807
0.000777088526714,1808
0.000776768359356,1809
0.00077644919899,1810
0.000776129085959,1811
0.000775810785126,1812
0.000775492193255,1813
0.000775173838095,1814
0.000774856167845,1815
0.000774538516998,1816
0.000774221762549,1817
0.000773905217648,1818
0.000773588294396,1819
0.000773273183343,1820
0.000772957129326,1821
0.000772641125756,1822
0.000772327337957,1823
0.000772011514831,1824
0.000771697639721,1825
0.000771383894607,1826
0.000771070522023,1827
0.000770757723755,1828
0.000770444217293,1829
0.000770132715115,1830
0.000769819352233,1831
0.000769507194248,1832
0.000769195123576,1833
0.000768884440186,1834
0.000768572685774,1835
0.00076826296087,1836
0.000767952545236,1837
0.000767642630187,1838
0.000767331360839,1839
0.000767022825312,1840
0.000766714342171,1841
0.000766405022781,1842
0.00076609615547,1843
0.00076578790904,1844
0.000765479530673,1845
0.000765171435584,1846
0.000764865909393,1847
0.000764557973404,1848
0.000764251723497,1849
0.00076394500987,1850
0.000763639233386,1851
0.000763334234944,1852
0.000763028140257,1853
0.000762722666453,1854
0.000762418059943,1855
0.000762113668801,1856
0.000761809351388,1857
0.000761504448019,1858
0.000761202272649,1859
0.000760897371219,1860
0.000760595407337,1861
0.000760291751552,1862
0.000759989572301,1863
0.000759687528868,1864
0.000759384476502,1865
0.000759083147083,1866
0.000758782027212,1867
0.000758480441679,1868
0.000758180066866,1869
0.000757878844161,1870
0.000757579773199,1871
0.000757280104638,1872
0.000756980538911,1873
0.000756682339124,1874
0.00075638301787,1875
0.000756084286453,1876
0.000755786305914,1877
0.00075548804792,1878
0.000755191151984,1879
0.000754893167565,1880
0.000754596151334,1881
0.000754299899563,1882
0.000754002951241,1883
0.000753707723925,1884
0.000753412027067,1885
0.000753116025589,1886
0.000752821025283,1887
0.000752527359873,1888
0.000752231680478,1889
0.000751939210265,1890
0.000751645015165,1891
0.000751351786312,1892
0.000751058650591,1893
0.000750766995285,1894
0.000750475111029,1895
0.000750183054091,1896
0.000749890533431,1897
0.000749599995712,1898
0.000749309547246,1899
0.000749019275342,1900
0.000748729535068,1901
0.000748438814965,1902
0.000748150417348,1903
0.00074786079155,1904
0.00074757176723,1905
0.000747282649778,1906
0.00074699469842,1907
0.000746704583677,1908
0.000746417771249,1909
0.000746129870337,1910
0.000745842671798,1911
0.000745554848496,1912
0.000745268363971,1913
0.000744981367219,1914
0.000744695864463,1915
0.000744409277104,1916
0.000744124482541,1917
0.000743839098141,1918
0.000743553647771,1919
0.000743267615326,1920
0.000742984122674,1921
0.000742700011081,1922
0.000742415967397,1923
0.000742133239207,1924
0.000741848217634,1925
0.000741564823935,1926
0.000741283624666,1927
0.000741000298876,1928
0.000740716718913,1929
0.000740435424571,1930
0.000740154361119,1931
0.000739872090829,1932
0.000739591848105,1933
0.000739310994201,1934
0.000739030825207,1935
0.000738751040384,1936
0.000738470104989,1937
0.000738192755186,1938
0.000737912244707,1939
0.000737632221232,1940
0.000737354630837,1941
0.000737074454082,1942
0.000736796268029,1943
0.000736517739521,1944
0.000736239237206,1945
0.000735961382937,1946
0.000735685466983,1947
0.000735406640645,1948
0.000735131415422,1949
0.00073485368921,1950
0.000734577840194,1951
0.000734301822376,1952
0.000734024820849,1953
0.000733750175762,1954
0.000733475143594,1955
0.000733200174485,1956
0.000732926022223,1957
0.000732651887423,1958
0.00073237856559,1959
0.000732105508602,1960
0.000731832216843,1961
0.000731559258808,1962
0.000731287791859,1963
0.000731014425401,1964
0.000730742549058,1965
0.000730471427475,1966
0.000730199641354,1967
0.000729929520943,1968
0.000729657354532,1969
0.000729387814257,1970
0.000729118513603,1971
0.000728848496025,1972
0.000728578918885,1973
0.000728309593978,1974
0.000728040986966,1975
0.000727772019066,1976
0.000727504569416,1977
0.000727235319209,1978
0.000726968386637,1979
0.000726699844624,1980
0.000726433270029,1981
0.000726166165744,1982
0.00072589967361,1983
0.000725632418956,1984
0.000725366944486,1985
0.000725100624065,1986
0.000724834298793,1987
0.000724568433361,1988
0.000724304358785,1989
0.000724038643724,1990
0.000723774223782,1991
0.000723508620285,1992
0.000723245980528,1993
0.000722981624616,1994
0.000722717132885,1995
0.000722454593051,1996
0.000722190980256,1997
0.000721927982522,1998
0.000721664664646,1999
0.000721403316129,2000
0.000721141511652,2001
0.000720879559716,2002
0.00072061920849,2003
0.000720358383842,2004
0.000720096511456,2005
0.000719836557982,2006
0.00071957668406,2007
0.000719316513278,2008
0.00071905781612,2009
0.00071879690513,2010
0.000718539336231,2011
0.000718281636364,2012
0.000718020744777,2013
0.000717764294435,2014
0.000717505409072,2015
0.000717247742189,2016
0.000716991329682,2017
0.000716732311412,2018
0.000716475528316,2019
0.000716218317393,2020
0.00071596223958,2021
0.000715706637129,2022
0.000715450231413,2023
0.000715195003431,2024
0.000714939708511,2025
0.00071468470851,2026
0.000714429752164,2027
0.000714177077559,2028
0.000713920389535,2029
0.000713666054071,2030
0.000713412870149,2031
0.000713159328249,2032
0.000712906840878,2033
0.000712653658896,2034
0.000712401305403,2035
0.000712149299216,2036
0.000711897744137,2037
0.000711646469426,2038
0.000711395439187,2039
0.000711144489469,2040
0.000710894156752,2041
0.000710644040373,2042
0.000710394003545,2043
0.000710144407155,2044
0.000709893351692,2045
0.000709644821472,2046
0.00070939452077,2047
0.000709145471531,2048
0.000708896216626,2049
0.000708647854238,2050
0.000708400333921,2051
0.000708152379957,2052
0.000707905826857,2053
0.000707657772,2054
0.00070741198045,2055
0.000707165634958,2056
0.000706919632891,2057
0.000706673456201,2058
0.000706427108768,2059
0.000706183163372,2060
0.000705936300801,2061
0.000705691876162,2062
0.000705446923772,2063
0.000705202583534,2064
0.000704958357771,2065
0.000704714145589,2066
0.000704470656153,2067
0.0007042273491,2068
0.000703984300101,2069
0.000703740953274,2070
0.0007034990044,2071
0.000703255351012,2072
0.000703014133614,2073
0.00070277263682,2074
0.000702531227338,2075
0.000702290195234,2076
0.000702047870921,2077
0.000701807583876,2078
0.000701566131708,2079
0.000701326166745,2080
0.000701085410158,2081
0.000700844446934,2082
0.000700603831986,2083
0.000700364871106,2084
0.000700124975992,2085
0.000699886650546,2086
0.000699647522803,2087
0.000699407886714,2088
0.000699170563409,2089
0.000698931228059,2090
0.000698693279022,2091
0.000698455439609,2092
0.000698217602136,2093
0.00069798057181,2094
0.000697742727546,2095
0.00069750698846,2096
0.000697268796891,2097
0.000697031903352,2098
0.000696796159415,2099
0.000696558869095,2100
0.000696322862253,2101
0.000696087630543,2102
0.000695851129907,2103
0.000695616405574,2104
0.00069538007665,2105
0.00069514522911,2106
0.000694909428906,2107
0.000694675274038,2108
0.000694440937756,2109
0.000694206497671,2110
0.000693971965423,2111
0.00069373739049,2112
0.000693504792677,2113
0.000693269090455,2114
0.000693037483143,2115
0.000692802939254,2116
0.000692569857347,2117
0.000692337216848,2118
0.000692104683064,2119
0.000691873624843,2120
0.000691641545078,2121
0.000691409649638,2122
0.000691179768182,2123
0.000690947902816,2124
0.000690717802111,2125
0.000690487274551,2126
0.00069025689833,2127
0.000690027290451,2128
0.000689797400264,2129
0.000689567319932,2130
0.000689338272787,2131
0.000689108703712,2132
0.000688879786564,2133
0.000688652165506,2134
0.000688422725458,2135
0.000688195110221,2136
0.000687965730322,2137
0.000687739043497,2138
0.000687511300202,2139
0.000687284381517,2140
0.000687055983387,2141
0.000686830146393,2142
0.000686602818314,2143
0.000686375935523,2144
0.000686149863759,2145
0.00068592367655,2146
0.000685698596256,2147
0.000685472273229,2148
0.000685246613769,2149
0.000685020747672,2150
0.00068479658803,2151
0.000684572236302,2152
0.000684347055115,2153
0.00068412363471,2154
0.000683897873387,2155
0.000683674503428,2156
0.00068345007409,2157
0.000683227541352,2158
0.000683003314771,2159
0.000682780048616,2160
0.000682557978629,2161
0.00068233385003,2162
0.000682111046626,2163
0.000681889503418,2164
0.000681666751431,2165
0.000681445008377,2166
0.000681222704588,2167
0.000681000720942,2168
0.000680779411535,2169
0.000680558395106,2170
0.000680336413401,2171
0.000680116343816,2172
0.00067989443681,2173
0.0006796752287,2174
0.00067945359624,2175
0.000679233833216,2176
0.000679012547092,2177
0.000678793746435,2178
0.000678574350119,2179
0.000678354260162,2180
0.000678134758103,2181
0.000677916776234,2182
0.000677697270294,2183
0.000677478848957,2184
0.000677260610973,2185
0.000677042562165,2186
0.000676824253363,2187
0.000676606493653,2188
0.000676389205425,2189
0.000676171986076,2190
0.000675954065324,2191
0.000675737884012,2192
0.000675520133033,2193
0.000675302923385,2194
0.000675087503623,2195
0.000674869596454,2196
0.000674654485192,2197
0.000674438237911,2198
0.000674222615392,2199
0.000674006725118,2200
0.000673791223865,2201
0.000673576273645,2202
0.000673361752221,2203
0.000673146898043,2204
0.000672931784842,2205
0.000672717981312,2206
0.000672501974623,2207
0.000672289844564,2208
0.000672074702258,2209
0.00067186197169,2210
0.000671647443475,2211
0.000671434836113,2212
0.000671221348845,2213
0.000671008735662,2214
0.000670796798659,2215
0.000670583328853,2216
0.000670370757386,2217
0.000670159921477,2218
0.000669947904923,2219
0.000669736266718,2220
0.000669525591851,2221
0.000669315065412,2222
0.000669103192437,2223
0.000668891942284,2224
0.000668681651587,2225
0.000668473027569,2226
0.000668261439811,2227
0.000668052071705,2228
0.000667841239677,2229
0.000667633358777,2230
0.000667421911688,2231
0.000667213320655,2232
0.000667004995436,2233
0.000666795446887,2234
0.000666588443952,2235
0.000666378501531,2236
0.000666170673988,2237
0.000665962699956,2238
0.000665754589136,2239
0.000665547236955,2240
0.000665339734405,2241
0.000665132274541,2242
0.000664926294121,2243
0.000664719348424,2244
0.000664513073085,2245
0.000664307346839,2246
0.000664101054038,2247
0.00066389455266,2248
0.000663688769176,2249
0.000663483867538,2250
0.000663278933886,2251
0.000663073867327,2252
0.0006628681372,2253
0.000662664669411,2254
0.00066245943987,2255
0.000662255085384,2256
0.000662050640676,2257
0.000661845888438,2258
0.000661642851386,2259
0.000661438778237,2260
0.000661235826556,2261
0.000661032086161,2262
0.000660828078981,2263
0.000660625562887,2264
0.00066042370939,2265
0.000660220295928,2266
0.000660018624815,2267
0.000659816452147,2268
0.000659614532681,2269
0.000659412099048,2270
0.000659210174733,2271
0.00065900858123,2272
0.000658807167201,2273
0.000658605447582,2274
0.000658404045195,2275
0.000658203128842,2276
0.000658002468602,2277
0.000657801987836,2278
0.000657601348939,2279
0.000657401005932,2280
0.000657201755287,2281
0.000657001343401,2282
0.000656801186657,2283
0.000656602507418,2284
0.000656402856112,2285
0.000656204294258,2286
0.000656004837947,2287
0.000655807139507,2288
0.000655608557281,2289
0.000655410813245,2290
0.000655211607227,2291
0.00065501499242,2292
0.000654816704143,2293
0.000654619497557,2294
0.0006544220465,2295
0.000654225949741,2296
0.000654028410402,2297
0.000653831878056,2298
0.000653635411679,2299
0.000653440139528,2300
0.000653243937995,2301
0.000653048101231,2302
0.000652854306585,2303
0.000652657216415,2304
0.000652462940585,2305
0.000652267102851,2306
0.000652072098455,2307
0.000651878896557,2308
0.00065168372433,2309
0.000651491089957,2310
0.00065129576833,2311
0.000651103253282,2312
0.000650908841635,2313
0.000650715642648,2314
0.000650522449481,2315
0.000650328969156,2316
0.000650137465952,2317
0.000649944247562,2318
0.000649751997359,2319
0.000649559917899,2320
0.00064936732233,2321
0.000649174524006,2322
0.000648984166522,2323
0.000648792101614,2324
0.000648600386921,2325
0.000648409453182,2326
0.000648217693864,2327
0.000648028680007,2328
0.000647836333762,2329
0.000647647302443,2330
0.000647456924586,2331
0.00064726746156,2332
0.000647077555186,2333
0.000646887172479,2334
0.000646696832458,2335
0.000646507225853,2336
0.000646319341225,2337
0.000646129130231,2338
0.000645940052345,2339
0.000645750234253,2340
0.000645560728541,2341
0.000645371656477,2342
0.000645181975172,2343
0.000644994917093,2344
0.000644806043905,2345
0.000644618711279,2346
0.000644429206538,2347
0.000644242441437,2348
0.000644053247136,2349
0.000643866928294,2350
0.00064367937351,2351
0.000643492817956,2352
0.000643305896665,2353
0.000643119658343,2354
0.000642931975502,2355
0.000642746883871,2356
0.000642559551246,2357
0.000642373674782,2358
0.000642187693544,2359
0.000642003047202,2360
0.0006418163471,2361
0.000641632680587,2362
0.000641447111654,2363
0.000641262055918,2364
0.000641078169186,2365
0.000640893541276,2366
0.000640708348753,2367
0.000640524947084,2368
0.00064034103901,2369
0.000640158111734,2370
0.000639973207338,2371
0.000639790844677,2372
0.000639607505097,2373
0.000639423264268,2374
0.000639242353888,2375
0.000639058183879,2376
0.000638875586446,2377
0.000638694108541,2378
0.000638511279249,2379
0.000638330354316,2380
0.000638147812181,2381
0.000637966937696,2382
0.000637785342406,2383
0.000637603071906,2384
0.000637420643276,2385
0.000637240128708,2386
0.000637059543321,2387
0.000636878037282,2388
0.000636697542116,2389
0.00063651840998,2390
0.000636337456914,2391
0.000636157715538,2392
0.000635979320699,2393
0.000635798216293,2394
0.000635617884109,2395
0.000635440001497,2396
0.000635259842966,2397
0.000635081262832,2398
0.000634902021072,2399
0.000634724021074,2400
0.000634544850133,2401
0.000634365455092,2402
0.000634187892623,2403
0.000634010086651,2404
0.000633832958799,2405
0.000633654817163,2406
0.000633477377899,2407
0.000633300598323,2408
0.000633123889565,2409
0.000632946107847,2410
0.000632770048105,2411
0.000632592842643,2412
0.000632416108662,2413
0.000632238724696,2414
0.00063206271055,2415
0.00063188742788,2416
0.000631709418182,2417
0.000631535821594,2418
0.000631359143881,2419
0.000631183606068,2420
0.000631007142753,2421
0.000630832836032,2422
0.000630656678307,2423
0.000630482345393,2424
0.000630307664202,2425
0.00063013174998,2426
0.000629957677059,2427
0.000629784514119,2428
0.000629608654223,2429
0.00062943554852,2430
0.00062926178313,2431
0.000629088384449,2432
0.000628914364885,2433
0.000628740545168,2434
0.000628567739235,2435
0.000628394818826,2436
0.000628221679168,2437
0.000628048810177,2438
0.000627875541492,2439
0.000627703368082,2440
0.000627531311087,2441
0.000627358977605,2442
0.000627187349407,2443
0.000627014982941,2444
0.000626843098629,2445
0.000626671677067,2446
0.00062650074348,2447
0.000626329204533,2448
0.000626158457211,2449
0.000625986346859,2450
0.000625816787942,2451
0.00062564551481,2452
0.000625474363915,2453
0.000625304575078,2454
0.000625134577664,2455
0.000624963650868,2456
0.000624793617559,2457
0.000624623744322,2458
0.000624452785511,2459
0.000624284212245,2460
0.000624113890808,2461
0.000623944703451,2462
0.000623774597382,2463
0.000623606840963,2464
0.000623436322591,2465
0.000623269167651,2466
0.000623098918004,2467
0.000622930582419,2468
0.000622763147112,2469
0.000622595297561,2470
0.000622426521538,2471
0.000622259668307,2472
0.000622090414011,2473
0.00062192317273,2474
0.000621755743244,2475
0.000621588656213,2476
0.000621421672016,2477
0.000621253779779,2478
0.000621087890856,2479
0.000620921407244,2480
0.000620755076913,2481
0.000620588839714,2482
0.000620422972133,2483
0.000620256799933,2484
0.00062009091392,2485
0.000619924173225,2486
0.000619758889661,2487
0.000619593706991,2488
0.000619426869283,2489
0.000619263160236,2490
0.000619097044303,2491
0.000618931465821,2492
0.000618766309344,2493
0.000618601883374,2494
0.000618436344666,2495
0.000618271836235,2496
0.000618106777741,2497
0.00061794265348,2498
0.00061777815572,2499
0.000617615393518,2500
0.00061744984511,2501
0.000617286520234,2502
0.000617123595051,2503
0.000616959879214,2504
0.000616794989522,2505
0.000616631728675,2506
0.000616467968212,2507
0.00061630543205,2508
0.000616140610267,2509
0.000615977364942,2510
0.000615814093423,2511
0.000615652664176,2512
0.000615488668943,2513
0.000615326489788,2514
0.000615164567716,2515
0.000615001420374,2516
0.00061484076723,2517
0.000614677214374,2518
0.000614516777568,2519
0.000614354284092,2520
0.000614192479406,2521
0.000614031641938,2522
0.000613870588131,2523
0.000613709702156,2524
0.000613548540665,2525
0.000613387677004,2526
0.000613226792969,2527
0.000613065833265,2528
0.00061290517624,2529
0.000612745179872,2530
0.000612585291189,2531
0.000612424762221,2532
0.000612264567947,2533
0.00061210472874,2534
0.000611944160967,2535
0.000611785679939,2536
0.000611625677751,2537
0.000611466862999,2538
0.000611307865862,2539
0.000611148616493,2540
0.000610990601126,2541
0.000610830352525,2542
0.000610674330771,2543
0.000610514788423,2544
0.000610357250359,2545
0.000610200466084,2546
0.000610042441015,2547
0.000609884231623,2548
0.000609727267874,2549
0.000609571214106,2550
0.000609413194858,2551
0.00060925646006,2552
0.000609099527355,2553
0.000608942189137,2554
0.000608785374789,2555
0.000608629975856,2556
0.000608472937408,2557
0.00060831673812,2558
0.000608161375082,2559
0.000608004253202,2560
0.000607848989118,2561
0.000607692859679,2562
0.000607537066874,2563
0.000607382236437,2564
0.000607226257368,2565
0.000607071285291,2566
0.000606915876657,2567
0.000606761114129,2568
0.000606605529902,2569
0.00060645082364,2570
0.000606295194787,2571
0.000606141241345,2572
0.00060598650986,2573
0.000605832078145,2574
0.00060567650653,2575
0.000605523275832,2576
0.000605368315397,2577
0.000605214913958,2578
0.000605061086632,2579
0.000604907962649,2580
0.000604753228254,2581
0.000604600749405,2582
0.000604447438188,2583
0.00060429299095,2584
0.000604141299846,2585
0.000603988271905,2586
0.000603834854943,2587
0.000603682973694,2588
0.000603529570314,2589
0.000603377416458,2590
0.00060322440501,2591
0.000603073073823,2592
0.000602921629131,2593
0.000602768135529,2594
0.00060261785693,2595
0.00060246559248,2596
0.000602314132266,2597
0.000602161944456,2598
0.000602010706401,2599
0.000601860036841,2600
0.000601709412877,2601
0.000601558279595,2602
0.000601407674064,2603
0.000601256533992,2604
0.000601106606579,2605
0.000600957107963,2606
0.00060080573021,2607
0.000600655828991,2608
0.000600506645666,2609
0.000600356366097,2610
0.000600206439655,2611
0.000600056816863,2612
0.000599906798258,2613
0.000599758088356,2614
0.000599608194898,2615
0.00059945929,2616
0.000599310377341,2617
0.000599161643186,2618
0.000599012775153,2619
0.000598864226292,2620
0.000598715886008,2621
0.000598567677662,2622
0.00059841980401,2623
0.000598269940626,2624
0.000598122668453,2625
0.000597973971162,2626
0.000597826572872,2627
0.000597678826307,2628
0.000597530930342,2629
0.000597383308923,2630
0.000597236423831,2631
0.000597087716839,2632
0.00059694169031,2633
0.000596795179687,2634
0.000596647832814,2635
0.000596502139039,2636
0.000596353624132,2637
0.000596208282514,2638
0.000596060818255,2639
0.000595914781055,2640
0.000595768513934,2641
0.000595621846151,2642
0.000595476777138,2643
0.00059533068367,2644
0.000595184939448,2645
0.000595038471511,2646
0.000594893310335,2647
0.000594747749468,2648
0.000594602446654,2649
0.000594457223391,2650
0.000594311288053,2651
0.000594167596622,2652
0.000594021847549,2653
0.000593877177259,2654
0.000593732274137,2655
0.000593588036524,2656
0.000593443106239,2657
0.000593299301302,2658
0.000593153685137,2659
0.00059300972498,2660
0.000592866607864,2661
0.000592720713272,2662
0.000592578180173,2663
0.000592433214964,2664
0.000592290338439,2665
0.000592145415915,2666
0.000592002905129,2667
0.000591859806445,2668
0.000591716634032,2669
0.000591574145559,2670
0.000591430166969,2671
0.000591287869611,2672
0.000591144400338,2673
0.000591002460957,2674
0.000590858816092,2675
0.000590717112451,2676
0.000590574480399,2677
0.000590432560421,2678
0.000590291265204,2679
0.000590149363658,2680
0.000590007688152,2681
0.000589865688623,2682
0.00058972441863,2683
0.000589582915806,2684
0.000589441347984,2685
0.000589301187817,2686
0.000589159103887,2687
0.000589019097,2688
0.00058887884273,2689
0.000588737869596,2690
0.000588597603686,2691
0.000588457995521,2692
0.000588317309545,2693
0.000588177624741,2694
0.000588037345248,2695
0.000587897933049,2696
0.000587758217201,2697
0.000587619951693,2698
0.00058747966735,2699
0.000587340821706,2700
0.000587200476245,2701
0.000587062708413,2702
0.000586922980923,2703
0.000586784467062,2704
0.000586645886263,2705
0.000586507854556,2706
0.000586368897348,2707
0.000586231209066,2708
0.000586094303677,2709
0.000585955837353,2710
0.00058581843817,2711
0.000585680163931,2712
0.000585543635922,2713
0.00058540601652,2714
0.000585268883151,2715
0.000585132451185,2716
0.000584994536863,2717
0.000584857739159,2718
0.000584720888097,2719
0.000584584290239,2720
0.00058444760992,2721
0.000584311091613,2722
0.000584174863373,2723
0.000584038674909,2724
0.000583902312792,2725
0.000583766790805,2726
0.000583630094964,2727
0.000583494831032,2728
0.000583359516653,2729
0.000583222418209,2730
0.000583088656034,2731
0.000582953297999,2732
0.000582818494877,2733
0.000582683250347,2734
0.000582547841865,2735
0.000582414264015,2736
0.000582279523951,2737
0.000582145726851,2738
0.000582010843209,2739
0.000581876541643,2740
0.000581742192541,2741
0.00058160800836,2742
0.000581473235313,2743
0.000581340451996,2744
0.000581205227839,2745
0.000581071912893,2746
0.000580938016841,2747
0.000580803318492,2748
0.000580670227646,2749
0.000580536202566,2750
0.0005804034144,2751
0.000580269662896,2752
0.000580135651398,2753
0.000580004494986,2754
0.000579870691096,2755
0.000579738631495,2756
0.000579605136105,2757
0.000579472980462,2758
0.000579340715194,2759
0.000579207975534,2760
0.000579076917105,2761
0.00057894399506,2762
0.000578812707681,2763
0.000578680549127,2764
0.000578548814519,2765
0.000578417736688,2766
0.000578284987326,2767
0.000578155010589,2768
0.000578023470977,2769
0.000577892166136,2770
0.00057776181493,2771
0.000577631527752,2772
0.000577499168382,2773
0.000577369666037,2774
0.000577238149708,2775
0.000577106747854,2776
0.000576976365604,2777
0.000576845485678,2778
0.000576716213254,2779
0.000576585319747,2780
0.000576455956131,2781
0.000576325048072,2782
0.000576194701716,2783
0.000576066502254,2784
0.000575935685386,2785
0.000575806827207,2786
0.000575677523739,2787
0.000575548362879,2788
0.000575418462783,2789
0.000575289093346,2790
0.000575159893682,2791
0.000575031757277,2792
0.000574902499405,2793
0.000574773927413,2794
0.000574646756286,2795
0.000574517282075,2796
0.000574389272757,2797
0.000574261354632,2798
0.000574133419044,2799
0.000574005385473,2800
0.000573877170488,2801
0.000573749705412,2802
0.000573621706765,2803
0.000573494946002,2804
0.000573367707936,2805
0.000573239870331,2806
0.000573113734329,2807
0.000572985836576,2808
0.000572859244615,2809
0.000572731460367,2810
0.000572606371134,2811
0.000572478355025,2812
0.000572353275493,2813
0.000572226848453,2814
0.000572099133084,2815
0.000571973270659,2816
0.000571847526589,2817
0.000571720517473,2818
0.000571595839574,2819
0.000571468929411,2820
0.000571343187282,2821
0.000571217702236,2822
0.000571091574966,2823
0.000570965670825,2824
0.000570840328389,2825
0.000570714761852,2826
0.000570590004403,2827
0.000570462727531,2828
0.000570338602605,2829
0.00057021281973,2830
0.000570087513188,2831
0.000569961767178,2832
0.000569837378377,2833
0.000569713491132,2834
0.000569588229215,2835
0.000569463300053,2836
0.00056933821179,2837
0.000569213105094,2838
0.000569089574856,2839
0.000568963621239,2840
0.00056883872215,2841
0.000568715288925,2842
0.000568589722388,2843
0.00056846573231,2844
0.000568342282592,2845
0.0005682170556,2846
0.000568094880631,2847
0.000567970960401,2848
0.000567847372925,2849
0.000567724234619,2850
0.000567601181683,2851
0.000567478737988,2852
0.000567355034097,2853
0.000567233079346,2854
0.000567109898354,2855
0.000566988359788,2856
0.000566865001262,2857
0.000566742915544,2858
0.000566620466028,2859
0.000566498651945,2860
0.000566377017337,2861
0.000566254450435,2862
0.000566133631704,2863
0.000566011356811,2864
0.000565890269354,2865
0.000565767778122,2866
0.000565646215303,2867
0.000565526070811,2868
0.0005654040433,2869
0.000565283927911,2870
0.000565162785157,2871
0.000565043734969,2872
0.000564921528955,2873
0.00056480235944,2874
0.000564681428174,2875
0.000564560979061,2876
0.000564441249783,2877
0.000564320664853,2878
0.000564200859905,2879
0.000564080934661,2880
0.000563960688305,2881
0.00056384120932,2882
0.000563720924159,2883
0.000563601670243,2884
0.000563481728508,2885
0.000563363356438,2886
0.000563242018688,2887
0.000563125190092,2888
0.000563005609244,2889
0.000562886129289,2890
0.000562766873433,2891
0.000562648488752,2892
0.000562528753653,2893
0.000562408895348,2894
0.000562291779594,2895
0.000562171713682,2896
0.000562053218406,2897
0.00056193570878,2898
0.000561815632197,2899
0.000561699155757,2900
0.000561579767964,2901
0.000561461871257,2902
0.000561342808457,2903
0.000561225590839,2904
0.000561108441131,2905
0.000560989735338,2906
0.000560870974247,2907
0.000560754055429,2908
0.000560636787365,2909
0.000560518277537,2910
0.000560400685451,2911
0.00056028405088,2912
0.000560167209672,2913
0.000560050833155,2914
0.000559933209054,2915
0.000559817310811,2916
0.000559699775962,2917
0.000559583219001,2918
0.000559466406897,2919
0.000559350313658,2920
0.000559233834307,2921
0.000559116831088,2922
0.000559000691283,2923
0.000558883835523,2924
0.000558768672636,2925
0.000558651864412,2926
0.000558537133232,2927
0.000558421635651,2928
0.000558305138838,2929
0.000558189275519,2930
0.00055807386719,2931
0.000557959810249,2932
0.000557843022398,2933
0.000557727962344,2934
0.000557612737369,2935
0.000557497896565,2936
0.000557382801586,2937
0.000557268923149,2938
0.000557153998913,2939
0.000557037761124,2940
0.000556925648319,2941
0.000556808638309,2942
0.000556695468064,2943
0.000556581689549,2944
0.000556465646757,2945
0.000556351941971,2946
0.000556238479718,2947
0.000556123757269,2948
0.000556009133773,2949
0.000555895569657,2950
0.000555781592266,2951
0.000555667916584,2952
0.000555554590149,2953
0.000555439820164,2954
0.000555326532534,2955
0.000555213070281,2956
0.000555098894984,2957
0.00055498633883,2958
0.000554873339327,2959
0.000554760966528,2960
0.000554647155028,2961
0.000554535656314,2962
0.000554422010706,2963
0.000554310190879,2964
0.000554197877257,2965
0.00055408445672,2966
0.000553973575006,2967
0.000553861334144,2968
0.000553748284195,2969
0.000553637821577,2970
0.000553525466239,2971
0.000553414385649,2972
0.00055330254642,2973
0.000553190230858,2974
0.000553081262236,2975
0.000552968440267,2976
0.000552858300701,2977
0.000552747200709,2978
0.000552636862267,2979
0.000552525021097,2980
0.000552413822152,2981
0.000552303116031,2982
0.000552193124895,2983
0.000552082405193,2984
0.000551973791638,2985
0.000551862243447,2986
0.000551751446134,2987
0.000551641741185,2988
0.000551530408363,2989
0.00055142067043,2990
0.000551310298033,2991
0.000551201650524,2992
0.000551089722042,2993
0.00055098250062,2994
0.000550871360853,2995
0.000550762453349,2996
0.000550653715618,2997
0.000550543877762,2998
0.000550435626064,2999
0.000550325235236,3000
0.000550216797274,3001
0.00055010781798,3002
0.000549998946371,3003
0.000549890572438,3004
0.000549782971696,3005
0.000549673877928,3006
0.000549565203255,3007
0.000549457190209,3008
0.000549348146887,3009
0.000549241270831,3010
0.000549132274076,3011
0.000549023931186,3012
0.000548916053958,3013
0.000548808214565,3014
0.000548701092096,3015
0.000548592202055,3016
0.000548484050281,3017
0.000548376867664,3018
0.000548269012749,3019
0.000548161475065,3020
0.00054805392186,3021
0.000547946438504,3022
0.000547839470285,3023
0.000547732743629,3024
0.000547625177812,3025
0.000547517797289,3026
0.000547410928993,3027
0.00054730361735,3028
0.000547197453367,3029
0.000547090307615,3030
0.000546983423798,3031
0.000546877442199,3032
0.000546770644723,3033
0.000546664159629,3034
0.000546557139023,3035
0.000546450195058,3036
0.000546345202019,3037
0.000546237488743,3038
0.000546131542069,3039
0.000546024683475,3040
0.00054591941201,3041
0.000545814764337,3042
0.000545708087157,3043
0.000545602798229,3044
0.000545497154235,3045
0.000545390038557,3046
0.000545288838718,3047
0.000545180490978,3048
0.000545076334189,3049
0.000544970002375,3050
0.000544865397387,3051
0.000544761336641,3052
0.00054465571399,3053
0.000544550322229,3054
0.000544445764778,3055
0.000544341577915,3056
0.000544236736217,3057
0.000544132558086,3058
0.000544027308933,3059
0.000543924069886,3060
0.000543819016699,3061
0.000543714897746,3062
0.000543610938864,3063
0.00054350727684,3064
0.000543402376934,3065
0.00054329924266,3066
0.0005431952993,3067
0.000543091299672,3068
0.000542988048013,3069
0.000542884576134,3070
0.000542781139181,3071
0.000542677626557,3072
0.000542575893148,3073
0.000542471614123,3074
0.000542368506043,3075
0.000542265734596,3076
0.000542162171526,3077
0.000542059660074,3078
0.000541956891539,3079
0.000541852871538,3080
0.000541751358348,3081
0.000541648328848,3082
0.000541544924878,3083
0.000541442980951,3084
0.000541339679815,3085
0.000541238228713,3086
0.000541134780118,3087
0.000541032456871,3088
0.000540930878681,3089
0.000540828105295,3090
0.000540726461137,3091
0.000540623994311,3092
0.000540522270603,3093
0.000540419681541,3094
0.00054031672092,3095
0.000540215544364,3096
0.000540112762246,3097
0.000540011746731,3098
0.000539909840639,3099
0.000539807515452,3100
0.000539706118677,3101
0.000539603398647,3102
0.000539503940187,3103
0.000539400738974,3104
0.000539300531576,3105
0.000539198786525,3106
0.000539098043616,3107
0.000538996130733,3108
0.000538895520731,3109
0.000538794819537,3110
0.000538694360876,3111
0.000538591251825,3112
0.000538492244474,3113
0.000538391000009,3114
0.00053829056269,3115
0.000538189555906,3116
0.000538089004112,3117
0.000537989897809,3118
0.000537888493272,3119
0.000537788717581,3120
0.000537688868159,3121
0.000537589966552,3122
0.000537490075415,3123
0.000537391470668,3124
0.000537291561098,3125
0.00053719257606,3126
0.000537092188218,3127
0.000536994462406,3128
0.000536893334356,3129
0.000536795064302,3130
0.000536695471965,3131
0.00053659627835,3132
0.000536497712407,3133
0.000536398156934,3134
0.000536298565567,3135
0.000536201052212,3136
0.000536101296893,3137
0.000536003422652,3138
0.000535902866977,3139
0.000535806539119,3140
0.000535706661564,3141
0.000535608429345,3142
0.000535509588857,3143
0.000535410650385,3144
0.000535314166336,3145
0.000535214866977,3146
0.000535117470038,3147
0.00053501969863,3148
0.000534921094853,3149
0.000534824311035,3150
0.000534726073965,3151
0.000534629295968,3152
0.000534531659408,3153
0.000534433311744,3154
0.000534336247559,3155
0.000534238609058,3156
0.000534140264305,3157
0.000534044464196,3158
0.000533946513315,3159
0.000533849996282,3160
0.000533752429571,3161
0.000533655488592,3162
0.000533559014245,3163
0.00053346218192,3164
0.000533364064177,3165
0.000533268150563,3166
0.000533172371797,3167
0.000533075005903,3168
0.000532978838116,3169
0.000532882160041,3170
0.000532785185108,3171
0.000532689111424,3172
0.000532592534243,3173
0.000532495984226,3174
0.000532400142401,3175
0.000532302860908,3176
0.00053220676491,3177
0.000532111292705,3178
0.000532014424486,3179
0.000531919093919,3180
0.000531821750337,3181
0.000531727295796,3182
0.000531631281289,3183
0.000531535681027,3184
0.000531441557299,3185
0.000531345623313,3186
0.000531251019371,3187
0.000531156344611,3188
0.000531059810116,3189
0.000530965532137,3190
0.000530870771036,3191
0.000530775760611,3192
0.000530681070328,3193
0.000530586100649,3194
0.000530491765433,3195
0.00053039577615,3196
0.000530302453747,3197
0.000530207669362,3198
0.00053011472822,3199
0.000530019316163,3200
0.000529925193405,3201
0.000529831219076,3202
0.000529736084475,3203
0.000529641845302,3204
0.000529548018433,3205
0.000529453761798,3206
0.000529359246138,3207
0.000529266461187,3208
0.000529172095897,3209
0.000529078680362,3210
0.000528985199829,3211
0.000528890804465,3212
0.000528798177644,3213
0.00052870324774,3214
0.00052861047637,3215
0.00052851725001,3216
0.000528422949719,3217
0.000528331394889,3218
0.000528237308996,3219
0.000528145870582,3220
0.000528050616655,3221
0.000527959714721,3222
0.00052786511272,3223
0.000527773314388,3224
0.000527679431252,3225
0.00052758785993,3226
0.000527494583124,3227
0.000527401245199,3228
0.000527310200656,3229
0.000527216828777,3230
0.000527124408594,3231
0.000527032123258,3232
0.000526940489848,3233
0.000526848600324,3234
0.000526756800051,3235
0.000526665219028,3236
0.000526572528179,3237
0.0005264809782,3238
0.000526389715378,3239
0.000526296038879,3240
0.000526206131326,3241
0.000526112810864,3242
0.000526020652615,3243
0.000525930028137,3244
0.000525838317117,3245
0.000525746259761,3246
0.000525655026043,3247
0.000525563238383,3248
0.000525472512042,3249
0.000525380976615,3250
0.000525289371338,3251
0.000525199241626,3252
0.000525106897112,3253
0.000525016362856,3254
0.00052492528921,3255
0.000524834053552,3256
0.00052474225328,3257
0.000524652151701,3258
0.000524561166336,3259
0.000524470765959,3260
0.000524378431146,3261
0.000524289527675,3262
0.000524197923369,3263
0.000524107937235,3264
0.000524016679265,3265
0.000523927987282,3266
0.00052383611522,3267
0.000523746782953,3268
0.000523655534683,3269
0.00052356540012,3270
0.000523476088226,3271
0.000523385491882,3272
0.000523295179786,3273
0.000523206613919,3274
0.000523115895339,3275
0.000523026543669,3276
0.00052293613553,3277
0.000522847890776,3278
0.000522757373983,3279
0.000522670109058,3280
0.000522579763007,3281
0.00052249104192,3282
0.000522402083152,3283
0.000522312065004,3284
0.000522224405237,3285
0.000522135421246,3286
0.000522046258751,3287
0.000521958015937,3288
0.00052186853524,3289
0.000521780656224,3290
0.000521692117521,3291
0.00052160374665,3292
0.000521515628983,3293
0.00052142739296,3294
0.000521340049454,3295
0.000521251568959,3296
0.000521163947997,3297
0.000521076059279,3298
0.000520988143398,3299
0.000520900864891,3300
0.000520813444746,3301
0.000520724949699,3302
0.000520637835143,3303
0.000520550642977,3304
0.000520463633196,3305
0.00052037681938,3306
0.000520290239365,3307
0.000520202534972,3308
0.000520116195548,3309
0.000520029348748,3310
0.000519942605752,3311
0.000519854878075,3312
0.000519768702604,3313
0.00051968144835,3314
0.000519595549364,3315
0.000519508125338,3316
0.000519422193368,3317
0.000519336394306,3318
0.000519249154604,3319
0.000519162749212,3320
0.000519075363991,3321
0.000518989436872,3322
0.000518903544677,3323
0.000518815267909,3324
0.000518732037744,3325
0.000518643218675,3326
0.000518557281854,3327
0.000518471507045,3328
0.00051838408787,3329
0.000518298757379,3330
0.000518212399523,3331
0.000518126779934,3332
0.000518040377453,3333
0.000517955229346,3334
0.000517867889721,3335
0.000517783006459,3336
0.000517697341274,3337
0.000517611554824,3338
0.000517525109656,3339
0.000517440152665,3340
0.000517353236016,3341
0.00051726892901,3342
0.000517182344144,3343
0.00051709813124,3344
0.000517013594314,3345
0.000516928125095,3346
0.000516844340018,3347
0.000516757272999,3348
0.000516674739386,3349
0.000516588500856,3350
0.000516503906692,3351
0.0005164194726,3352
0.000516333656075,3353
0.000516249274369,3354
0.000516165365116,3355
0.00051608022574,3356
0.000515995548146,3357
0.000515911047114,3358
0.000515826436458,3359
0.000515742481609,3360
0.000515657903937,3361
0.000515573604692,3362
0.000515489526636,3363
0.00051540414958,3364
0.000515321919617,3365
0.000515236323311,3366
0.000515153631568,3367
0.000515068411672,3368
0.000514984833232,3369
0.000514900738684,3370
0.000514818184699,3371
0.000514732576751,3372
0.000514648934283,3373
0.000514565926278,3374
0.000514482339107,3375
0.000514399061406,3376
0.000514316331828,3377
0.00051423170759,3378
0.000514149440763,3379
0.000514066249404,3380
0.000513983348113,3381
0.000513899504828,3382
0.000513817169121,3383
0.000513733463595,3384
0.000513652102867,3385
0.000513568694199,3386
0.000513485975292,3387
0.000513404240094,3388
0.000513320372556,3389
0.000513238753774,3390
0.000513155790395,3391
0.000513073247081,3392
0.000512991085998,3393
0.000512909256698,3394
0.000512826425256,3395
0.000512745859063,3396
0.000512661788768,3397
0.000512581336079,3398
0.000512498773363,3399
0.000512416148558,3400
0.000512334954692,3401
0.00051225257436,3402
0.000512170732448,3403
0.000512090710496,3404
0.000512008134198,3405
0.000511927425396,3406
0.000511845731914,3407
0.000511764344022,3408
0.000511682489499,3409
0.000511601147203,3410
0.000511520274449,3411
0.000511438140529,3412
0.000511357217329,3413
0.000511277197317,3414
0.000511195625101,3415
0.00051111538487,3416
0.000511033898996,3417
0.000510954451359,3418
0.000510872224307,3419
0.000510792233399,3420
0.000510712451069,3421
0.000510630596546,3422
0.000510550569743,3423
0.000510470730175,3424
0.000510389523697,3425
0.000510310304041,3426
0.000510229090772,3427
0.000510148693381,3428
0.000510069600811,3429
0.00050998890656,3430
0.000509908399545,3431
0.000509829281752,3432
0.000509748571979,3433
0.000509669135984,3434
0.000509589068436,3435
0.000509508670075,3436
0.000509428692749,3437
0.000509349193696,3438
0.000509269412335,3439
0.000509189325385,3440
0.000509110126101,3441
0.000509030092508,3442
0.000508951475301,3443
0.000508872273106,3444
0.000508792627564,3445
0.000508713178958,3446
0.000508634148476,3447
0.000508555255753,3448
0.000508475630583,3449
0.000508397597393,3450
0.000508319029662,3451
0.000508239198825,3452
0.000508161645848,3453
0.000508082417461,3454
0.000508004169872,3455
0.000507924132398,3456
0.000507846806431,3457
0.000507767161859,3458
0.000507688766811,3459
0.000507609995354,3460
0.000507531472249,3461
0.000507453420626,3462
0.000507375159456,3463
0.000507296531578,3464
0.000507218502268,3465
0.000507140309977,3466
0.000507061830528,3467
0.000506984094197,3468
0.000506906363686,3469
0.000506827802747,3470
0.000506751790332,3471
0.000506671934272,3472
0.000506595391198,3473
0.000506516679889,3474
0.000506438943557,3475
0.000506360787161,3476
0.000506283832753,3477
0.000506206825958,3478
0.000506128951868,3479
0.000506052100294,3480
0.00050597442217,3481
0.00050589836513,3482
0.000505820009857,3483
0.000505743207759,3484
0.000505665601425,3485
0.000505589391105,3486
0.000505511844919,3487
0.000505433967919,3488
0.000505359129359,3489
0.000505281543398,3490
0.000505206233356,3491
0.000505128898658,3492
0.000505053188923,3493
0.000504975336177,3494
0.000504898910488,3495
0.000504823118293,3496
0.000504745735088,3497
0.000504668424643,3498
0.000504593010798,3499
0.000504516556005,3500
0.000504440290388,3501
0.000504363555228,3502
0.000504287114988,3503
0.000504210473931,3504
0.00050413517553,3505
0.000504058686784,3506
0.000503982651086,3507
0.000503906725013,3508
0.00050383033716,3509
0.000503753895949,3510
0.000503677917489,3511
0.000503601925448,3512
0.000503526319517,3513
0.000503449734727,3514
0.000503375498617,3515
0.000503300980199,3516
0.000503224471079,3517
0.000503149880872,3518
0.000503074098378,3519
0.000502998961019,3520
0.000502923775154,3521
0.000502847129246,3522
0.000502773644015,3523
0.000502697239669,3524
0.000502623820406,3525
0.000502547682845,3526
0.000502472744362,3527
0.000502398696456,3528
0.000502323078884,3529
0.000502249252168,3530
0.000502174036228,3531
0.000502098190676,3532
0.000502024387242,3533
0.000501948471841,3534
0.000501874527739,3535
0.000501799759028,3536
0.00050172576739,3537
0.000501650580554,3538
0.000501576099972,3539
0.000501500435833,3540
0.000501427072838,3541
0.000501351856898,3542
0.000501277552879,3543
0.000501203083938,3544
0.000501129507514,3545
0.000501055654604,3546
0.000500981137156,3547
0.000500907350215,3548
0.000500835221222,3549
0.000500760133339,3550
0.000500686829522,3551
0.000500612701095,3552
0.000500540119053,3553
0.000500465723841,3554
0.000500391292735,3555
0.000500319383961,3556
0.000500245005242,3557
0.00050017243484,3558
0.000500098875879,3559
0.000500026204584,3560
0.000499952929871,3561
0.000499879996642,3562
0.000499806887819,3563
0.000499733411319,3564
0.000499660278244,3565
0.000499587882465,3566
0.00049951543333,3567
0.000499441931606,3568
0.000499369789031,3569
0.000499296321262,3570
0.000499224604573,3571
0.000499152256331,3572
0.000499079585037,3573
0.000499007566638,3574
0.000498935438615,3575
0.000498862639264,3576
0.000498790930336,3577
0.000498718641272,3578
0.00049864659765,3579
0.000498575301996,3580
0.000498502964426,3581
0.000498430367831,3582
0.000498359075088,3583
0.00049828767466,3584
0.00049821572029,3585
0.000498144336355,3586
0.000498073499572,3587
0.000498001371549,3588
0.000497929710158,3589
0.000497857937201,3590
0.000497788201513,3591
0.000497715407012,3592
0.000497644720599,3593
0.000497573718894,3594
0.000497501248416,3595
0.0004974311499,3596
0.000497359821262,3597
0.000497288139498,3598
0.000497218643432,3599
0.000497146210788,3600
0.000497077250232,3601
0.000497005502499,3602
0.000496934562883,3603
0.000496864622498,3604
0.000496792506116,3605
0.000496722820875,3606
0.000496652766014,3607
0.00049658138887,3608
0.000496510583131,3609
0.00049644181175,3610
0.000496370774151,3611
0.000496300839586,3612
0.000496230880769,3613
0.000496160746358,3614
0.000496090751646,3615
0.000496021071255,3616
0.00049594968732,3617
0.000495880514306,3618
0.000495810810632,3619
0.000495741036138,3620
0.000495672267668,3621
0.000495602577575,3622
0.000495532058994,3623
0.000495464271323,3624
0.000495394932417,3625
0.000495325496498,3626
0.00049525629341,3627
0.000495187506507,3628
0.000495118811765,3629
0.000495049815315,3630
0.000494980342531,3631
0.000494912353073,3632
0.000494841971279,3633
0.000494773764513,3634
0.000494705075592,3635
0.000494636895019,3636
0.000494566721803,3637
0.000494499537551,3638
0.000494429834847,3639
0.00049436208792,3640
0.000494292653942,3641
0.000494224812913,3642
0.000494156416001,3643
0.000494088126773,3644
0.00049402108804,3645
0.000493952062485,3646
0.000493883814003,3647
0.000493815989466,3648
0.000493747870011,3649
0.00049368024435,3650
0.000493612046315,3651
0.000493545085192,3652
0.000493476491344,3653
0.000493409327464,3654
0.000493340948015,3655
0.000493274786277,3656
0.000493206010045,3657
0.000493138775346,3658
0.000493071221475,3659
0.000493002863368,3660
0.000492936669616,3661
0.000492868354195,3662
0.00049280031817,3663
0.000492733943975,3664
0.000492666151452,3665
0.00049259957935,3666
0.000492531603474,3667
0.000492465618299,3668
0.000492399201418,3669
0.00049233144091,3670
0.000492264846495,3671
0.000492197532246,3672
0.000492131112454,3673
0.000492064458861,3674
0.000491998172947,3675
0.000491930942129,3676
0.000491863624969,3677
0.000491798121948,3678
0.000491731605143,3679
0.000491665290125,3680
0.000491598408553,3681
0.000491532198309,3682
0.000491465796949,3683
0.000491400406463,3684
0.000491333775183,3685
0.000491268822225,3686
0.000491203131969,3687
0.000491136325096,3688
0.000491070505814,3689
0.000491005074582,3690
0.000490938362782,3691
0.000490872818045,3692
0.000490806653397,3693
0.000490740656581,3694
0.000490675291318,3695
0.000490609834863,3696
0.000490544231919,3697
0.000490480759375,3698
0.000490413676986,3699
0.000490351092109,3700
0.000490283632341,3701
0.000490219211012,3702
0.000490154199845,3703
0.000490088876298,3704
0.000490023672076,3705
0.000489958551285,3706
0.000489892833866,3707
0.000489828226273,3708
0.000489763603158,3709
0.000489698377593,3710
0.000489634269616,3711
0.000489568524063,3712
0.000489504740108,3713
0.000489439092538,3714
0.000489374955456,3715
0.000489311228739,3716
0.000489245256176,3717
0.000489182607271,3718
0.000489116598813,3719
0.00048905267807,3720
0.000488989712903,3721
0.000488924260329,3722
0.000488860733458,3723
0.000488796530408,3724
0.000488731538644,3725
0.000488667978789,3726
0.000488603502163,3727
0.000488539974322,3728
0.000488476492076,3729
0.000488411380017,3730
0.0004883468966,3731
0.000488283064139,3732
0.000488220183373,3733
0.000488155700926,3734
0.00048809297247,3735
0.000488028442487,3736
0.000487965464708,3737
0.000487901551727,3738
0.000487837736728,3739
0.000487775304161,3740
0.000487710905145,3741
0.000487647311335,3742
0.000487583893118,3743
0.000487521926213,3744
0.000487457667865,3745
0.000487394387407,3746
0.000487331220453,3747
0.00048726737538,3748
0.00048720590615,3749
0.000487142467561,3750
0.000487079740075,3751
0.000487016227756,3752
0.000486953656461,3753
0.000486891141433,3754
0.00048682798127,3755
0.000486765501167,3756
0.000486702927932,3757
0.000486640736926,3758
0.000486576095379,3759
0.00048651623656,3760
0.000486451522253,3761
0.000486390840767,3762
0.000486327974553,3763
0.000486265110279,3764
0.000486202697114,3765
0.000486141145423,3766
0.00048607851301,3767
0.000486016457823,3768
0.000485953940855,3769
0.000485892151482,3770
0.000485830552255,3771
0.000485768777435,3772
0.000485706696054,3773
0.000485645203541,3774
0.000485582830152,3775
0.000485521674273,3776
0.000485460438843,3777
0.000485398689246,3778
0.000485337497472,3779
0.000485276647184,3780
0.000485214670577,3781
0.000485153441938,3782
0.000485091594358,3783
0.000485030514149,3784
0.000484969372822,3785
0.000484907776505,3786
0.000484846891292,3787
0.000484786864642,3788
0.000484725095642,3789
0.000484663633203,3790
0.000484602783884,3791
0.000484542132472,3792
0.000484481735233,3793
0.000484420352344,3794
0.000484360537181,3795
0.000484298382071,3796
0.000484238707577,3797
0.000484177636099,3798
0.000484117987799,3799
0.000484056095593,3800
0.000483996978922,3801
0.000483935167237,3802
0.000483874524555,3803
0.000483814856852,3804
0.00048375398037,3805
0.000483694278713,3806
0.000483633501184,3807
0.000483573031185,3808
0.000483513901903,3809
0.000483453215566,3810
0.000483391653203,3811
0.000483332635486,3812
0.00048327142819,3813
0.000483211564521,3814
0.000483152284869,3815
0.00048309143264,3816
0.00048303315804,3817
0.00048297199246,3818
0.000482912846686,3819
0.000482853131446,3820
0.000482793624784,3821
0.000482734169539,3822
0.000482673001049,3823
0.000482614436381,3824
0.000482553361023,3825
0.000482494739117,3826
0.000482434568888,3827
0.000482374819694,3828
0.000482316217191,3829
0.000482256266211,3830
0.000482197304761,3831
0.000482137227664,3832
0.000482078651354,3833
0.000482019246556,3834
0.00048195895118,3835
0.000481900096444,3836
0.000481841883933,3837
0.000481782010562,3838
0.000481724145357,3839
0.000481664277807,3840
0.00048160640581,3841
0.00048154690885,3842
0.000481488778799,3843
0.000481429770783,3844
0.000481371803714,3845
0.000481313157555,3846
0.00048125431155,3847
0.000481195999115,3848
0.000481138343457,3849
0.000481078092707,3850
0.000481021304343,3851
0.000480961955812,3852
0.000480904264259,3853
0.000480845453179,3854
0.000480787104849,3855
0.000480728558614,3856
0.000480670836987,3857
0.000480612301423,3858
0.000480555201648,3859
0.000480495797819,3860
0.000480437338895,3861
0.000480379791892,3862
0.000480321159315,3863
0.000480262855611,3864
0.000480205293085,3865
0.000480147476386,3866
0.00048008983916,3867
0.000480030446973,3868
0.000479973786666,3869
0.000479915509156,3870
0.000479858448186,3871
0.000479800086274,3872
0.000479741898016,3873
0.000479685423973,3874
0.000479626241334,3875
0.000479569062009,3876
0.000479510021008,3877
0.000479454121281,3878
0.000479394872673,3879
0.000479338115353,3880
0.000479280136642,3881
0.000479222808887,3882
0.000479166026344,3883
0.00047910764406,3884
0.000479050764504,3885
0.000478992161031,3886
0.000478935878103,3887
0.000478877192169,3888
0.000478820768573,3889
0.000478763499026,3890
0.000478706658275,3891
0.000478650730414,3892
0.000478592629467,3893
0.000478536294152,3894
0.000478479715336,3895
0.000478422890107,3896
0.000478365972716,3897
0.000478308758466,3898
0.000478251973012,3899
0.000478195032338,3900
0.000478138630084,3901
0.000478082026045,3902
0.000478024843809,3903
0.000477969097362,3904
0.000477910727689,3905
0.000477854977362,3906
0.000477799173677,3907
0.00047774266374,3908
0.000477686177085,3909
0.000477630099825,3910
0.00047757307669,3911
0.000477518186866,3912
0.000477460597176,3913
0.00047740539206,3914
0.000477348649292,3915
0.000477293656634,3916
0.000477236211494,3917
0.00047718025744,3918
0.000477125635371,3919
0.000477068403658,3920
0.000477012810491,3921
0.000476958216556,3922
0.000476901579532,3923
0.000476844988104,3924
0.000476788833233,3925
0.000476733702817,3926
0.000476677230715,3927
0.000476622539766,3928
0.000476565732,3929
0.000476510588002,3930
0.000476455230576,3931
0.000476398920485,3932
0.000476344182001,3933
0.000476289361056,3934
0.000476232632839,3935
0.000476177937041,3936
0.000476122748417,3937
0.000476067404573,3938
0.000476011935583,3939
0.000475957838353,3940
0.000475902067653,3941
0.000475847241857,3942
0.000475790723188,3943
0.000475736146715,3944
0.000475681299577,3945
0.000475624714939,3946
0.000475570740916,3947
0.000475515429086,3948
0.000475460826419,3949
0.000475406030697,3950
0.000475352051823,3951
0.000475297087299,3952
0.00047524117399,3953
0.000475187013702,3954
0.000475132200518,3955
0.000475077351439,3956
0.000475022402437,3957
0.000474967650371,3958
0.000474913507545,3959
0.000474859133828,3960
0.000474803634764,3961
0.000474750662882,3962
0.000474695189041,3963
0.000474641563293,3964
0.000474586777273,3965
0.000474533676364,3966
0.000474477991035,3967
0.000474425538171,3968
0.000474369890677,3969
0.000474316590892,3970
0.000474260582511,3971
0.000474208638965,3972
0.000474152435587,3973
0.000474099532585,3974
0.000474043837554,3975
0.000473990379639,3976
0.000473936488076,3977
0.00047388318247,3978
0.000473828178171,3979
0.000473774677569,3980
0.000473721482558,3981
0.000473666922577,3982
0.000473613631524,3983
0.000473560366663,3984
0.000473505525345,3985
0.000473452599059,3986
0.000473398759884,3987
0.000473345870463,3988
0.000473291140709,3989
0.000473238852768,3990
0.000473184109433,3991
0.000473131430529,3992
0.000473077974554,3993
0.000473024277017,3994
0.000472970418438,3995
0.000472917281634,3996
0.000472863610291,3997
0.000472810370654,3998
0.000472757198925,3999
0.000472704934267,4000
